date,open,high,low,close,volume
2019-09-11,10.15,10.15,9.91,9.91,1800
2019-09-13,9.92,10.48,9.92,9.92,5402
2019-09-20,9.95,9.95,9.95,9.95,50000
2019-10-02,10.15,10.15,10.15,10.15,5000
2019-10-07,10.05,10.05,10.05,10.05,800000
2019-10-08,10.1,10.1,10.1,10.1,1000
2019-10-09,10.1,10.12,10.1,10.11,64356
2019-10-16,10.0,10.0,10.0,10.0,149996
2019-10-18,10.0,10.1,10.0,10.1,686056
2019-10-22,10.15,10.15,10.15,10.15,500
2019-10-24,10.2,10.201,10.145,10.16,5749
2019-10-29,10.39,10.39,10.13,10.13,3145
2019-10-30,10.15,10.15,10.15,10.15,70000
2019-10-31,10.285,10.38,10.285,10.38,1000
2019-11-05,10.3,10.3,10.3,10.3,500
2019-11-25,10.27,10.27,10.2,10.2,400100
2019-11-26,10.25,10.25,10.25,10.25,700
2019-11-29,10.47,10.47,10.47,10.47,100
2019-12-10,10.475,10.475,10.4,10.475,5000
2019-12-16,10.35,10.35,10.35,10.35,100
2019-12-17,10.3,10.3,10.3,10.3,100
2019-12-20,10.4,10.4,10.4,10.4,100
2020-01-08,10.9,10.9,10.9,10.9,101
2020-01-09,10.65,10.65,10.58,10.58,251000
2020-01-10,10.9,11.0,10.59,10.59,5900
2020-01-13,10.65,10.75,10.65,10.7,32620
2020-01-14,10.65,10.7,10.65,10.7,11500
2020-01-16,10.8,11.0,10.8,11.0,244
2020-01-17,10.75,10.94,10.6,10.6,130300
2020-01-21,10.85,10.85,10.75,10.75,26103
2020-01-27,10.8,10.8,10.8,10.8,100
2020-01-28,10.8,10.8,10.8,10.8,158360
2020-02-05,10.775,10.775,10.775,10.775,25004
2020-02-12,10.85,10.85,10.8,10.8,1116
2020-02-13,10.8,10.8,10.7,10.7,1001
2020-02-18,10.79,10.8,10.79,10.8,407591
2020-02-19,10.8316,10.9,10.8316,10.9,208
2020-02-20,10.87,10.87,10.87,10.87,463
2020-02-21,10.85,10.85,10.7,10.8,2411
2020-02-24,10.6,11.0,10.6,11.0,50713
2020-02-25,11.0,11.65,10.95,10.95,221897
2020-02-26,11.0,11.19,10.95,10.95,152816
2020-02-27,11.18,11.18,11.17,11.18,774
2020-03-02,10.6,11.59,10.6,11.09,118069
2020-03-04,11.09,11.1,11.09,11.1,817
2020-03-09,11.16,11.16,11.16,11.16,208
2020-03-12,11.0,11.0,11.0,11.0,202
2020-03-13,11.0,11.0,11.0,11.0,203
2020-03-16,10.59,11.25,10.05,10.68,12549
2020-03-17,10.24,10.415,10.2,10.415,901
2020-03-23,9.4,10.0,9.4,10.0,242247
2020-03-31,10.72,10.77,9.76,9.9,375518
2020-04-07,9.96,9.96,9.96,9.96,140
2020-04-14,9.98,9.98,9.98,9.98,1000
2020-04-20,10.15,10.15,10.15,10.15,25000
2020-04-21,10.22,10.22,10.22,10.22,100001
2020-04-24,10.25,10.25,10.25,10.25,100001
2020-04-28,10.5134,10.5134,10.5134,10.5134,200
2020-04-30,10.65,10.65,10.65,10.65,5000
2020-05-01,10.4,10.4,10.4,10.4,100
2020-05-04,10.25,10.45,10.25,10.45,75100
2020-05-06,10.45,10.45,10.45,10.45,100
2020-05-07,10.3,10.4,10.3,10.3,1426913
2020-05-08,10.35,10.35,10.35,10.35,450000
2020-05-12,10.65,10.75,10.6,10.6,66012
2020-05-13,10.6,10.8,10.5,10.8,42412
2020-05-14,10.61,10.65,10.61,10.65,400
2020-05-18,10.55,10.6,10.55,10.6,302
2020-05-19,10.35,10.35,10.35,10.35,100
2020-05-20,10.75,10.75,10.3,10.6,26900
2020-05-21,10.84,10.84,10.6,10.6,200
2020-05-22,10.32,10.6,10.32,10.6,300
2020-05-27,10.35,10.59,10.35,10.59,1313411
2020-05-28,10.5,10.6,10.4994,10.51,28800
2020-05-29,10.64,10.78,10.64,10.78,3740
2020-06-01,10.7,10.85,10.68,10.84,428053
2020-06-02,10.79,10.85,10.79,10.85,9453
2020-06-04,10.6,10.8,10.6,10.6,5811
2020-06-05,10.79,10.9,10.62,10.85,180885
2020-06-08,10.78,11.15,10.6,10.74,48632
2020-06-09,10.75,11.23,10.75,11.15,200618
2020-06-10,10.94,11.165,10.6806,11.165,379541
2020-06-11,10.96,11.23,10.96,11.23,706
2020-06-12,11.19,11.19,10.6101,11.12,100622
2020-06-15,10.8,11.34,10.8,11.34,138802
2020-06-16,11.23,11.3,10.98,11.26,101076
2020-06-18,11.23,11.23,11.0,11.07,14441
2020-06-19,11.1,11.1,11.1,11.1,5652
2020-06-22,11.05,11.1,11.02,11.1,11421
2020-06-23,11.13,11.14,11.01,11.08,56973
2020-06-24,11.0,11.0,11.0,11.0,281
2020-06-25,11.06,11.15,11.06,11.15,53284
2020-06-26,11.05,11.2,11.05,11.1,6059
2020-06-29,11.1,11.13,11.0,11.05,79671
2020-06-30,11.1,11.15,11.02,11.05,28525
2020-07-01,11.05,11.23,11.0199,11.15,133048
2020-07-02,11.23,11.35,11.2,11.3,150485
2020-07-06,11.3499,12.08,11.085,11.99,109489
2020-07-07,11.8,11.8,11.175,11.295,431660
2020-07-08,11.29,11.36,11.1,11.28,77730
2020-07-09,11.33,11.35,11.25,11.35,14032
2020-07-10,11.35,11.35,11.15,11.3,69506
2020-07-13,11.34,11.49,11.19,11.37,40566
2020-07-14,11.37,11.73,11.25,11.25,19006
2020-07-15,11.27,11.4734,11.125,11.2,108427
2020-07-16,11.34,11.8282,11.18,11.3,65099
2020-07-17,11.4,11.423,11.3,11.35,8997
2020-07-20,11.3501,11.525,11.35,11.51,7186
2020-07-21,11.4601,11.6,11.4601,11.6,1917
2020-07-22,11.57,11.57,11.35,11.4,34441
2020-07-23,11.42,11.42,11.31,11.35,29933
2020-07-24,11.31,11.325,11.23,11.26,3298
2020-07-27,11.22,11.44,11.22,11.31,7418
2020-07-28,11.4,11.47,11.28,11.28,2449
2020-07-29,11.3813,11.3813,11.0,11.08,67726
2020-07-30,11.08,11.2,11.02,11.15,64521
2020-07-31,11.1473,11.1473,10.9899,11.0,85988
2020-08-03,10.91,11.025,10.91,10.96,4886
2020-08-04,11.1204,11.1204,10.915,10.97,1516
2020-08-05,11.02,11.02,10.9782,10.99,2433
2020-08-06,10.86,10.88,10.84,10.85,3013
2020-08-07,10.8999,10.8999,10.7,10.85,11548
2020-08-10,10.88,10.89,10.72,10.72,9146
2020-08-11,10.75,10.9,10.75,10.8,9339
2020-08-12,10.85,10.9,10.8,10.84,2624
2020-08-13,10.8,10.9,10.7,10.775,45698
2020-08-14,10.89,10.89,10.57,10.57,9411
2020-08-17,10.65,10.9699,10.6,10.61,58720
2020-08-18,11.0,11.0,10.69,10.69,1057
2020-08-19,10.8532,10.8532,10.55,10.71,54551
2020-08-20,10.71,10.7999,10.56,10.65,7615
2020-08-21,10.6,10.9,10.6,10.8755,12229
2020-08-24,10.9,10.9,10.71,10.71,2282
2020-08-25,10.78,10.85,10.73,10.73,8762
2020-08-26,10.75,10.75,10.7,10.725,19104
2020-08-27,10.72,10.72,10.675,10.7,15002
2020-08-28,10.65,10.7,10.53,10.53,76432
2020-08-31,10.6,10.85,10.5,10.6,84263
2020-09-01,10.74,10.74,10.6,10.7,93988
2020-09-02,10.72,10.84,10.665,10.84,58527
2020-09-03,10.84,10.91,10.818,10.9,12606
2020-09-04,10.93,10.93,10.84,10.88,52649
2020-09-08,10.95,11.0,10.22,10.42,6256294
2020-09-09,10.59,10.59,10.27,10.42,826035
2020-09-10,10.51,10.51,10.27,10.38,678206
2020-09-11,10.47,10.48,10.2,10.25,489445
2020-09-14,10.37,10.44,10.15,10.21,564741
2020-09-15,10.21,10.35,10.15,10.24,1824499
2020-09-16,10.28,10.305,10.244,10.25,167222
2020-09-17,10.28,10.2983,10.2,10.2108,11036
2020-09-18,10.24,10.25,10.21,10.25,69982
2020-09-21,10.25,10.3,10.2,10.22,139631
2020-09-22,10.22,10.2382,10.15,10.22,344117
2020-09-23,10.26,10.3,10.13,10.1575,757327
2020-09-24,10.14,10.2024,10.14,10.19,509671
2020-09-25,10.2,10.2,10.16,10.2,9305
2020-09-28,10.28,10.3,10.1201,10.24,806476
2020-09-29,10.3,10.3,10.19,10.19,313250
2020-09-30,10.14,10.2888,10.14,10.16,120680
2020-10-01,10.2,10.24,10.1232,10.17,898673
2020-10-02,10.17,10.19,10.12,10.18,89179
2020-10-05,10.22,10.22,10.05,10.06,823371
2020-10-06,10.13,10.13,10.02,10.02,203180
2020-10-07,10.1,10.15,10.02,10.04,1480958
2020-10-08,10.06,10.1,10.02,10.06,1572118
2020-10-09,10.1,10.1,10.04,10.05,141416
2020-10-12,10.09,10.09,9.83,10.01,367767
2020-10-13,10.07,10.07,9.99,10.05,1754861
2020-10-14,10.02,10.1,9.98,10.02,117397
2020-10-15,10.0,10.02,9.995,10.01,1379220
2020-10-16,10.02,10.02,10.0,10.02,1302865
2020-10-19,10.02,10.06,10.02,10.06,498534
2020-10-20,10.05,10.06,10.03,10.04,1033161
2020-10-21,10.02,10.06,10.01,10.05,1145635
2020-10-22,10.02,10.03,9.96,10.03,8574
2020-10-23,10.04,10.04,9.82,9.84,47258
2020-10-26,9.8214,9.8214,9.47,9.58,57783
2020-10-27,9.75,9.83,8.66,8.66,134158
2020-10-28,8.63,9.97,8.05,8.86,252240
2020-10-29,9.6989,9.8105,9.03,9.5,117519
2020-10-30,9.68,9.7,8.62,8.99,118195
2020-11-02,9.25,9.72,8.6,8.78,341589
2020-11-03,8.92,9.145,7.89,8.3,363959
2020-11-04,8.37,8.8452,8.0,8.21,233205
2020-11-05,8.41,8.885,8.16,8.35,261696
2020-11-06,8.34,9.01,8.16,8.74,358562
2020-11-09,8.87,10.18,8.78,8.88,440762
2020-11-10,8.84,9.71,8.63,8.7,91086
2020-11-11,8.76,9.135,8.735,8.79,609856
2020-11-12,8.75,9.99,8.55,9.92,752149
2020-11-13,10.4,10.4,9.72,10.24,2308155
2020-11-16,9.97,10.435,9.97,10.26,301052
2020-11-17,10.49,10.49,9.775,9.97,193343
2020-11-18,10.01,10.235,9.82,9.93,140715
2020-11-19,9.89,10.16,9.47,9.82,80736
2020-11-20,9.8,10.05,9.6,9.9,289242
2020-11-23,9.9,10.14,9.685,10.13,136067
2020-11-24,10.13,11.11,10.12,10.5,272601
2020-11-25,10.42,10.685,10.25,10.35,109348
2020-11-27,10.43,10.48,10.06,10.42,111856
2020-11-30,10.32,10.75,10.24,10.51,159472
2020-12-01,10.54,10.94,10.31,10.58,137065
2020-12-02,10.54,10.6,10.23,10.29,193737
2020-12-03,10.31,10.81,10.21,10.58,307676
2020-12-04,10.66,11.03,10.4,10.95,547706
2020-12-07,11.01,11.46,10.81,11.07,981110
2020-12-08,10.89,11.9,10.88,11.49,799841
2020-12-09,11.5,11.91,11.16,11.53,768378
2020-12-10,11.42,11.96,11.37,11.4,1204147
2020-12-11,11.77,12.16,11.39,11.48,1257794
2020-12-14,11.56,12.57,11.37,11.66,2605399
2020-12-15,11.67,12.0605,11.365,11.69,1539772
2020-12-16,11.75,12.2,11.57,11.78,3317479
2020-12-17,11.78,12.75,10.61,12.31,3235594
2020-12-18,12.22,13.4,12.22,12.72,7745651
2020-12-21,12.7,13.49,12.36,13.46,3253026
2020-12-22,13.46,13.69,13.09,13.54,2567512
2020-12-23,13.39,13.9,13.19,13.5,1194466
2020-12-24,13.54,13.58,13.26,13.34,125780
2020-12-28,13.37,13.47,13.0,13.24,624810
2020-12-29,13.2,13.495,13.01,13.14,1000536
2020-12-30,13.18,13.5,13.09,13.29,594709
2020-12-31,13.31,13.92,13.06,13.17,872881
2021-01-04,13.22,13.66,12.9,13.33,2458004
2021-01-05,13.19,13.6899,13.08,13.18,1169996
2021-01-06,13.17,13.78,12.84,13.05,1177693
2021-01-07,12.93,13.365,12.6288,13.07,865738
2021-01-08,13.07,13.63,12.82,12.92,863877
2021-01-11,12.83,12.83,12.36,12.39,903816
2021-01-12,12.5,13.02,12.23,12.4,658439
2021-01-13,12.45,12.78,12.31,12.6,1932918
2021-01-14,12.67,12.87,12.04,12.26,227702
2021-01-15,12.26,12.38,11.93,12.27,345495
2021-01-19,12.4,12.44,11.67,11.83,447999
2021-01-20,11.87,11.955,11.44,11.53,463913
2021-01-21,11.52,11.65,11.33,11.39,331637
2021-01-22,11.39,11.48,11.17,11.22,112456
2021-01-25,11.24,11.4,10.72,10.82,445503
2021-01-26,10.86,11.25,10.43,10.48,818118
2021-01-27,10.43,10.65,9.64,9.65,705423
2021-01-28,9.75,10.19,9.75,10.07,1002698
2021-01-29,10.05,10.3012,9.62,9.78,571247
2021-02-01,9.87,10.13,9.62,9.7,851309
2021-02-02,9.81,10.02,9.61,9.85,504256
2021-02-03,9.76,10.0,9.76,9.87,406660
2021-02-04,10.0,10.1284,9.65,10.0,736343
2021-02-05,10.07,10.23,9.9,10.03,811772
2021-02-08,10.14,10.424,10.07,10.24,909303
2021-02-09,10.28,10.49,10.0,10.1,813550
2021-02-10,10.16,10.36,9.9,10.0,786201
2021-02-11,10.01,10.05,9.69,9.85,671488
2021-02-12,9.85,10.04,9.85,10.0,514134
2021-02-16,10.21,10.31,9.86,10.0,678052
2021-02-17,10.01,10.41,9.9636,10.08,878113
2021-02-18,10.08,10.3899,9.94,10.05,572606
2021-02-19,10.1,10.15,9.98,10.05,578394
2021-02-22,10.02,10.12,9.54,9.58,261687
2021-02-23,9.34,9.53,9.34,9.48,346588
2021-02-24,9.54,9.86,9.45,9.68,385370
2021-02-25,9.63,9.86,9.1,9.14,439374
2021-02-26,9.23,9.34,8.87,9.05,374972
2021-03-01,9.12,9.46,9.1,9.35,596260
2021-03-02,9.47,9.47,9.2,9.39,579031
2021-03-03,9.37,9.78,9.1,9.2,815849
2021-03-04,9.16,9.22,8.4,8.97,745936
2021-03-05,9.06,9.18,8.65,9.13,1085103
2021-03-08,9.04,9.58,9.04,9.22,566582
2021-03-09,9.29,9.5,9.1,9.47,323336
2021-03-10,9.49,9.75,9.41,9.6,178378
2021-03-11,9.65,9.78,9.58,9.76,235578
2021-03-12,9.68,10.0,9.6,9.91,206153
2021-03-15,9.91,10.17,9.73,10.07,364543
2021-03-16,10.01,10.24,9.65,9.95,350445
2021-03-17,9.94,10.23,9.69,10.05,862871
2021-03-18,10.0,10.9,9.9836,10.67,781844
2021-03-19,10.85,11.169,10.68,10.8,843034
2021-03-22,10.92,11.04,10.68,10.96,1458353
2021-03-23,11.63,12.85,11.37,11.72,2145038
2021-03-24,11.82,12.0,11.01,11.87,776515
2021-03-25,11.76,11.99,11.39,11.97,494606
2021-03-26,11.95,12.0,11.62,11.84,265690
2021-03-29,11.84,12.0,11.7,11.76,189549
2021-03-30,11.67,11.88,11.52,11.85,240795
2021-03-31,11.88,12.06,11.76,11.81,334638
2021-04-01,11.68,12.17,11.68,12.01,323585
2021-04-05,12.18,12.455,11.85,12.39,404604
2021-04-06,12.25,12.58,11.9437,12.49,1099680
2021-04-07,12.57,12.61,12.36,12.55,521337
2021-04-08,12.59,12.86,12.47,12.84,383588
2021-04-09,12.84,12.97,12.65,12.89,419533
2021-04-12,12.91,13.0,12.45,12.97,302850
2021-04-13,12.96,12.96,12.56,12.96,399546
2021-04-14,12.89,13.11,12.71,12.77,328357
2021-04-15,12.89,12.97,12.65,12.8,268645
2021-04-16,12.79,13.11,12.61,13.06,174443
2021-04-19,12.99,13.12,12.85,12.87,214761
2021-04-20,12.85,12.95,12.48,12.57,264810
2021-04-21,12.38,12.68,12.15,12.51,555075
2021-04-22,12.56,12.95,12.4,12.78,295721
2021-04-23,12.74,13.07,12.7251,12.94,403336
2021-04-26,12.94,13.04,11.93,12.76,443833
2021-04-27,12.74,12.92,12.52,12.79,311007
2021-04-28,12.87,13.22,12.67,12.79,371617
2021-04-29,12.81,12.95,12.61,12.91,372336
2021-04-30,12.78,12.97,12.77,12.81,239066
2021-05-03,12.82,12.97,12.72,12.89,582012
2021-05-04,12.88,12.95,12.24,12.59,278596
2021-05-05,12.61,12.83,12.45,12.67,305724
2021-05-06,12.73,12.97,12.56,12.96,276889
2021-05-07,13.0,13.16,12.81,12.96,256881
2021-05-10,12.92,12.92,11.96,12.07,544587
2021-05-11,12.07,12.68,11.61,12.47,396578
2021-05-12,12.28,12.56,11.95,12.2,429246
2021-05-13,12.32,12.45,11.81,12.05,452690
2021-05-14,12.08,12.42,12.06,12.24,160058
2021-05-17,12.28,12.51,12.14,12.31,201941
2021-05-18,12.27,12.4,12.05,12.21,356706
2021-05-19,12.19,12.37,11.99,12.11,226733
2021-05-20,12.11,12.6,12.03,12.22,352094
2021-05-21,12.18,12.4,12.12,12.36,208532
2021-05-24,12.39,12.76,12.26,12.66,395141
2021-05-25,12.66,12.8,12.17,12.24,364598
2021-05-26,12.24,12.52,12.12,12.2,305843
2021-05-27,12.31,12.51,12.15,12.46,889564
2021-05-28,12.42,12.66,12.36,12.6,348127
2021-06-01,12.76,12.89,12.4,12.86,296306
2021-06-02,12.84,12.88,12.5,12.56,667127
2021-06-03,12.49,12.75,12.31,12.6,584215
2021-06-04,12.63,12.77,12.41,12.54,280460
2021-06-07,12.48,12.6,12.35,12.38,568655
2021-06-08,12.45,12.55,12.39,12.45,652953
2021-06-09,12.39,12.4,12.21,12.35,258074
2021-06-10,12.3,12.45,12.16,12.38,179268
2021-06-11,12.37,12.42,12.2,12.21,165489
2021-06-14,12.22,12.35,12.16,12.24,295880
2021-06-15,12.27,12.39,12.07,12.13,172995
2021-06-16,12.17,12.3,11.95,11.96,240139
2021-06-17,11.96,12.26,11.79,11.94,369544
2021-06-18,11.88,11.89,11.39,11.56,818448
2021-06-21,11.65,11.845,11.57,11.75,546721
2021-06-22,11.69,11.89,11.58,11.6,1133971
2021-06-23,11.55,11.79,11.47,11.64,385868
2021-06-24,11.64,11.87,11.43,11.52,597677
2021-06-25,11.45,11.75,11.1,11.33,13005420
2021-06-28,11.26,11.31,10.6,10.78,919394
2021-06-29,10.78,10.85,10.43,10.46,726493
2021-06-30,10.38,10.83,10.26,10.79,1139049
2021-07-01,10.81,10.84,10.43,10.5,375984
2021-07-02,10.52,10.58,10.27,10.45,310195
2021-07-06,10.44,10.49,10.05,10.2,385251
2021-07-07,10.3,10.65,9.85,10.26,469823
2021-07-08,10.15,10.35,10.04,10.08,370472
2021-07-09,10.11,10.37,10.07,10.29,337090
2021-07-12,10.27,10.55,10.12,10.44,1055026
2021-07-13,10.39,10.45,10.15,10.26,422337
2021-07-14,10.3,10.35,10.04,10.08,217152
2021-07-15,10.39,10.39,9.97,10.14,218896
2021-07-16,10.18,10.32,10.03,10.21,339012
2021-07-19,10.305,10.305,9.86,10.03,432720
2021-07-20,10.06,10.405,9.99,10.25,523149
2021-07-21,10.545,10.545,10.28,10.45,318077
2021-07-22,10.49,10.53,10.25,10.31,227850
2021-07-23,10.4,10.4,10.2,10.28,135546
2021-07-26,10.34,10.54,10.09,10.22,398572
2021-07-27,10.17,10.41,10.1,10.2,839218
2021-07-28,10.26,10.33,10.12,10.22,1054386
2021-07-29,10.3,10.39,10.17,10.21,817074
2021-07-30,10.13,10.21,9.78,9.78,286434
2021-08-02,9.81,9.93,9.64,9.78,276254
2021-08-03,9.77,9.9,9.61,9.8,218200
2021-08-04,9.77,9.99,9.675,9.77,404330
2021-08-05,9.86,10.05,9.86,9.93,355721
2021-08-06,9.96,10.14,9.87,9.99,188190
2021-08-09,9.95,10.09,9.78,9.92,401684
2021-08-10,9.85,10.0475,8.9,9.32,455296
2021-08-11,9.23,9.36,9.0201,9.34,280465
2021-08-12,9.34,9.4,9.07,9.3,385476
2021-08-13,9.34,9.51,9.08,9.39,548256
2021-08-16,9.55,9.97,9.12,9.61,481673
2021-08-17,9.54,9.59,9.24,9.26,754933
2021-08-18,9.23,9.34,9.035,9.08,385344
2021-08-19,9.01,9.09,8.81,8.95,400739
2021-08-20,8.91,9.19,8.9,9.13,263543
2021-08-23,9.13,9.2,8.81,8.96,595357
2021-08-24,8.98,9.125,8.94,9.0,455988
2021-08-25,8.98,9.23,8.92,9.12,688183
2021-08-26,9.19,9.27,8.87,8.94,236551
2021-08-27,9.06,9.19,8.73,9.15,432415
2021-08-30,9.16,9.24,8.83,8.88,443857
2021-08-31,8.88,9.11,8.71,8.71,767398
2021-09-01,8.76,8.9,8.59,8.69,412719
2021-09-02,8.74,8.95,8.51,8.82,383918
2021-09-03,8.81,8.925,8.71,8.86,267263
2021-09-07,8.86,8.92,8.78,8.88,378267
2021-09-08,9.04,9.04,8.65,8.69,321741
2021-09-09,8.995,8.995,8.64,8.75,218017
2021-09-10,8.74,8.74,8.38,8.39,383172
2021-09-13,8.4,8.65,8.34,8.5,458910
2021-09-14,8.54,8.59,8.3,8.35,291633
2021-09-15,8.36,8.51,8.23,8.4,225258
2021-09-16,8.83,8.83,8.3,8.38,503596
2021-09-17,8.48,8.81,8.34,8.78,1112065
2021-09-20,8.65,8.69,8.4,8.51,564686
2021-09-21,8.56,8.58,8.32,8.4,175560
2021-09-22,8.42,8.75,8.42,8.51,221717
2021-09-23,8.59,8.67,8.57,8.65,135788
2021-09-24,8.56,8.565,8.45,8.48,174944
2021-09-27,8.51,8.76,8.42,8.64,177469
2021-09-28,8.63,8.83,8.33,8.4,168447
2021-09-29,8.45,8.61,8.33,8.5,326681
2021-09-30,8.58,8.7,8.48,8.65,588607
2021-10-01,8.72,8.75,8.48,8.58,424379
2021-10-04,8.56,8.56,8.325,8.43,282979
2021-10-05,8.51,8.785,8.39,8.68,287062
2021-10-06,8.57,8.81,8.52,8.73,180732
2021-10-07,8.82,8.94,8.54,8.65,345478
2021-10-08,8.66,8.7,8.53,8.68,162754
2021-10-11,8.66,8.87,8.54,8.56,223056
2021-10-12,8.61,8.875,8.4,8.59,181447
2021-10-13,8.61,8.67,8.51,8.6,113233
2021-10-14,8.66,8.8679,8.64,8.84,236157
2021-10-15,9.0,9.0,8.82,8.83,224751
2021-10-18,8.74,8.96,8.6523,8.69,340726
2021-10-19,8.78,8.78,8.33,8.35,335926
2021-10-20,8.32,8.54,8.25,8.51,227970
2021-10-21,8.55,8.64,8.36,8.44,191324
2021-10-22,8.41,8.47,8.3,8.31,344135
2021-10-25,8.32,8.41,8.18,8.21,159581
2021-10-26,8.25,8.53,8.25,8.42,246799
2021-10-27,8.42,8.459,8.21,8.24,106975
2021-10-28,8.22,8.66,8.16,8.63,175127
2021-10-29,8.57,8.615,8.45,8.54,184947
2021-11-01,8.55,8.8838,8.55,8.81,261030
2021-11-02,8.86,8.88,8.49,8.58,284406
2021-11-03,8.66,8.83,8.55,8.82,758955
2021-11-04,8.83,8.94,8.67,8.69,156579
2021-11-05,8.76,9.05,8.72,8.93,245645
2021-11-08,9.19,9.19,8.81,8.85,230800
2021-11-09,8.84,8.91,8.78,8.88,264908
2021-11-10,8.47,9.44,8.47,9.24,325545
2021-11-11,9.34,9.49,9.2,9.32,279209
2021-11-12,9.35,9.36,8.99,8.99,185276
2021-11-15,9.04,9.12,8.91,8.97,525969
2021-11-16,9.01,9.01,8.88,8.97,296694
2021-11-17,8.99,9.04,8.8,8.83,318152
2021-11-18,8.81,8.89,8.25,8.27,615361
2021-11-19,8.74,8.74,7.77,7.83,531914
2021-11-22,7.78,8.28,7.7,8.11,610217
2021-11-23,8.17,8.34,8.02,8.1,530705
2021-11-24,7.96,8.28,7.96,8.14,373943
2021-11-26,7.87,8.05,7.72,7.95,233804
2021-11-29,7.94,8.04,7.69,7.75,414483
2021-11-30,7.89,7.89,7.2,7.23,706400
2021-12-01,7.32,7.78,6.94,6.95,857357
2021-12-02,7.04,7.47,6.95,7.41,474753
2021-12-03,7.4,7.71,7.34,7.45,410498
2021-12-06,7.56,8.0,7.43,7.46,420929
2021-12-07,7.56,7.75,7.5,7.55,322852
2021-12-08,7.55,7.84,7.53,7.69,830062
2021-12-09,7.65,7.87,7.56,7.62,404316
2021-12-10,7.64,7.79,7.46,7.5,377483
2021-12-13,7.5,7.83,7.415,7.53,452727
2021-12-14,7.54,7.79,7.5,7.65,659702
2021-12-15,7.62,7.65,7.225,7.44,558410
2021-12-16,7.45,7.72,7.4,7.63,488597
2021-12-17,7.65,8.04,7.6,7.91,1079587
2021-12-20,7.86,8.09,7.56,7.69,396671
2021-12-21,7.66,7.82,7.64,7.68,269746
2021-12-22,8.095,8.095,7.51,7.53,308629
2021-12-23,7.55,7.96,7.37,7.82,504722
2021-12-27,7.83,7.97,7.66,7.92,237834
2021-12-28,7.89,7.95,7.69,7.78,414045
2021-12-29,7.8,7.8,7.41,7.56,296755
2021-12-30,7.51,7.79,7.47,7.7,133963
2021-12-31,7.73,8.04,7.56,8.02,337441
2022-01-03,8.03,8.22,7.88,8.15,1042189
2022-01-04,8.24,8.24,7.89,7.91,191912
2022-01-05,7.85,7.97,7.385,7.43,383393
2022-01-06,7.395,7.5,7.19,7.47,829073
2022-01-07,7.42,7.5434,7.22,7.32,399033
2022-01-10,7.11,7.36,6.98,7.34,1007467
2022-01-11,7.34,7.67,7.06,7.53,700742
2022-01-12,7.51,7.66,7.14,7.2,637617
2022-01-13,7.21,7.31,7.05,7.2,669114
2022-01-14,7.0,7.31,7.0,7.28,203844
2022-01-18,7.15,7.22,6.93,6.96,367141
2022-01-19,6.97,6.97,6.63,6.73,479401
2022-01-20,6.73,7.03,6.66,6.8,221994
2022-01-21,6.71,6.99,6.64,6.67,543529
2022-01-24,6.63,6.98,6.45,6.86,299311
2022-01-25,6.78,6.85,6.54,6.74,476050
2022-01-26,6.8,6.9,6.54,6.69,523235
2022-01-27,6.69,6.78,6.37,6.47,192971
2022-01-28,6.45,6.69,6.215,6.68,466392
2022-01-31,6.68,7.3,6.67,7.28,761661
2022-02-01,7.29,7.38,7.105,7.35,331096
2022-02-02,7.36,7.4,7.18,7.31,276375
2022-02-03,7.16,7.385,7.15,7.36,357740
2022-02-04,7.3,7.33,7.05,7.2,213903
2022-02-07,7.25,7.37,7.15,7.34,265424
2022-02-08,7.39,7.47,7.23,7.44,199319
2022-02-09,7.46,7.56,7.27,7.37,206381
2022-02-10,7.29,7.36,7.18,7.24,221507
2022-02-11,7.23,7.315,7.03,7.14,192796
2022-02-14,7.18,7.265,7.095,7.2,134046
2022-02-15,7.26,7.57,7.26,7.52,191926
2022-02-16,7.51,7.82,7.4,7.72,203662
2022-02-17,7.59,7.79,7.44,7.75,122401
2022-02-18,7.69,7.94,7.69,7.83,187292
2022-02-22,7.71,7.85,7.0257,7.675,128160
2022-02-23,7.73,7.77,7.43,7.485,134151
2022-02-24,7.26,7.64,7.19,7.61,239205
2022-02-25,7.65,7.84,7.38,7.76,170803
2022-02-28,7.69,7.97,7.65,7.87,285387
2022-03-01,7.9,8.18,7.62,7.71,291084
2022-03-02,6.24,7.37,6.0882,6.62,710559
2022-03-03,6.6,6.62,6.28,6.5,817003
2022-03-04,6.1,6.17,5.58,5.75,956719
2022-03-07,5.74,5.759,5.32,5.47,1017133
2022-03-08,5.46,5.68,5.24,5.5,558587
2022-03-09,5.68,6.21,5.66,6.11,505908
2022-03-10,5.98,6.11,5.82,6.01,599682
2022-03-11,6.13,6.25,5.97,5.99,235584
2022-03-14,5.92,6.14,5.74,6.1,242238
2022-03-15,6.11,6.17,5.94,6.02,256961
2022-03-16,6.05,6.32,5.92,6.23,337198
2022-03-17,6.13,6.53,6.13,6.49,236774
2022-03-18,6.38,6.54,6.33,6.42,737060
2022-03-21,6.39,6.5,6.17,6.43,535895
2022-03-22,6.45,6.62,6.35,6.4,227806
2022-03-23,6.3,6.43,6.17,6.2,261672
2022-03-24,6.2,6.326,6.17,6.26,174966
2022-03-25,6.31,6.37,6.11,6.28,193437
2022-03-28,6.27,6.29,6.11,6.25,164878
2022-03-29,6.28,6.74,6.239,6.72,348974
2022-03-30,6.7,6.71,6.37,6.45,265191
2022-03-31,6.47,6.59,6.34,6.38,318088
2022-04-01,6.41,6.54,6.29,6.39,261157
2022-04-04,6.39,6.58,6.265,6.54,782105
2022-04-05,6.61,6.73,6.39,6.4,3811306
2022-04-06,6.37,6.555,6.04,6.1,519054
2022-04-07,6.08,6.32,5.76,5.97,1070597
2022-04-08,6.08,6.23,5.9,6.09,290779
2022-04-11,6.07,6.36,6.01,6.17,319851
2022-04-12,6.2,6.45,6.16,6.23,278893
2022-04-13,6.23,6.32,6.125,6.14,334178
2022-04-14,6.17,6.31,6.1,6.15,661767
2022-04-18,6.09,6.09,5.91,5.97,228315
2022-04-19,5.99,6.0,5.49,5.5,1985288
2022-04-20,5.62,5.62,5.19,5.25,594789
2022-04-21,5.3,5.35,5.07,5.11,384346
2022-04-22,5.08,5.29,5.07,5.2,347375
2022-04-25,5.15,5.43,5.09,5.35,409993
2022-04-26,5.32,5.43,5.125,5.21,549036
2022-04-27,5.19,5.36,5.06,5.17,416836
2022-04-28,5.2,5.36,5.04,5.29,257385
2022-04-29,5.28,5.36,5.0,5.03,400919
2022-05-02,5.02,5.24,4.97,5.22,557573
2022-05-03,5.25,5.49,5.215,5.36,633669
2022-05-04,5.36,5.36,5.1028,5.31,427528
2022-05-05,5.24,5.33,5.115,5.24,399849
2022-05-06,5.17,5.35,5.12,5.21,289405
2022-05-09,5.09,5.17,4.805,4.89,565451
2022-05-10,4.94,4.95,4.59,4.78,367843
2022-05-11,5.42,5.65,4.26,4.35,437380
2022-05-12,4.37,4.665,4.2601,4.55,338135
2022-05-13,4.54,4.76,4.395,4.42,602630
2022-05-16,4.37,4.455,4.245,4.3,495259
2022-05-17,4.38,4.7,4.275,4.65,341251
2022-05-18,4.56,4.695,4.31,4.34,423896
2022-05-19,4.3,4.52,4.26,4.35,434569
2022-05-20,4.41,4.47,4.22,4.38,330020
2022-05-23,4.43,4.43,4.21,4.29,359752
2022-05-24,4.23,4.4,3.995,4.11,633486
2022-05-25,4.09,4.345,4.0301,4.31,384632
2022-05-26,4.35,4.48,4.17,4.35,337755
2022-05-27,4.36,4.47,4.26,4.43,273553
2022-05-31,4.4,4.4,4.18,4.3,687745
2022-06-01,4.34,4.47,4.27,4.39,363516
2022-06-02,4.37,4.51,4.29,4.51,363186
2022-06-03,4.48,4.55,4.4,4.45,364746
2022-06-06,4.48,4.54,4.39,4.49,650472
2022-06-07,4.46,4.535,4.345,4.36,237035
2022-06-08,4.36,4.37,4.18,4.21,243037
2022-06-09,4.19,4.215,4.0482,4.14,505413
2022-06-10,4.03,4.16,4.01,4.15,357173
2022-06-13,4.02,4.09,3.75,3.79,491983
2022-06-14,3.81,3.88,3.71,3.8,550426
2022-06-15,3.9,4.07,3.83,4.02,498033
2022-06-16,3.92,3.92,3.77,3.86,644369
2022-06-17,3.94,4.025,3.86,4.0,897392
2022-06-21,4.13,4.18,4.0,4.12,350307
2022-06-22,4.07,4.41,4.07,4.18,544154
2022-06-23,4.17,4.36,4.12,4.35,434905
2022-06-24,4.35,4.485,4.31,4.35,1359448
2022-06-27,4.4,4.4,4.205,4.22,286251
2022-06-28,4.21,4.32,4.1,4.1,441590
2022-06-29,4.07,4.07,3.825,3.89,270253
2022-06-30,3.82,3.86,3.7,3.8,298880
2022-07-01,3.76,3.96,3.76,3.93,428557
2022-07-05,3.84,4.24,3.775,4.23,345169
2022-07-06,4.21,4.22,4.1,4.13,293090
2022-07-07,4.16,4.25,4.11,4.2,340798
2022-07-08,4.13,4.21,4.01,4.04,801157
2022-07-11,4.02,4.03,3.885,3.91,243432
2022-07-12,3.91,4.08,3.91,4.05,324124
2022-07-13,3.97,4.095,3.96,4.04,171759
2022-07-14,3.99,4.04,3.93,3.97,172592
2022-07-15,4.05,4.255,3.99,4.22,241482
2022-07-18,4.25,4.31,4.155,4.18,162045
2022-07-19,4.25,4.35,4.15,4.17,292794
2022-07-20,4.15,4.34,4.1,4.33,277210
2022-07-21,4.28,4.485,4.28,4.48,198387
2022-07-22,4.46,4.48,4.25,4.29,224001
2022-07-25,4.29,4.29,4.175,4.24,195763
2022-07-26,4.23,4.23,4.11,4.16,137454
2022-07-27,4.19,4.37,4.19,4.34,151749
2022-07-28,4.33,4.37,4.21,4.33,124219
2022-07-29,4.29,4.48,4.27,4.44,359664
2022-08-01,4.41,4.475,4.33,4.38,320622
2022-08-02,4.38,4.45,4.275,4.32,178969
2022-08-03,4.35,4.42,4.25,4.34,323008
2022-08-04,4.35,4.39,4.2,4.22,210514
2022-08-05,4.17,4.25,4.05,4.19,212920
2022-08-08,4.23,4.38,4.2,4.34,254378
2022-08-09,4.31,4.34,4.135,4.26,153580
2022-08-10,4.22,4.28,3.31,3.92,1164466
2022-08-11,3.92,4.34,3.82,4.31,346017
2022-08-12,4.31,4.57,4.28,4.48,836231
2022-08-15,4.45,4.64,4.41,4.41,844534
2022-08-16,4.39,4.47,4.31,4.4,283266
2022-08-17,4.38,4.41,4.26,4.3,141274
2022-08-18,4.26,4.305,4.19,4.26,150805
2022-08-19,4.21,4.235,4.165,4.17,140668
2022-08-22,4.12,4.19,4.03,4.04,217783
2022-08-23,4.02,4.13,3.98,3.98,228178
2022-08-24,4.02,4.08,3.91,3.99,135001
2022-08-25,3.99,4.06,3.97,4.0,188260
2022-08-26,3.96,4.0,3.83,3.85,210718
2022-08-29,3.81,3.87,3.685,3.79,312431
2022-08-30,3.8,3.85,3.71,3.73,469131
2022-08-31,3.72,3.76,3.635,3.64,180458
2022-09-01,3.61,3.675,3.5119,3.56,1383624
2022-09-02,3.61,3.62,3.44,3.45,288182
2022-09-06,3.45,3.46,3.32,3.395,352222
2022-09-07,3.35,3.39,3.11,3.12,1552598
2022-09-08,3.06,3.07,2.9,2.93,534414
2022-09-09,2.91,3.09,2.89,3.04,668126
2022-09-12,3.05,3.12,3.02,3.1,496963
2022-09-13,3.03,3.06,2.91,2.94,618337
2022-09-14,2.95,2.955,2.74,2.77,481431
2022-09-15,2.73,2.81,2.62,2.65,708869
2022-09-16,2.6,2.64,2.43,2.46,1253869
2022-09-19,2.42,2.56,2.39,2.51,883787
2022-09-20,2.49,2.49,2.43,2.45,433736
2022-09-21,2.61,2.69,2.545,2.58,783811
2022-09-22,2.61,2.63,2.49,2.5,514290
2022-09-23,2.5,2.52,2.375,2.4,844719
2022-09-26,2.38,2.47,2.38,2.38,773829
2022-09-27,2.46,2.46,2.235,2.25,942014
2022-09-28,2.22,2.29,2.165,2.27,757455
2022-09-29,2.25,2.26,1.945,2.11,3115937
2022-09-30,2.11,2.19,2.11,2.13,2513723
2022-10-03,2.15,2.305,2.12,2.24,1498986
2022-10-04,2.33,2.62,2.3299,2.51,1478132
2022-10-05,2.47,2.5,2.36,2.39,432194
2022-10-06,2.37,2.425,2.29,2.3,433279
2022-10-07,2.33,2.335,2.22,2.32,1510369
2022-10-10,2.3,2.48,2.27,2.39,670225
2022-10-11,2.37,2.5,2.36,2.4,546579
2022-10-12,2.43,2.43,2.33,2.34,349646
2022-10-13,2.27,2.445,2.27,2.43,1138442
2022-10-14,2.46,2.515,2.42,2.46,526492
2022-10-17,2.53,2.635,2.49,2.61,579875
2022-10-18,2.66,2.72,2.63,2.66,460800
2022-10-19,2.69,2.69,2.555,2.64,605332
2022-10-20,2.68,2.8,2.59,2.77,539352
2022-10-21,2.8,2.95,2.74,2.86,500394
2022-10-24,2.86,2.97,2.7899,2.9,561134
2022-10-25,2.89,3.1,2.89,3.1,448552
2022-10-26,3.13,3.135,3.06,3.07,408356
2022-10-27,3.1,3.335,3.075,3.25,578611
2022-10-28,3.26,3.33,3.13,3.33,493036
2022-10-31,3.29,3.425,3.2,3.38,406641
2022-11-01,3.43,3.49,3.33,3.41,449585
2022-11-02,3.35,3.55,3.22,3.4,441592
2022-11-03,3.37,3.38,3.24,3.27,267171
2022-11-04,3.3,3.355,3.2,3.33,383974
2022-11-07,3.31,3.47,3.31,3.38,554635
2022-11-08,3.4,3.448,3.22,3.26,502420
2022-11-09,3.18,3.29,3.08,3.25,389538
2022-11-10,2.56,2.6973,2.37,2.6,850668
2022-11-11,2.75,2.9193,2.705,2.75,1355494
2022-11-14,2.71,2.89,2.66,2.69,1321322
2022-11-15,2.75,2.8,2.63,2.65,1229476
2022-11-16,2.68,2.68,2.51,2.58,309096
2022-11-17,2.56,2.62,2.48,2.58,517906
2022-11-18,2.65,2.735,2.4982,2.64,916041
2022-11-21,2.64,2.645,2.49,2.49,315888
2022-11-22,2.52,2.615,2.38,2.39,240832
2022-11-23,2.39,2.49,2.36,2.47,242526
2022-11-25,2.48,2.51,2.475,2.5,112418
2022-11-28,2.51,2.56,2.325,2.35,349156
2022-11-29,2.4,2.4,2.3,2.35,351546
2022-11-30,2.33,2.49,2.33,2.48,338749
2022-12-01,2.45,2.58,2.445,2.48,587392
2022-12-02,2.51,2.51,2.4,2.41,345245
2022-12-05,2.43,2.43,2.15,2.155,431467
2022-12-06,2.19,2.21,2.17,2.18,291301
2022-12-07,2.18,2.195,2.04,2.14,490703
2022-12-08,2.17,2.18,2.015,2.05,501718
2022-12-09,2.05,2.18,2.03,2.17,433471
2022-12-12,2.15,2.215,2.05,2.08,360275
2022-12-13,2.15,2.28,2.12,2.21,1485843
2022-12-14,2.18,2.19,2.1,2.1,392734
2022-12-15,2.05,2.05,1.92,1.94,461042
2022-12-16,1.95,1.97,1.86,1.89,871682
2022-12-19,1.93,1.95,1.86,1.87,582774
2022-12-20,1.9,2.05,1.86,1.93,685487
2022-12-21,1.95,1.95,1.89,1.91,388043
2022-12-22,1.9,1.91,1.78,1.9,431421
2022-12-23,1.9,1.95,1.85,1.87,239726
2022-12-27,1.9,1.93,1.83,1.91,290416
2022-12-28,1.9,1.94,1.85,1.86,373360
2022-12-29,1.88,2.09,1.88,2.05,584614
2022-12-30,2.04,2.1,1.99,2.08,327397
2023-01-03,2.11,2.2275,2.11,2.19,448358
2023-01-04,2.22,2.25,2.18,2.19,305531
2023-01-05,2.16,2.21,2.1,2.13,253311
2023-01-06,2.15,2.16,2.11,2.14,151374
2023-01-09,2.14,2.1973,2.12,2.15,375303
2023-01-10,2.16,2.19,2.12,2.18,247909
2023-01-11,2.17,2.25,2.17,2.21,175752
2023-01-12,2.23,2.315,2.18,2.31,285494
2023-01-13,2.28,2.38,2.28,2.37,138688
2023-01-17,2.34,2.375,2.2663,2.27,320682
2023-01-18,2.3,2.31,2.18,2.19,239718
2023-01-19,2.16,2.425,2.14,2.4,426146
2023-01-20,2.45,2.525,2.4,2.5,901643
2023-01-23,2.5,2.54,2.42,2.44,320560
2023-01-24,2.4,2.44,2.35,2.37,190303
2023-01-25,2.34,2.42,2.32,2.42,251101
2023-01-26,2.5,2.5782,2.465,2.53,948853
2023-01-27,2.51,2.69,2.505,2.67,299618
2023-01-30,2.59,2.66,2.58,2.58,597710
2023-01-31,2.58,2.63,2.55,2.59,339733
2023-02-01,2.6,2.66,2.545,2.65,357056
2023-02-02,2.69,2.9,2.685,2.85,1307079
2023-02-03,2.76,2.83,2.735,2.8,354140
2023-02-06,2.76,2.78,2.645,2.69,649246
2023-02-07,2.66,2.66,2.54,2.6,511391
2023-02-08,2.61,2.615,2.55,2.57,263789
2023-02-09,2.59,2.62,2.51,2.51,280300
2023-02-10,2.51,2.68,2.49,2.68,293702
2023-02-13,2.68,2.68,2.35,2.41,706203
2023-02-14,2.415,2.46,2.35,2.46,370013
2023-02-15,2.42,2.68,2.42,2.66,279325
2023-02-16,2.58,2.65,2.57,2.59,248609
2023-02-17,2.61,2.62,2.515,2.56,268970
2023-02-21,2.56,2.585,2.44,2.45,375502
2023-02-22,2.43,2.49,2.345,2.42,459791
2023-02-23,2.42,2.505,2.39,2.43,292718
2023-02-24,2.38,2.42,2.28,2.38,416495
2023-02-27,2.38,2.4,2.285,2.29,282443
2023-02-28,2.29,2.315,2.18,2.2,648956
2023-03-01,2.2,2.28,2.2,2.23,265587
2023-03-02,2.25,2.82,2.2,2.61,1765459
2023-03-03,2.61,2.7,2.4,2.47,988012
2023-03-06,2.48,2.5375,2.37,2.37,417035
2023-03-07,2.39,2.44,2.24,2.26,362605
2023-03-08,2.29,2.33,2.17,2.2,608171
2023-03-09,2.19,2.21,2.07,2.07,441875
2023-03-10,2.1,2.1,1.92,2.02,578376
2023-03-13,2.02,2.03,1.9,1.92,398951
2023-03-14,1.97,1.985,1.87,1.89,495409
2023-03-15,1.81,1.885,1.7,1.87,403251
2023-03-16,1.83,1.85,1.79,1.82,237287
2023-03-17,1.78,1.8,1.66,1.74,1144962
2023-03-20,1.79,1.85,1.73,1.82,482348
2023-03-21,1.88,1.95,1.865,1.92,378878
2023-03-22,1.92,1.99,1.89,1.91,477378
2023-03-23,1.92,1.92,1.81,1.84,395839
2023-03-24,1.86,1.86,1.75,1.77,273753
2023-03-27,1.76,1.78,1.68,1.75,350144
2023-03-28,1.75,1.78,1.67,1.68,323532
2023-03-29,1.71,1.71,1.63,1.64,219512
2023-03-30,1.69,1.69,1.6,1.62,470710
2023-03-31,1.62,1.66,1.56,1.58,672744
2023-04-03,1.57,1.71,1.54,1.69,378089
2023-04-04,1.67,1.67,1.54,1.56,701932
2023-04-05,1.56,1.56,1.4,1.51,487317
2023-04-06,1.62,1.73,1.54,1.58,558018
2023-04-10,1.56,1.63,1.47,1.49,4052868
2023-04-11,1.49,1.5,1.43,1.45,378104
2023-04-12,1.44,1.49,1.37,1.38,372421
2023-04-13,1.41,1.43,1.36,1.37,580187
2023-04-14,1.37,1.42,1.34,1.35,433592
2023-04-17,1.33,1.35,1.25,1.26,608435
2023-04-18,1.29,1.3,1.24,1.25,426799
2023-04-19,1.23,1.235,1.17,1.18,429777
2023-04-20,1.3,1.31,1.19,1.21,539045
2023-04-21,1.19,1.22,1.15,1.15,454767
2023-04-24,1.15,1.23,1.15,1.23,447570
2023-04-25,1.22,1.235,1.18,1.19,255033
2023-04-26,1.2,1.2,1.13,1.17,237027
2023-04-27,1.18,1.2,1.13,1.2,276372
2023-04-28,1.2,1.29,1.2,1.28,307956
2023-05-01,1.3,1.33,1.24,1.31,191926
2023-05-02,1.29,1.29,1.2,1.2,313316
2023-05-03,1.21,1.24,1.18,1.18,267069
2023-05-04,1.2,1.2169,1.17,1.19,274274
2023-05-05,1.19,1.25,1.18,1.23,210674
2023-05-08,1.29,1.29,1.23,1.29,203383
2023-05-09,1.26,1.31,1.19,1.3,551187
2023-05-10,1.3,1.62,1.3,1.5,902129
2023-05-11,1.46,1.46,1.27,1.44,671819
2023-05-12,1.42,1.4699,1.37,1.41,686089
2023-05-15,1.39,1.62,1.39,1.54,610270
2023-05-16,1.58,1.8,1.58,1.64,734903
2023-05-17,1.65,1.77,1.62,1.77,337599
2023-05-18,1.83,2.04,1.81,1.84,786763
2023-05-19,1.88,1.92,1.805,1.82,582291
2023-05-22,1.82,1.9,1.795,1.9,472971
2023-05-23,1.93,2.01,1.87,1.88,576685
2023-05-24,1.865,1.865,1.69,1.78,457924
2023-05-25,1.8,1.94,1.8,1.91,406688
2023-05-26,1.89,1.96,1.89,1.91,483729
2023-05-30,1.94,2.05,1.91,2.0,418006
2023-05-31,2.0,2.08,1.9,1.9,1843132
2023-06-01,1.92,1.92,1.815,1.86,304050
2023-06-02,1.85,2.0,1.83,1.98,616932
2023-06-05,1.98,2.18,1.96,2.11,450532
2023-06-06,2.14,2.2,2.125,2.15,504419
2023-06-07,2.12,2.245,2.12,2.18,481828
2023-06-08,2.18,2.21,2.055,2.09,324639
2023-06-09,2.1,2.12,2.01,2.11,326768
2023-06-12,2.11,2.185,2.095,2.15,459530
2023-06-13,2.18,2.18,2.1,2.12,304427
2023-06-14,2.14,2.17,2.1,2.1,477140
2023-06-15,2.11,2.2,2.1,2.2,409127
2023-06-16,2.22,2.22,2.14,2.15,589980
2023-06-20,2.15,2.225,2.11,2.19,244978
2023-06-21,2.2,2.24,2.165,2.2,278458
2023-06-22,2.21,2.22,2.16,2.21,200295
2023-06-23,2.19,2.32,2.18,2.24,2007685
2023-06-26,2.23,2.34,2.2,2.28,420387
2023-06-27,2.28,2.37,2.28,2.35,443775
2023-06-28,2.34,2.375,2.33,2.36,458877
2023-06-29,2.34,2.38,2.32,2.33,178486
2023-06-30,2.35,2.39,2.31,2.34,549748
2023-07-03,2.31,2.39,2.31,2.36,273884
2023-07-05,2.39,2.42,2.31,2.33,368855
2023-07-06,2.29,2.34,2.265,2.31,198973
2023-07-07,2.31,2.39,2.31,2.36,384363
2023-07-10,2.36,2.4,2.34,2.36,352121
2023-07-11,2.36,2.445,2.34,2.38,656698
2023-07-12,2.46,2.48,2.39,2.41,509514
2023-07-13,2.43,2.53,2.41,2.5,754473
2023-07-14,2.54,2.55,2.49,2.52,776402
2023-07-17,2.54,2.58,2.51,2.54,445523
2023-07-18,2.54,2.6,2.495,2.51,367281
2023-07-19,2.51,2.52,2.46,2.48,198162
2023-07-20,2.52,2.52,2.47,2.51,390983
2023-07-21,2.52,2.545,2.485,2.5,497926
2023-07-24,2.52,2.54,2.49,2.51,296051
2023-07-25,2.49,2.625,2.4847,2.6,490127
2023-07-26,2.6,2.7,2.59,2.67,623725
2023-07-27,2.7,2.73,2.48,2.5,390010
2023-07-28,2.5,2.5699,2.495,2.56,271662
2023-07-31,2.57,2.63,2.57,2.59,335781
2023-08-01,2.59,2.665,2.53,2.65,210214
2023-08-02,2.61,2.63,2.565,2.6,248227
2023-08-03,2.58,2.63,2.55,2.59,364236
2023-08-04,2.4,2.555,2.31,2.37,539623
2023-08-07,2.41,2.68,2.32,2.65,402963
2023-08-08,2.64,2.675,2.57,2.65,329770
2023-08-09,2.62,2.725,2.59,2.62,287030
2023-08-10,2.63,2.675,2.56,2.57,282864
2023-08-11,2.6,2.84,2.575,2.79,804174
2023-08-14,2.77,2.805,2.68,2.75,312507
2023-08-15,2.72,2.8,2.65,2.76,269326
2023-08-16,2.74,2.86,2.74,2.77,288815
2023-08-17,2.78,2.8,2.63,2.67,244798
2023-08-18,2.7,2.71,2.54,2.66,200825
2023-08-21,2.66,2.695,2.55,2.67,294196
2023-08-22,2.69,2.78,2.6,2.66,213442
2023-08-23,2.68,2.75,2.6333,2.7,322204
2023-08-24,2.68,2.73,2.65,2.66,177845
2023-08-25,2.65,2.7,2.59,2.67,198619
2023-08-28,2.67,2.81,2.6,2.71,338018
2023-08-29,2.75,2.75,2.685,2.71,293612
2023-08-30,2.74,2.84,2.715,2.81,610899
2023-08-31,2.85,2.89,2.76,2.8,1995237
2023-09-01,2.78,2.93,2.78,2.91,337829
2023-09-05,2.9,2.9,2.73,2.73,329597
2023-09-06,2.74,2.768,2.62,2.7,338982
2023-09-07,2.7,2.72,2.585,2.64,315037
2023-09-08,2.68,2.745,2.635,2.7,413709
2023-09-11,2.74,2.84,2.72,2.82,562457
2023-09-12,2.78,2.94,2.77,2.92,908773
2023-09-13,2.9,2.9462,2.8,2.88,669426
2023-09-14,2.9,2.9695,2.8601,2.93,261270
2023-09-15,2.89,2.93,2.805,2.86,573742
2023-09-18,2.87,2.89,2.84,2.85,242194
2023-09-19,2.86,2.92,2.82,2.86,355604
2023-09-20,2.88,2.8901,2.78,2.79,531654
2023-09-21,2.75,2.77,2.7036,2.76,548032
2023-09-22,2.76,2.835,2.76,2.79,260555
2023-09-25,2.78,2.85,2.73,2.84,219445
2023-09-26,2.81,2.89,2.78,2.82,311033
2023-09-27,2.83,2.915,2.82,2.86,346136
2023-09-28,2.86,2.94,2.8,2.81,183896
2023-09-29,2.81,2.87,2.78,2.84,174734
2023-10-02,2.8,2.87,2.8,2.84,264803
2023-10-03,2.85,2.925,2.81,2.88,431519
2023-10-04,2.88,2.94,2.82,2.9,772895
2023-10-05,2.9,2.965,2.84,2.96,384451
2023-10-06,2.95,3.0399,2.9,2.99,610030
2023-10-09,2.89,3.075,2.86,3.05,376858
2023-10-10,3.04,3.09,2.9701,3.0,426058
2023-10-11,3.03,3.055,2.91,2.95,287313
2023-10-12,2.92,3.0,2.86,2.92,318389
2023-10-13,2.93,2.95,2.7616,2.87,446461
2023-10-16,2.9,2.9,2.81,2.84,424684
2023-10-17,2.77,2.93,2.74,2.88,372418
2023-10-18,2.86,2.86,2.69,2.7,212984
2023-10-19,2.71,2.71,2.45,2.45,383695
2023-10-20,2.45,2.565,2.41,2.49,453206
2023-10-23,2.52,2.57,2.44,2.45,250723
2023-10-24,2.47,2.525,2.37,2.4,207173
2023-10-25,2.37,2.37,2.29,2.32,255955
2023-10-26,2.32,2.37,2.25,2.3,424502
2023-10-27,2.38,2.38,2.13,2.16,271147
2023-10-30,2.2,2.3,2.17,2.25,520584
2023-10-31,2.26,2.325,2.24,2.3,514902
2023-11-01,2.31,2.355,2.25,2.3,283504
2023-11-02,2.34,2.43,2.32,2.36,315099
2023-11-03,2.4,2.43,2.36,2.4,389378
2023-11-06,2.41,2.505,2.34,2.37,628763
2023-11-07,2.25,2.34,2.03,2.05,1211833
2023-11-08,2.0,2.09,1.98,1.99,1119936
2023-11-09,1.96,2.09,1.93,1.95,750759
2023-11-10,1.94,2.0,1.85,1.98,789253
2023-11-13,2.04,2.135,1.99,2.12,844108
2023-11-14,2.26,2.43,2.26,2.39,1199299
2023-11-15,2.49,2.535,2.375,2.39,868001
2023-11-16,2.43,2.49,2.36,2.47,357122
2023-11-17,2.58,2.59,2.48,2.5,629527
2023-11-20,2.49,2.55,2.45,2.5,268380
2023-11-21,2.43,2.53,2.4,2.52,235774
2023-11-22,2.54,2.66,2.53,2.59,454134
2023-11-24,2.6,2.74,2.6,2.69,182666
2023-11-27,2.65,2.72,2.64,2.71,603600
2023-11-28,2.69,2.74,2.68,2.7,739723
2023-11-29,2.67,2.81,2.67,2.75,491841
2023-11-30,2.77,2.8,2.73,2.75,498670
2023-12-01,2.76,2.86,2.725,2.79,326430
2023-12-04,2.76,2.84,2.68,2.8,428520
2023-12-05,2.8,2.9,2.775,2.87,692141
2023-12-06,2.92,3.06,2.85,3.0,1205736
2023-12-07,3.02,3.0899,3.0,3.06,976268
2023-12-08,3.06,3.2745,3.04,3.26,872696
2023-12-11,3.29,3.3464,3.19,3.2,1429898
2023-12-12,3.18,3.26,3.17,3.2,1262872
2023-12-13,3.19,3.36,3.17,3.23,2028417
2023-12-14,3.3,3.59,3.3,3.57,1388567
2023-12-15,3.61,3.84,3.565,3.83,1475414
2023-12-18,3.84,3.95,3.735,3.81,756208
2023-12-19,3.82,3.945,3.8,3.93,859123
2023-12-20,3.95,4.05,3.85,3.85,727962
2023-12-21,3.87,3.985,3.86,3.96,423205
2023-12-22,3.97,4.05,3.9,3.94,461521
2023-12-26,3.95,3.99,3.87,3.99,255391
2023-12-27,3.99,4.04,3.9,4.01,321094
2023-12-28,3.98,4.01,3.85,3.86,417027
2023-12-29,3.82,3.87,3.59,3.62,963854
2024-01-02,3.62,3.6999,3.58,3.6,539581
2024-01-03,3.57,3.79,3.5,3.75,978747
2024-01-04,3.75,3.76,3.62,3.62,463567
2024-01-05,3.67,3.7,3.47,3.61,434344
2024-01-08,3.54,3.805,3.2501,3.78,742076
2024-01-09,3.65,3.805,3.65,3.72,590287
2024-01-10,3.755,3.9,3.7,3.87,575373
2024-01-11,3.84,3.965,3.77,3.91,574820
2024-01-12,3.97,4.1262,3.805,3.84,919178
2024-01-16,3.9,3.9,3.695,3.74,527545
2024-01-17,3.67,3.75,3.51,3.68,497960
2024-01-18,3.79,3.79,3.67,3.72,406608
2024-01-19,3.75,3.9,3.69,3.88,559962
2024-01-22,3.88,4.01,3.88,3.96,503748
2024-01-23,4.0,4.06,3.83,3.97,736159
2024-01-24,4.0,4.135,3.9,3.92,446059
2024-01-25,3.99,4.1,3.945,4.06,510370
2024-01-26,4.07,4.1,4.02,4.04,496848
2024-01-29,4.03,4.39,3.99,4.38,812564
2024-01-30,4.36,4.375,4.19,4.23,668727
2024-01-31,4.13,4.2575,4.03,4.03,810681
2024-02-01,4.22,4.22,4.031,4.14,416425
2024-02-02,4.08,4.11,3.87,3.87,529521
2024-02-05,3.85,3.86,3.68,3.68,438301
2024-02-06,3.74,3.74,3.65,3.66,288359
2024-02-07,3.76,4.04,3.6363,3.99,819297
2024-02-08,3.99,4.08,3.79,3.89,522415
2024-02-09,3.89,4.0007,3.85,3.95,648354
2024-02-12,3.94,4.07,3.94,4.0,645249
2024-02-13,3.85,3.91,3.72,3.75,611248
2024-02-14,3.77,3.87,3.76,3.85,405872
2024-02-15,3.9,4.075,3.775,4.04,642591
2024-02-16,4.1,4.13,3.92,3.94,489144
2024-02-20,3.87,4.045,3.82,4.02,421069
2024-02-21,4.02,4.04,3.82,3.84,521335
2024-02-22,3.82,3.93,3.82,3.86,397831
2024-02-23,3.86,3.925,3.82,3.84,269361
2024-02-26,3.82,3.92,3.8001,3.87,592211
2024-02-27,3.9,4.05,3.9,3.99,497489
2024-02-28,3.93,3.96,3.77,3.78,498123
2024-02-29,4.0,4.27,3.68,3.81,1183191
2024-03-01,3.93,4.005,3.84,3.86,523961
2024-03-04,3.85,3.89,3.53,3.63,663580
2024-03-05,3.62,3.81,3.52,3.65,584107
2024-03-06,3.67,3.69,3.45,3.5,534617
2024-03-07,3.62,3.79,3.6,3.74,378529
2024-03-08,3.81,3.96,3.77,3.85,573207
2024-03-11,3.84,3.93,3.83,3.91,351561
2024-03-12,3.91,4.05,3.89,4.04,522371
2024-03-13,4.0,4.11,4.0,4.05,415749
2024-03-14,4.05,4.08,4.0,4.05,662447
2024-03-15,4.05,4.31,4.05,4.25,1075412
2024-03-18,4.25,4.28,4.115,4.21,983261
2024-03-19,4.18,4.34,4.16,4.25,853137
2024-03-20,4.2,4.28,4.155,4.24,571226
2024-03-21,4.24,4.32,4.2,4.22,497277
2024-03-22,4.22,4.23,4.18,4.2,329181
2024-03-25,4.18,4.32,4.18,4.24,405606
2024-03-26,4.74,4.95,4.42,4.43,1389793
2024-03-27,4.5,4.51,4.245,4.27,798313
2024-03-28,4.29,4.44,4.23,4.33,901911
2024-04-01,4.39,4.445,4.25,4.29,564269
2024-04-02,4.21,4.3,4.17,4.28,525526
2024-04-03,4.43,4.43,4.26,4.35,552806
2024-04-04,4.48,4.48,4.24,4.29,886790
2024-04-05,4.27,4.405,4.24,4.26,952079
2024-04-08,4.36,4.38,4.23,4.25,732405
2024-04-09,4.25,4.31,4.165,4.3,797966
2024-04-10,4.15,4.22,4.04,4.13,880247
2024-04-11,4.05,4.395,4.05,4.33,944660
2024-04-12,4.3,4.415,4.175,4.22,1004378
2024-04-15,4.22,4.28,4.09,4.12,1534236
2024-04-16,4.1,4.29,4.04,4.21,971766
2024-04-17,4.24,4.31,4.24,4.26,666154
2024-04-18,4.25,4.395,4.215,4.26,975227
2024-04-19,4.23,4.3754,4.22,4.33,881278
2024-04-22,4.33,4.53,4.3175,4.49,880603
2024-04-23,4.51,4.82,4.51,4.68,1277341
2024-04-24,4.71,4.8196,4.51,4.57,1222358
2024-04-25,4.51,4.6,4.39,4.55,1094188
2024-04-26,4.59,4.62,4.49,4.51,575491
2024-04-29,4.51,4.535,4.32,4.33,533801
2024-04-30,4.25,4.31,4.22,4.26,497299
2024-05-01,4.25,4.56,4.25,4.42,760274
2024-05-02,4.44,4.59,4.4,4.56,643579
2024-05-03,4.66,4.71,4.535,4.55,539560
2024-05-06,4.55,4.68,4.51,4.52,626633
2024-05-07,4.45,4.52,4.28,4.28,623894
2024-05-08,4.25,4.31,4.16,4.26,1157428
2024-05-09,3.23,3.76,3.01,3.74,2272856
2024-05-10,3.7,3.7,3.44,3.51,1292183
2024-05-13,3.47,3.66,3.3,3.42,1698892
2024-05-14,3.48,3.63,3.4,3.4,1147226
2024-05-15,3.43,3.515,3.16,3.4,2140584
2024-05-16,3.4,3.41,3.26,3.32,811820
2024-05-17,3.34,3.41,3.3,3.37,805264
2024-05-20,3.35,3.63,3.3375,3.62,1464893
2024-05-21,3.59,3.65,3.49,3.52,945311
2024-05-22,3.51,3.63,3.44,3.57,905093
2024-05-23,3.61,3.62,3.43,3.47,781818
2024-05-24,3.48,3.52,3.44,3.46,385957
2024-05-28,3.5,3.57,3.483,3.54,870755
2024-05-29,3.46,3.53,3.4,3.52,867173
2024-05-30,3.55,3.58,3.46,3.46,936453
2024-05-31,3.46,3.485,3.365,3.44,800157
2024-06-03,3.48,3.48,3.23,3.24,836581
2024-06-04,3.23,3.24,2.86,2.865,1267406
2024-06-05,2.83,2.93,2.715,2.93,949568
2024-06-06,2.95,3.08,2.93,2.98,1098123
2024-06-07,2.96,3.12,2.925,3.02,963093
2024-06-10,2.98,3.015,2.93,2.99,931623
2024-06-11,2.95,3.03,2.9,3.01,707171
2024-06-12,3.09,3.16,3.03,3.06,934977
2024-06-13,3.07,3.11,2.785,2.93,1456687
2024-06-14,2.82,2.9,2.73,2.78,1131182
2024-06-17,2.78,3.0,2.75,2.99,982625
2024-06-18,3.0,3.115,2.92,2.96,2954882
2024-06-20,2.95,2.95,2.7,2.74,2462134
2024-06-21,2.79,2.94,2.75,2.9,2970352
2024-06-24,2.88,2.96,2.81,2.87,1885352
2024-06-25,3.08,3.15,2.945,3.05,2142660
2024-06-26,3.02,3.22,3.02,3.15,1393983
2024-06-27,3.15,3.22,3.07,3.21,1445188
2024-06-28,3.21,3.335,3.2,3.22,3825417
2024-07-01,3.29,3.29,3.1,3.13,734717
2024-07-02,3.13,3.18,3.095,3.18,577717
2024-07-03,3.13,3.295,3.13,3.25,369298
2024-07-05,3.23,3.33,3.17,3.24,812441
2024-07-08,3.27,3.435,3.27,3.32,1103895
2024-07-09,3.24,3.35,3.24,3.32,628488
2024-07-10,3.34,3.38,3.29,3.34,424543
2024-07-11,3.43,3.64,3.4203,3.64,1133317
2024-07-12,3.67,3.79,3.655,3.73,1033898
2024-07-15,3.76,3.935,3.75,3.92,1177654
2024-07-16,3.95,4.135,3.95,4.09,1149317
2024-07-17,4.04,4.06,3.86,3.89,1521584
2024-07-18,3.84,3.91,3.46,3.71,706150
2024-07-19,3.69,3.805,3.47,3.7,884523
2024-07-22,3.78,3.805,3.645,3.76,1071712
2024-07-23,3.76,3.83,3.68,3.77,553708
2024-07-24,3.74,3.85,3.5,3.73,792202
2024-07-25,3.74,3.92,3.52,3.67,1580418
2024-07-26,3.78,3.93,3.765,3.93,804326
2024-07-29,3.92,4.025,3.855,3.89,565526
2024-07-30,3.89,4.05,3.62,4.01,740967
2024-07-31,4.04,4.16,3.935,4.01,1257243
2024-08-01,4.05,4.07,3.705,3.83,939806
2024-08-02,3.6,3.78,3.57,3.67,929455
2024-08-05,3.27,3.6,3.23,3.54,1011352
2024-08-06,3.49,3.645,3.405,3.61,1178356
2024-08-07,2.95,3.85,2.95,3.765,894336
2024-08-08,3.77,3.885,3.66,3.755,551530
2024-08-09,3.76,3.78,3.55,3.66,849578
2024-08-12,3.63,3.72,3.555,3.62,624005
2024-08-13,3.65,3.74,3.57,3.66,415842
2024-08-14,3.67,3.7,3.51,3.52,346547
2024-08-15,3.53,3.64,3.53,3.6,341820
2024-08-16,3.59,3.6841,3.37,3.59,323813
2024-08-19,3.59,3.755,3.58,3.72,358932
2024-08-20,3.71,3.71,3.555,3.665,404504
2024-08-21,3.71,3.79,3.67,3.74,732032
2024-08-22,3.75,3.75,3.59,3.62,342019
2024-08-23,3.62,3.8,3.58,3.78,912415
2024-08-26,3.8,3.89,3.75,3.77,525783
2024-08-27,3.73,3.8,3.65,3.76,842042
2024-08-28,3.77,3.83,3.705,3.82,408516
2024-08-29,3.82,3.875,3.75,3.82,752769
2024-08-30,3.82,3.9,3.47,3.87,577777
2024-09-03,3.82,3.83,3.67,3.74,513434
2024-09-04,3.72,3.85,3.46,3.84,584761
2024-09-05,3.85,3.92,3.81,3.91,439781
2024-09-06,3.9,3.96,3.71,3.74,550365
2024-09-09,3.72,3.72,3.25,3.39,1369426
2024-09-10,3.38,3.63,3.35,3.62,536164
2024-09-11,3.64,3.67,3.5103,3.63,409213
2024-09-12,3.64,3.695,3.57,3.67,711175
2024-09-13,3.74,3.93,3.735,3.91,512141
2024-09-16,3.91,3.96,3.75,3.91,495579
2024-09-17,3.97,3.97,3.845,3.91,579182
2024-09-18,3.9,4.1,3.66,3.89,614387
2024-09-19,4.05,4.05,3.91,4.0,536735
2024-09-20,3.94,4.0,3.83,3.86,4060934
2024-09-23,3.86,3.93,3.6,3.6,436236
2024-09-24,3.62,3.73,3.58,3.7,408145
2024-09-25,3.7,3.7,3.52,3.54,732560
2024-09-26,3.6,3.61,3.48,3.5,467232
2024-09-27,3.54,3.595,3.485,3.51,379422
2024-09-30,3.47,3.49,3.3,3.43,1142088
2024-10-01,3.4,3.405,3.31,3.32,486769
2024-10-02,3.29,3.35,3.25,3.29,331466
2024-10-03,3.24,3.27,2.99,3.13,623058
2024-10-04,3.19,3.21,3.06,3.06,468582
2024-10-07,3.06,3.09,2.95,3.05,1395151
2024-10-08,3.05,3.16,3.035,3.14,358995
2024-10-09,3.13,3.2,3.07,3.1,377271
2024-10-10,3.09,3.12,3.03,3.06,231901
2024-10-11,3.05,3.165,3.04,3.16,237562
2024-10-14,3.15,3.275,3.12,3.27,244813
2024-10-15,3.27,3.31,3.18,3.19,406849
2024-10-16,3.24,3.3,3.17,3.18,380732
2024-10-17,3.16,3.2,3.055,3.16,649539
2024-10-18,3.18,3.35,3.12,3.14,559056
2024-10-21,3.12,3.155,2.995,3.02,403811
2024-10-22,3.0,3.13,3.0,3.12,454522
2024-10-23,3.09,3.135,2.98,3.06,295909
2024-10-24,3.09,3.145,3.08,3.1,240944
2024-10-25,3.14,3.16,3.0708,3.1,236511
2024-10-28,3.16,3.24,3.16,3.17,254087
2024-10-29,3.14,3.15,3.05,3.11,240167
2024-10-30,3.1,3.2,3.06,3.15,259520
2024-10-31,3.17,3.185,3.06,3.06,315977
2024-11-01,3.07,3.27,3.07,3.21,433023
2024-11-04,3.21,3.3,3.16,3.23,258908
2024-11-05,3.23,3.29,3.18,3.27,319198
2024-11-06,3.46,3.56,3.26,3.35,870136
2024-11-07,3.25,3.74,2.92,3.73,955431
2024-11-08,3.63,4.04,3.56,3.69,1297895
2024-11-11,3.72,3.725,3.29,3.3,659397
2024-11-12,3.24,3.39,3.21,3.295,747661
2024-11-13,3.37,3.59,3.24,3.28,760068
2024-11-14,3.31,3.4,3.22,3.24,1039279
2024-11-15,3.27,3.3,3.045,3.1,828445
2024-11-18,3.1,3.2493,3.1,3.22,383678
2024-11-19,3.17,3.38,3.165,3.37,311451
2024-11-20,3.37,3.4,3.295,3.39,343228
2024-11-21,3.395,3.49,3.32,3.44,352834
2024-11-22,3.45,3.605,3.39,3.6,530194
2024-11-25,3.6,3.755,3.58,3.6,620290
2024-11-26,3.58,3.6,3.49,3.55,290991
2024-11-27,3.59,3.66,3.5,3.51,248520
2024-11-29,3.55,3.6,3.51,3.56,184116
2024-12-02,3.53,3.72,3.505,3.71,651191
2024-12-03,3.72,3.72,3.58,3.64,379684
2024-12-04,3.64,3.64,3.56,3.57,347137
2024-12-05,3.57,3.57,3.445,3.45,534017
2024-12-06,3.48,3.55,3.46,3.52,287741
2024-12-09,3.54,3.62,3.42,3.44,214515
2024-12-10,3.39,3.525,3.3401,3.49,348393
2024-12-11,3.53,3.54,3.435,3.45,634716
2024-12-12,3.44,3.48,3.38,3.47,290559
2024-12-13,3.43,3.47,3.36,3.45,261394
2024-12-16,3.43,3.45,3.265,3.31,419325
2024-12-17,3.29,3.335,3.205,3.29,338681
2024-12-18,3.29,3.37,3.045,3.12,378895
2024-12-19,3.15,3.1789,3.085,3.13,265063
2024-12-20,3.1,3.195,3.06,3.11,647444
2024-12-23,3.17,3.17,2.97,2.99,206045
2024-12-24,3.0,3.05,2.96,3.05,104750
2024-12-26,3.02,3.07,3.0,3.03,195771
2024-12-27,2.99,3.015,2.83,2.97,349902
2024-12-30,2.93,2.935,2.8605,2.91,141295
2024-12-31,2.95,2.98,2.875,2.92,260396
2025-01-02,2.93,2.935,2.71,2.81,479380
2025-01-03,2.81,2.85,2.76,2.84,263888
2025-01-06,2.78,2.855,2.64,2.65,283918
2025-01-07,2.67,2.72,2.625,2.66,433444
2025-01-08,2.68,2.68,2.555,2.63,436661
2025-01-10,2.58,2.585,2.38,2.38,381252
2025-01-13,2.38,2.45,2.28,2.3,646299
2025-01-14,2.36,2.36,2.22,2.3,582966
2025-01-15,2.37,2.43,2.33,2.38,453283
2025-01-16,2.38,2.45,2.285,2.43,599233
2025-01-17,2.47,2.56,2.46,2.52,466120
2025-01-21,2.54,2.62,2.49,2.61,501148
2025-01-22,2.61,2.74,2.61,2.7,521870
2025-01-23,2.67,2.68,2.565,2.62,582804
2025-01-24,2.6,2.675,2.6,2.65,319596
2025-01-27,2.63,2.95,2.625,2.9,721844
2025-01-28,2.88,2.89,2.765,2.81,249214
2025-01-29,2.81,2.82,2.71,2.74,283892
2025-01-30,2.75,2.82,2.705,2.72,156915
2025-01-31,2.71,2.73,2.59,2.64,357038
2025-02-03,2.57,2.66,2.555,2.62,320203
2025-02-04,2.6,2.68,2.6,2.67,205392
2025-02-05,2.69,2.745,2.64,2.74,288256
2025-02-06,2.76,2.825,2.725,2.74,249561
2025-02-07,2.72,2.74,2.63,2.73,348608
2025-02-10,2.75,2.7773,2.65,2.66,355695
2025-02-11,2.63,2.82,2.63,2.76,331461
2025-02-12,2.74,2.78,2.68,2.7,205130
2025-02-13,2.72,2.765,2.67,2.75,245879
2025-02-14,2.78,2.84,2.695,2.71,208787
2025-02-18,2.71,2.74,2.63,2.65,256392
2025-02-19,2.62,2.635,2.455,2.5,333999
2025-02-20,2.47,2.505,2.42,2.48,337864
2025-02-21,2.52,2.561,2.445,2.45,284420
2025-02-24,2.47,2.69,2.43,2.645,464690
2025-02-25,2.65,2.671,2.585,2.59,379388
2025-02-26,2.56,2.57,2.455,2.49,320451
2025-02-27,2.54,2.54,2.445,2.5,207501
2025-02-28,2.5,2.54,2.48,2.51,572271
2025-03-03,2.49,2.53,2.315,2.35,368995
2025-03-04,2.32,2.36,2.26,2.3,450624
2025-03-05,2.31,2.4193,2.31,2.39,432695
2025-03-06,2.35,2.455,2.335,2.36,383474
2025-03-07,2.35,2.4664,2.035,2.15,806281
2025-03-10,2.08,2.09,1.82,1.82,694218
2025-03-11,1.8,1.8093,1.53,1.605,1507919
2025-03-12,1.62,1.7694,1.62,1.69,1540455
2025-03-13,1.8,2.02,1.63,1.64,2128420
2025-03-14,1.65,1.765,1.635,1.7,1034370
2025-03-17,1.68,1.76,1.56,1.58,677213
2025-03-18,1.56,1.6,1.51,1.55,851184
2025-03-19,1.59,1.79,1.59,1.75,1182048
2025-03-20,1.72,1.76,1.64,1.66,554117
2025-03-21,1.66,1.805,1.66,1.76,2423538
2025-03-24,1.78,1.83,1.625,1.65,760312
2025-03-25,1.64,1.64,1.555,1.56,540247
2025-03-26,1.57,1.61,1.545,1.58,473682
2025-03-27,1.57,1.71,1.55,1.59,679916
2025-03-28,1.6,1.61,1.47,1.49,906568
2025-03-31,1.45,1.51,1.4324,1.51,453358
2025-04-01,1.48,1.52,1.42,1.42,288096
2025-04-02,1.4,1.45,1.38,1.45,256213
2025-04-03,1.38,1.4269,1.3,1.31,476547
2025-04-04,1.27,1.34,1.24,1.3,563475
2025-04-07,1.24,1.3,1.19,1.25,799997
2025-04-08,1.28,1.321,1.13,1.14,704073
2025-04-09,1.14,1.3699,1.11,1.36,851366
2025-04-10,1.36,1.37,1.22,1.28,838133
2025-04-11,1.28,1.28,1.175,1.2,628867
2025-04-14,1.24,1.256,1.15,1.19,695262
2025-04-15,1.19,1.275,1.19,1.23,409189
2025-04-16,1.21,1.27,1.18,1.25,494474
2025-04-17,1.25,1.27,1.19,1.22,411578
2025-04-21,1.2,1.24,1.17,1.23,382264
2025-04-22,1.23,1.31,1.205,1.29,354388
2025-04-23,1.36,1.395,1.285,1.31,387412
2025-04-24,1.32,1.3599,1.2804,1.3,312495
2025-04-25,1.33,1.3363,1.27,1.33,241844
2025-04-28,1.32,1.355,1.275,1.34,212503
2025-04-29,1.33,1.37,1.31,1.34,359656
2025-04-30,1.33,1.35,1.28,1.34,343368
2025-05-01,1.34,1.41,1.305,1.32,366428
2025-05-02,1.34,1.405,1.3245,1.38,226091
2025-05-05,1.38,1.38,1.32,1.33,176124
2025-05-06,1.29,1.3265,1.28,1.29,181510
2025-05-07,1.35,1.35,1.27,1.3,455755
2025-05-08,1.3,1.38,1.29,1.38,237695
2025-05-09,1.38,1.48,1.34,1.47,655971
2025-05-12,1.48,1.5508,1.2,1.205,826639
2025-05-13,1.24,1.25,1.12,1.13,678339
2025-05-14,1.12,1.205,1.055,1.12,1149093
2025-05-15,1.12,1.14,1.04,1.09,586394
2025-05-16,1.12,1.37,1.0804,1.26,1417532
2025-05-19,1.22,1.28,1.205,1.24,554992
2025-05-20,1.21,1.3,1.21,1.25,456069
2025-05-21,1.28,1.28,1.16,1.17,506520
2025-05-22,1.17,1.2,1.15,1.16,669940
2025-05-23,1.14,1.15,1.11,1.12,317621
2025-05-27,1.13,1.33,1.12,1.28,966064
2025-05-28,1.27,1.31,1.24,1.24,289526
2025-05-29,1.28,1.32,1.24,1.24,295988
2025-05-30,1.24,1.27,1.16,1.19,1975076
2025-06-02,1.18,1.24,1.15,1.15,496509
2025-06-03,1.17,1.365,1.17,1.35,977939
2025-06-04,1.36,1.455,1.23,1.25,712763
2025-06-05,1.24,1.29,1.21,1.22,364828
2025-06-06,1.26,1.335,1.2449,1.3,432048
2025-06-09,1.36,1.495,1.34,1.43,606375
2025-06-10,1.4,1.49,1.37,1.47,632366
2025-06-11,1.45,1.74,1.44,1.65,2039224
2025-06-12,1.62,1.64,1.5293,1.54,736506
2025-06-13,1.5,1.555,1.42,1.44,694943
2025-06-16,1.45,1.565,1.4307,1.55,513963
2025-06-17,1.52,1.7,1.52,1.57,551788
2025-06-18,1.56,1.6,1.52,1.58,504933
2025-06-20,1.62,1.695,1.54,1.63,1993053
2025-06-23,1.62,1.62,1.4492,1.51,299215
2025-06-24,1.52,1.5885,1.49,1.495,351170
2025-06-25,1.49,1.545,1.32,1.33,702499
2025-06-26,1.32,1.3795,1.28,1.34,445158
2025-06-27,1.33,1.37,1.285,1.31,1504349
2025-06-30,1.31,1.36,1.3,1.32,509852
2025-07-01,1.3,1.445,1.28,1.41,1895899
2025-07-02,1.42,1.56,1.3951,1.55,765541
2025-07-03,1.57,1.61,1.52,1.57,783447
2025-07-07,1.55,1.67,1.52,1.55,894117
2025-07-08,1.56,1.61,1.54,1.6,293357
2025-07-09,1.62,1.655,1.55,1.59,291875
2025-07-10,1.58,1.67,1.57,1.63,324025
2025-07-11,1.63,1.63,1.53,1.54,323210
2025-07-14,1.52,1.545,1.41,1.42,299972
2025-07-15,1.42,1.4799,1.35,1.36,478852
2025-07-16,1.36,1.4,1.33,1.35,606885
2025-07-17,1.37,1.505,1.36,1.5,3678577
2025-07-18,1.53,1.53,1.435,1.46,394057
2025-07-21,1.47,1.52,1.4511,1.48,228831
2025-07-22,1.48,1.61,1.475,1.6,720932
2025-07-23,1.6,1.795,1.59,1.77,1082785
2025-07-24,1.77,1.815,1.49,1.5,696023
2025-07-25,1.53,1.608,1.465,1.6,397539
2025-07-28,1.6,1.615,1.53,1.53,328139
2025-07-29,1.55,1.555,1.415,1.43,419911
2025-07-30,1.44,1.475,1.35,1.37,1305392
2025-07-31,1.36,1.4,1.3,1.37,1056729
2025-08-01,1.32,1.35,1.28,1.3,465599
2025-08-04,1.3,1.37,1.28,1.36,311417
2025-08-05,1.36,1.39,1.31,1.34,334352
2025-08-06,1.35,1.415,1.34,1.34,1008964
2025-08-07,1.33,1.655,1.31,1.64,3493409
2025-08-08,1.64,1.88,1.635,1.84,1736921
2025-08-11,1.895,2.145,1.83,1.885,1884647
2025-08-12,1.89,1.99,1.6401,1.86,935188
2025-08-13,1.88,2.02,1.84,1.86,748990
2025-08-14,1.81,1.87,1.7501,1.82,504642
2025-08-15,1.84,1.84,1.72,1.8,810364
2025-08-18,1.81,1.915,1.81,1.85,893081
2025-08-19,1.85,1.89,1.77,1.78,1137107
2025-08-20,1.76,1.8,1.62,1.67,642163
2025-08-21,1.65,1.7,1.625,1.66,886006
2025-08-22,1.7,1.95,1.686,1.89,915753
2025-08-25,1.87,1.94,1.82,1.87,940971
2025-08-26,1.87,1.88,1.78,1.79,1222374
2025-08-27,1.8,1.84,1.7601,1.84,312487
2025-08-28,1.85,1.9,1.8,1.84,265888
2025-08-29,1.85,1.88,1.81,1.82,218807
2025-09-02,1.77,1.8,1.725,1.73,391736
2025-09-03,1.72,1.7408,1.69,1.69,313196
2025-09-04,1.7,1.755,1.685,1.74,415861
2025-09-05,1.75,1.795,1.735,1.78,432629
2025-09-08,1.78,1.93,1.76,1.92,984932
2025-09-09,1.92,1.93,1.82,1.91,753255
2025-09-10,1.89,1.91,1.78,1.84,660073
2025-09-11,1.86,1.93,1.85,1.9,480216
2025-09-12,1.88,1.92,1.85,1.9,526746
2025-09-15,1.91,2.05,1.9,1.96,655165
2025-09-16,1.95,1.95,1.77,1.88,638208
2025-09-17,1.88,1.99,1.86,1.86,545352
2025-09-18,1.88,1.94,1.86,1.89,584786
2025-09-19,1.88,1.89,1.745,1.77,4817214
2025-09-22,1.74,1.77,1.7,1.74,836608
2025-09-23,1.75,1.79,1.725,1.75,319261
2025-09-24,1.75,1.775,1.715,1.74,408228
2025-09-25,1.73,1.73,1.6,1.61,424879
2025-09-26,1.62,1.62,1.55,1.56,480483
2025-09-29,1.55,1.56,1.51,1.54,795176
2025-09-30,1.51,1.55,1.51,1.53,408821
2025-10-01,1.51,1.56,1.5,1.5,421917
2025-10-02,1.5,1.5,1.44,1.46,472999
2025-10-03,1.46,1.53,1.46,1.49,385898
2025-10-06,1.49,1.53,1.465,1.52,616129
2025-10-07,1.52,1.545,1.46,1.46,280403
2025-10-08,1.47,1.55,1.46,1.5,303911
2025-10-09,1.49,1.525,1.49,1.52,361460
2025-10-10,1.51,1.55,1.47,1.48,477216
2025-10-13,1.46,1.505,1.3806,1.44,615547
2025-10-14,1.41,1.515,1.39,1.5,405456
2025-10-15,1.52,1.58,1.45,1.49,365213
2025-10-16,1.49,1.52,1.43,1.44,234166
2025-10-17,1.43,1.447,1.35,1.37,327452
2025-10-20,1.38,1.42,1.36,1.37,617223
2025-10-21,1.38,1.49,1.35,1.45,298419
2025-10-22,1.47,1.47,1.42,1.44,321943
2025-10-23,1.45,1.495,1.4,1.45,318785
2025-10-24,1.46,1.5265,1.46,1.5,202892
2025-10-27,1.5,1.53,1.45,1.46,294674
2025-10-28,1.44,1.47,1.43,1.43,241577
2025-10-29,1.42,1.42,1.35,1.36,265614
2025-10-30,1.34,1.415,1.28,1.295,506285
2025-10-31,1.3,1.3098,1.26,1.28,683356
2025-11-03,1.3,1.3,1.24,1.27,382662
2025-11-04,1.26,1.275,1.22,1.23,346009
2025-11-05,1.23,1.31,1.225,1.23,1244575
2025-11-06,1.23,1.31,1.1235,1.2,1104702
2025-11-07,1.21,1.25,1.12,1.13,593173
2025-11-10,1.16,1.365,1.15,1.27,1118401
2025-11-11,1.29,1.39,1.27,1.34,825200
2025-11-12,1.34,1.38,1.275,1.3,469149
2025-11-13,1.3,1.31,1.19,1.2,348514
2025-11-14,1.18,1.19,1.14,1.15,352380
2025-11-17,1.13,1.16,1.065,1.08,409226
2025-11-18,1.08,1.0991,1.05,1.07,352327
2025-11-19,1.1,1.11,1.03,1.03,412654
2025-11-20,1.07,1.08,0.95,0.9583,650595
2025-11-21,0.9583,1.03,0.9583,0.997,508513
2025-11-24,1.02,1.02,0.904,0.9103,722927
2025-11-25,0.9039,0.95,0.9039,0.9152,341878
2025-11-26,0.91,0.9401,0.8953,0.9397,576440
2025-11-28,0.9397,0.97,0.9397,0.9496,197333
2025-12-01,0.9387,0.99,0.92,0.9291,534847
2025-12-02,0.97,0.97,0.9,0.9129,730454
2025-12-03,0.9399,0.9606,0.9254,0.9606,502712
2025-12-04,0.9692,1.015,0.9606,0.9644,428653
2025-12-05,0.96,0.96,0.8511,0.8604,1043574
2025-12-08,0.8951,0.94,0.8315,0.8634,1545568
2025-12-09,0.8634,0.92,0.8602,0.8818,771344
2025-12-10,0.87,0.9124,0.87,0.898,556836
2025-12-11,0.898,0.9799,0.892951,0.9647,865580
2025-12-12,0.9647,0.98,0.8946,0.898,546936
2025-12-15,0.922,0.922,0.84,0.84,2142275
2025-12-16,0.85,0.9,0.801,0.8393,2317795
2025-12-17,0.826,0.8513,0.816,0.8513,2255929
2025-12-18,0.8598,0.9128,0.84,0.9128,1761315
2025-12-19,0.91,0.935,0.8565,0.9137,3785015
2025-12-22,0.8929,0.93035,0.8565,0.8993,767804
2025-12-23,0.8824,0.9076,0.8538,0.8538,668601
2025-12-24,0.8553,0.897,0.8514,0.8823,377726
2025-12-26,0.89,0.916,0.8404,0.8894,452015
2025-12-29,0.89,0.9,0.84615,0.8602,456454
2025-12-30,0.85,0.8898,0.85,0.8577,475594
2025-12-31,0.8577,0.8896,0.8211,0.88,1228442
2026-01-02,0.85,0.88,0.79,0.8162,1504574
2026-01-05,0.81,0.8473,0.7901,0.8307,770647
2026-01-06,0.84,0.9189,0.8277,0.9154,670508
2026-01-07,0.9069,0.9134,0.8625,0.8873,426631
2026-01-08,0.8793,0.8899,0.8616,0.8724,811764
2026-01-09,0.87,0.8862,0.84044,0.88,562697
2026-01-12,0.88,0.8988,0.8653,0.8742,342786
2026-01-13,0.8767,0.8984,0.816,0.8328,492959
2026-01-14,0.83,0.851299,0.7926,0.7984,462477
2026-01-15,0.8078,0.8357,0.78,0.8188,449859
2026-01-16,0.83,0.84,0.812,0.8311,253439
2026-01-20,0.81,0.8299,0.785,0.7909,419162
2026-01-21,0.79,0.8209,0.76,0.7969,1004008
2026-01-22,0.795,0.8598,0.79001,0.835,678236
2026-01-23,0.84,0.8548,0.8161,0.8492,827346
2026-01-26,0.8566,1.04,0.8401,0.99,1366283
2026-01-27,1.02,1.03,0.91625,0.9678,746748
2026-01-28,0.9678,1.04,0.9303,1.03,518736
2026-01-29,1.04,1.04,0.9441,1.03,590831
2026-01-30,0.9919,1.085,0.985,1.08,939393
2026-02-02,1.07,1.15,1.035,1.14,924154
2026-02-03,1.14,1.14,0.9507,0.9775,692423
2026-02-04,0.97,0.9711,0.7708,0.7711,1928553
2026-02-05,0.7633,0.7969,0.7255,0.7327,1198625
2026-02-06,0.7327,0.772,0.7276,0.7601,771949
2026-02-09,0.76,0.76,0.682715,0.6921,601441
2026-02-10,0.75,0.7596,0.6221,0.6222,723508
2026-02-11,0.6346,0.6346,0.5334,0.5951,1386045
2026-02-12,0.6,0.6943,0.56415,0.6106,699775
2026-02-13,0.6276,0.6398,0.5784,0.58,427122
2026-02-17,0.59,0.6199,0.5528,0.59,797903
2026-02-18,0.59,0.62,0.586,0.5999,338359
2026-02-19,0.5966,0.6174,0.5482,0.6173,339632
2026-02-20,0.62,0.6457,0.593,0.6199,291628
2026-02-23,0.6266,0.632251,0.5498,0.5499,491789
2026-02-24,0.5473,0.579,0.5,0.5016,856500
2026-02-25,0.5058,0.5747,0.5023,0.55145,1228639
2026-02-26,0.55,0.5839,0.53515,0.5412,856237
2026-02-27,0.56,0.56,0.5082,0.5249,915215
2026-03-02,0.534,0.5729,0.5099,0.5547,1127308
2026-03-03,0.4893,0.6356,0.4893,0.5463,1847528
2026-03-04,0.55,0.5748,0.5428,0.5747,571939
2026-03-05,0.63,0.6833,0.58,0.606,1548572
2026-03-06,0.61,0.6547,0.5856,0.64,548879
