date,open,high,low,close,volume
2018-10-11,22.0,25.99,21.67,25.0,8110175
2018-10-12,26.9,27.4,25.53,26.81,2197396
2018-10-15,27.46,27.72,25.55,26.96,1345643
2018-10-16,27.04,27.62,25.6,25.87,939097
2018-10-17,26.0,26.105,24.16,24.98,2139569
2018-10-18,24.66,25.23,23.7,23.8,1267900
2018-10-19,23.88,24.4,23.0,23.4,444548
2018-10-22,23.4,23.92,22.46,23.0,514140
2018-10-23,22.88,23.81,22.7,22.84,426788
2018-10-24,23.0,24.5499,22.2,22.5,1742504
2018-10-25,22.4,23.49,22.23,22.56,1071401
2018-10-26,22.77,23.3399,22.68,23.0,368272
2018-10-29,23.4,24.47,22.91,23.02,364175
2018-10-30,23.87,24.7811,23.01,23.81,265541
2018-10-31,24.47,24.47,23.58,24.01,361807
2018-11-01,24.33,27.05,24.02,26.95,402202
2018-11-02,27.32,28.1,27.0,27.69,831370
2018-11-05,28.25,28.9,26.53,28.35,792923
2018-11-06,28.5,33.3,28.4692,33.3,1040780
2018-11-07,33.32,35.55,31.42,32.68,1329988
2018-11-08,32.67,34.45,32.37,33.24,596134
2018-11-09,33.07,33.5291,29.4,30.62,510267
2018-11-12,30.62,31.5,27.0,27.02,426558
2018-11-13,27.23,29.1999,27.23,27.7,261828
2018-11-14,27.96,29.16,24.9003,25.005,1082640
2018-11-15,25.0,27.44,24.85,26.93,375608
2018-11-16,26.66,28.5,26.655,27.98,463244
2018-11-19,27.95,28.81,26.13,26.53,435175
2018-11-20,26.47,26.82,24.76,25.54,301849
2018-11-21,26.02,26.79,25.59,25.59,233557
2018-11-23,25.51,27.3424,25.51,26.52,63491
2018-11-26,27.25,27.8,26.525,27.66,246983
2018-11-27,27.51,29.3,26.84,28.39,241303
2018-11-28,28.69,30.66,27.9,30.5,448893
2018-11-29,30.11,31.88,29.71,31.03,383960
2018-11-30,31.15,33.1097,31.15,31.28,526934
2018-12-03,31.91,33.49,31.54,31.69,441592
2018-12-04,31.78,33.9599,29.95,30.45,671462
2018-12-06,29.94,30.31,25.99,27.065,1439534
2018-12-07,27.05,28.15,26.0,26.28,520795
2018-12-10,26.3,28.005,26.23,26.52,621972
2018-12-11,27.06,27.59,25.87,25.99,557056
2018-12-12,26.56,27.28,26.1,26.21,324247
2018-12-13,26.17,26.74,25.52,26.14,310176
2018-12-14,25.67,27.905,25.51,26.22,551958
2018-12-17,26.25,26.7101,24.5,25.42,475981
2018-12-18,25.56,26.18,25.0,25.69,615298
2018-12-19,25.76,27.33,25.0,25.57,603499
2018-12-20,25.32,26.29,24.3,24.72,1008977
2018-12-21,24.97,25.78,23.58,24.14,4211552
2018-12-24,23.5,24.55,23.5,24.12,167735
2018-12-26,24.68,26.16,24.335,25.33,401044
2018-12-27,25.0,25.35,23.37,24.76,352193
2018-12-28,24.75,26.13,24.155,25.9,217872
2018-12-31,26.29,26.94,24.76,26.93,403127
2019-01-02,26.62,28.05,25.9,27.56,694668
2019-01-03,27.52,27.625,25.76,26.0,272720
2019-01-04,26.78,27.42,26.1148,26.47,413475
2019-01-07,26.75,28.37,26.75,27.39,581580
2019-01-08,27.93,27.95,26.2311,27.06,296498
2019-01-09,27.22,27.63,26.79,27.33,235347
2019-01-10,27.28,28.83,26.76,28.1,424662
2019-01-11,28.09,29.9,28.09,29.51,504717
2019-01-14,29.37,29.5,28.43,28.46,451462
2019-01-15,28.59,28.95,27.1,27.95,253808
2019-01-16,28.0,29.41,27.37,28.79,199985
2019-01-17,28.75,29.725,27.71,28.19,304439
2019-01-18,28.47,28.78,28.0,28.58,323986
2019-01-22,28.5,28.91,27.25,27.78,234122
2019-01-23,27.9,28.46,27.04,27.81,139121
2019-01-24,27.92,28.7,27.22,28.65,194388
2019-01-25,28.78,29.85,28.6222,29.54,236992
2019-01-28,29.45,30.615,28.89,29.52,272313
2019-01-29,29.54,30.32,29.54,29.86,236330
2019-01-30,30.1,30.7,29.37,30.3,337327
2019-01-31,30.25,31.4,29.97,30.33,429837
2019-02-01,30.37,31.22,30.18,30.77,251899
2019-02-04,30.77,32.42,30.72,31.58,290699
2019-02-05,31.8,32.32,30.05,31.0,414573
2019-02-06,31.16,31.37,30.16,30.84,212033
2019-02-07,30.62,31.705,29.78,30.13,473772
2019-02-08,29.91,30.9863,29.7101,30.12,237441
2019-02-11,30.31,30.99,29.83,30.27,384347
2019-02-12,30.52,32.35,30.14,31.5,283784
2019-02-13,31.63,32.42,31.63,31.94,308271
2019-02-14,31.86,32.47,31.09,31.14,247624
2019-02-15,31.13,31.92,30.22,31.24,337028
2019-02-19,31.24,31.97,31.08,31.87,199217
2019-02-20,32.02,32.23,30.55,30.69,291994
2019-02-21,30.68,30.78,29.41,30.68,178599
2019-02-22,30.65,31.48,30.4,31.07,155008
2019-02-25,31.66,32.53,31.57,31.73,371218
2019-02-26,31.71,32.0,31.27,31.77,151554
2019-02-27,31.53,33.4774,31.53,32.54,588861
2019-02-28,32.6,32.9,31.5,31.69,385951
2019-03-01,32.1,32.3415,30.603,31.34,526488
2019-03-04,31.37,32.25,30.76,31.94,601497
2019-03-05,31.96,32.4136,31.3,31.52,369339
2019-03-06,31.45,32.035,29.59,29.64,275578
2019-03-07,29.65,30.43,29.45,29.65,202578
2019-03-08,29.54,29.54,27.26,28.38,688065
2019-03-11,28.47,28.545,27.68,28.26,540287
2019-03-12,28.27,28.37,26.3325,26.72,818136
2019-03-13,26.8,27.1,25.71,26.89,770965
2019-03-14,27.47,28.27,26.33,26.53,624528
2019-03-15,26.85,27.31,25.72,26.74,2262894
2019-03-18,26.74,27.52,25.73,26.83,656923
2019-03-19,26.74,27.173,25.8,26.3,410937
2019-03-20,26.21,26.5076,25.8,25.96,271659
2019-03-21,25.83,27.5,25.83,27.28,359078
2019-03-22,27.05,27.2973,25.53,25.55,1027899
2019-03-25,25.69,26.17,24.6,24.82,696785
2019-03-26,24.92,25.72,24.8,25.65,354726
2019-03-27,25.68,26.24,25.52,26.19,438282
2019-03-28,26.41,27.87,26.1185,27.05,357971
2019-03-29,27.81,29.39,27.17,28.91,513425
2019-04-01,29.16,29.58,28.44,28.73,300172
2019-04-02,28.76,29.09,27.9578,28.12,206516
2019-04-03,28.31,28.54,27.51,27.8,201070
2019-04-04,27.76,28.23,27.61,27.93,393608
2019-04-05,28.02,28.3,27.5,27.97,286795
2019-04-08,27.93,27.93,27.0001,27.48,292084
2019-04-09,27.5,27.81,26.71,26.96,422760
2019-04-10,27.0,27.48,26.83,27.0,371814
2019-04-11,27.0,27.0,26.56,26.6,533971
2019-04-12,26.6,26.79,26.2,26.32,602154
2019-04-15,26.09,26.915,25.72,25.94,569288
2019-04-16,26.1,26.3,25.87,26.27,292133
2019-04-17,26.41,26.41,25.27,25.56,411154
2019-04-18,25.67,26.0,25.2,25.95,280921
2019-04-22,25.65,26.12,25.51,25.79,280243
2019-04-23,25.85,27.0,25.5271,26.93,314426
2019-04-24,26.89,27.65,26.435,27.56,430554
2019-04-25,27.48,28.17,27.24,27.94,242474
2019-04-26,27.91,30.4,27.685,29.85,549470
2019-04-29,29.95,29.95,28.77,29.8,382748
2019-04-30,29.82,30.06,29.42,29.95,339602
2019-05-01,29.79,30.2,29.25,29.47,480850
2019-05-02,29.47,29.75,29.16,29.72,522991
2019-05-03,30.13,30.28,29.83,30.23,381081
2019-05-06,29.63,31.19,29.26,31.09,318200
2019-05-07,29.77,30.9899,29.75,29.79,529008
2019-05-08,29.61,30.95,29.1875,30.44,410166
2019-05-09,30.14,30.47,29.77,30.02,519659
2019-05-10,29.81,30.42,29.36,30.31,419948
2019-05-13,29.77,30.1,28.98,29.82,392622
2019-05-14,29.88,31.555,29.67,31.04,454947
2019-05-15,30.77,31.4,27.55,28.56,1357495
2019-05-16,28.65,29.77,28.65,29.76,358822
2019-05-17,29.4,29.98,29.0681,29.19,480344
2019-05-20,29.0,29.31,28.07,28.27,394281
2019-05-21,28.56,29.34,28.06,29.12,422862
2019-05-22,29.1,29.65,28.59,29.03,470888
2019-05-23,28.31,28.63,27.52,27.63,793134
2019-05-24,27.76,28.89,27.76,28.3,401566
2019-05-28,28.35,28.895,27.965,28.57,682786
2019-05-29,28.16,28.85,27.72,28.42,480889
2019-05-30,28.49,28.72,26.81,26.94,379503
2019-05-31,26.54,26.8167,25.95,26.23,348892
2019-06-03,26.9,27.31,26.26,27.24,392441
2019-06-04,27.47,28.05,26.7,27.08,488104
2019-06-05,26.78,26.83,25.81,26.1,464363
2019-06-06,26.05,26.06,25.27,25.95,920216
2019-06-07,26.04,26.66,25.62,26.44,343078
2019-06-10,26.59,28.15,26.59,27.32,550151
2019-06-11,27.76,28.08,26.59,26.74,444403
2019-06-12,26.71,27.78,26.4,26.66,436818
2019-06-13,26.74,27.08,26.46,26.76,344912
2019-06-14,26.69,27.33,26.37,26.43,339683
2019-06-17,26.6,27.94,26.6,27.4,494330
2019-06-18,27.63,28.38,27.39,28.18,325533
2019-06-19,28.04,28.37,27.53,28.1,505663
2019-06-20,28.23,28.46,27.29,27.4,487219
2019-06-21,27.19,27.32,26.51,26.83,1152136
2019-06-24,26.91,27.07,26.31,26.54,597723
2019-06-25,26.54,26.86,26.04,26.17,451064
2019-06-26,26.18,26.49,25.95,26.1,340420
2019-06-27,26.2,26.81,26.19,26.62,320474
2019-06-28,26.77,27.17,26.2,26.85,2890224
2019-07-01,26.71,28.5,26.71,28.34,485666
2019-07-02,28.38,28.38,27.01,27.16,294530
2019-07-03,27.17,27.6147,26.95,27.06,172896
2019-07-05,27.04,27.34,26.51,26.78,279397
2019-07-08,26.6,26.725,26.3,26.65,345623
2019-07-09,26.37,26.93,26.29,26.74,301694
2019-07-10,26.88,27.3,26.52,26.94,239549
2019-07-11,26.89,27.065,26.57,26.61,328488
2019-07-12,26.58,26.73,26.15,26.4,320635
2019-07-15,26.33,27.48,26.14,27.05,358565
2019-07-16,27.08,27.83,27.02,27.68,179530
2019-07-17,27.72,28.33,27.41,28.19,270563
2019-07-18,28.31,28.48,27.76,28.24,160508
2019-07-19,28.17,28.65,27.61,28.01,247463
2019-07-22,28.04,28.44,27.64,28.12,147869
2019-07-23,28.27,28.39,27.67,28.02,201684
2019-07-24,28.12,28.64,27.73,28.62,214080
2019-07-25,28.63,28.69,28.01,28.15,271670
2019-07-26,28.18,29.38,28.165,29.36,302058
2019-07-29,29.31,29.7,29.0,29.6,222454
2019-07-30,29.36,30.62,29.36,30.57,330842
2019-07-31,30.55,31.72,29.99,31.0,684183
2019-08-01,31.0,31.7,29.015,30.33,613037
2019-08-02,30.09,30.44,29.07,29.53,266836
2019-08-05,29.05,29.96,28.415,29.43,540164
2019-08-06,29.67,30.1725,28.83,29.75,271455
2019-08-07,29.15,30.52,28.15,29.59,296521
2019-08-08,29.95,31.21,29.4292,31.06,452587
2019-08-09,31.25,31.855,30.94,31.18,428434
2019-08-12,31.13,31.19,29.24,29.49,256791
2019-08-13,29.4024,29.92,28.06,28.36,354766
2019-08-14,27.84,28.88,27.62,27.63,545772
2019-08-15,27.87,27.89,26.055,26.31,516931
2019-08-16,26.5,26.82,26.06,26.27,495121
2019-08-19,26.59,27.71,26.42,27.67,313806
2019-08-20,27.64,27.91,27.01,27.16,199119
2019-08-21,27.5,27.57,26.85,27.06,138486
2019-08-22,27.21,27.4,26.56,27.04,228032
2019-08-23,27.0,27.35,26.05,26.16,303310
2019-08-26,26.46,26.74,26.03,26.43,174372
2019-08-27,26.51,26.98,25.84,26.11,200857
2019-08-28,25.97,26.8254,25.82,26.68,153329
2019-08-29,26.85,27.2,26.41,27.17,129570
2019-08-30,27.25,27.49,26.54,27.23,114637
2019-09-03,26.81,27.44,26.04,26.15,330047
2019-09-04,26.46,27.29,26.17,27.21,342208
2019-09-05,27.8,28.28,27.3,28.1,203662
2019-09-06,28.14,28.69,27.45,27.55,205824
2019-09-09,27.68,28.78,26.9715,28.58,386451
2019-09-10,28.56,29.5,28.2,29.3,421856
2019-09-11,29.46,30.23,28.9059,30.07,495920
2019-09-12,30.11,30.77,29.61,30.24,412141
2019-09-13,30.32,30.98,29.85,30.04,419076
2019-09-16,29.91,32.05,29.47,31.99,525799
2019-09-17,31.54,32.42,31.075,31.99,445308
2019-09-18,31.96,32.94,31.57,32.74,396018
2019-09-19,32.74,33.49,32.4,32.72,320353
2019-09-20,32.64,33.8,32.325,32.99,2471075
2019-09-23,32.79,32.9105,31.605,31.78,384579
2019-09-24,31.41,31.55,29.35,29.47,594599
2019-09-25,29.18,29.5,27.29,27.4,493565
2019-09-26,27.42,27.57,26.69,26.97,804699
2019-09-27,27.18,28.59,26.82,27.25,572881
2019-09-30,27.25,27.83,27.0,27.255,449950
2019-10-01,27.16,27.8525,26.92,27.44,416255
2019-10-02,27.29,28.0,27.0,27.58,520679
2019-10-03,27.54,27.9,27.2,27.4,211090
2019-10-04,27.48,27.85,26.51,27.06,284763
2019-10-07,27.0,27.54,26.87,26.99,159613
2019-10-08,26.71,27.185,26.21,26.26,270592
2019-10-09,26.52,26.575,24.85,25.24,505662
2019-10-10,25.625,25.905,24.75,25.83,282515
2019-10-11,26.03,26.23,24.76,24.82,480454
2019-10-14,24.8,25.86,24.8,25.31,228367
2019-10-15,25.43,26.33,25.15,26.01,281703
2019-10-16,26.05,26.63,25.96,26.37,277978
2019-10-17,26.66,27.84,26.595,27.78,239196
2019-10-18,27.62,27.75,26.85,27.37,212809
2019-10-21,27.61,28.23,27.47,27.93,336373
2019-10-22,28.24,28.74,27.68,27.96,294768
2019-10-23,28.25,28.45,27.68,27.89,227354
2019-10-24,27.94,28.205,27.7,27.99,208786
2019-10-25,27.94,29.48,27.8223,29.13,317510
2019-10-28,29.255,29.49,28.27,28.59,260199
2019-10-29,28.53,29.275,28.28,28.92,225564
2019-10-30,28.96,29.92,28.567,29.83,274083
2019-10-31,29.76,30.13,28.39,28.8,448929
2019-11-01,28.52,29.38,28.44,28.94,320719
2019-11-04,29.72,29.72,28.69,28.92,262423
2019-11-05,29.0,29.0,26.68,27.66,401758
2019-11-06,27.15,27.8,25.53,25.89,682087
2019-11-07,25.73,26.97,25.55,26.44,527920
2019-11-08,26.58,27.595,26.43,27.32,577274
2019-11-11,27.67,28.09,26.99,27.16,237801
2019-11-12,26.31,27.56,26.25,26.67,294839
2019-11-13,26.4,26.84,26.15,26.55,135261
2019-11-14,26.49,27.28,26.02,27.15,350814
2019-11-15,27.41,28.12,27.38,27.81,191254
2019-11-18,27.6,28.18,27.17,27.88,401971
2019-11-19,28.05,29.15,27.61,28.86,985806
2019-11-20,28.65,29.395,27.37,27.45,640282
2019-11-21,27.35,28.62,27.35,28.05,453226
2019-11-22,28.33,28.41,26.62,27.01,442455
2019-11-25,27.25,27.73,26.33,26.44,478114
2019-11-26,26.46,27.67,26.25,27.6,540188
2019-11-27,27.92,28.62,27.68,28.08,435790
2019-11-29,28.14,28.55,28.02,28.18,212787
2019-12-02,28.05,28.68,27.94,28.29,651173
2019-12-03,28.21,28.64,28.01,28.41,1294482
2019-12-04,28.66,29.81,28.4301,29.48,1142242
2019-12-05,29.63,29.95,28.98,29.54,750735
2019-12-06,29.5,31.46,29.37,31.4,1192521
2019-12-09,31.58,33.39,31.12,31.15,1097897
2019-12-10,31.0,31.15,29.41,29.63,621599
2019-12-11,29.59,29.74,27.86,27.97,555051
2019-12-12,27.89,28.4,26.92,27.74,564337
2019-12-13,27.71,27.75,26.71,27.09,636597
2019-12-16,27.18,27.56,26.56,27.04,641692
2019-12-17,27.21,27.49,26.62,27.19,650062
2019-12-18,27.74,27.8375,26.8,27.46,1430671
2019-12-19,27.75,27.84,26.65,27.0,562862
2019-12-20,27.0,27.275,26.51,26.58,2802845
2019-12-23,26.72,27.18,26.21,26.77,954765
2019-12-24,26.85,27.2,26.52,26.99,291935
2019-12-26,27.0,27.0,26.1,26.13,562886
2019-12-27,26.34,26.7,25.71,26.32,629216
2019-12-30,26.29,26.44,25.3,25.96,780411
2019-12-31,25.81,26.3,25.74,25.98,376090
2020-01-02,25.94,26.57,25.65,26.22,464044
2020-01-03,26.03,26.449,25.76,25.95,398179
2020-01-06,25.83,26.42,25.09,26.36,578524
2020-01-07,26.3,26.49,25.83,26.02,394256
2020-01-08,26.08,26.615,25.89,26.53,346582
2020-01-09,26.71,26.9,26.07,26.26,233940
2020-01-10,26.13,26.61,25.93,26.14,664979
2020-01-13,26.2,26.23,25.5,25.53,623302
2020-01-14,25.52,26.57,25.32,26.15,701294
2020-01-15,26.15,26.95,26.15,26.62,444643
2020-01-16,26.8,27.02,26.26,26.96,782456
2020-01-17,27.18,27.555,25.18,25.32,708052
2020-01-21,25.2,25.78,25.05,25.52,673928
2020-01-22,25.63,25.715,25.26,25.415,257259
2020-01-23,25.35,25.63,24.71,24.72,725119
2020-01-24,24.71,24.95,23.3,23.41,769831
2020-01-27,23.03,23.32,21.8,22.64,715282
2020-01-28,22.76,23.0525,22.5,22.57,564628
2020-01-29,22.6,22.765,22.01,22.02,592265
2020-01-30,21.91,22.4,21.541,22.12,454737
2020-01-31,21.98,22.25,21.275,21.72,637332
2020-02-03,21.68,22.0,21.25,21.86,482592
2020-02-04,22.1,22.5,21.9901,22.2,565495
2020-02-05,22.48,23.21,22.19,22.25,418747
2020-02-06,22.45,23.97,22.25,23.77,755394
2020-02-07,23.69,23.96,23.32,23.71,380649
2020-02-10,23.79,24.17,23.42,23.9,356582
2020-02-11,24.06,24.25,23.36,23.42,261518
2020-02-12,23.59,23.68,22.96,23.55,303270
2020-02-13,23.38,23.8,22.85,23.38,481289
2020-02-14,23.49,23.733,22.885,23.61,411836
2020-02-18,23.51,24.3,23.2,24.245,322255
2020-02-19,24.43,25.67,24.42,25.3,685583
2020-02-20,25.26,26.0,24.8,25.72,579800
2020-02-21,25.72,26.19,25.34,26.01,596256
2020-02-24,25.2,25.52,24.41,24.95,966071
2020-02-25,25.12,25.63,24.51,24.92,1060096
2020-02-26,24.95,25.84,24.9,25.45,611708
2020-02-27,25.51,27.27,24.6,25.92,1203559
2020-02-28,25.0,27.0,24.7168,27.0,1213473
2020-03-02,26.87,27.88,26.43,27.62,785685
2020-03-03,27.51,28.04,27.05,27.51,621207
2020-03-04,27.93,28.3,27.3575,28.25,483435
2020-03-05,27.4,27.8,26.6665,27.77,756515
2020-03-06,27.37,27.99,26.85,27.01,714212
2020-03-09,25.4,26.72,24.75,25.32,730792
2020-03-10,25.73,26.31,25.13,25.98,721470
2020-03-11,25.56,26.13,24.5,25.05,1124953
2020-03-12,23.67,24.48,21.06,21.07,2028881
2020-03-13,21.59,23.4,20.4,22.05,957494
2020-03-16,20.72,20.72,18.38,18.38,973678
2020-03-17,18.74,20.2,17.79,19.21,838638
2020-03-18,18.26,19.43,17.43,18.22,687329
2020-03-19,17.65,20.96,17.55,20.29,1002425
2020-03-20,20.58,21.99,18.71,19.25,945771
2020-03-23,19.06,20.13,18.65,19.01,534170
2020-03-24,19.98,20.32,18.59,19.94,785244
2020-03-25,20.08,20.69,19.22,19.81,661294
2020-03-26,19.92,21.01,19.85,20.25,572605
2020-03-27,19.86,20.96,19.01,19.92,561393
2020-03-30,20.13,20.7,19.66,20.08,455401
2020-03-31,19.96,20.1,18.77,19.44,877312
2020-04-01,18.98,19.52,17.84,18.39,778093
2020-04-02,18.48,19.44,17.79,19.1,573928
2020-04-03,19.01,19.9,18.708,18.89,482890
2020-04-06,19.55,21.23,19.11,21.11,670699
2020-04-07,21.7,22.29,20.21,20.33,691463
2020-04-08,20.57,21.15,20.15,20.85,382173
2020-04-09,21.26,22.86,21.18,22.69,799732
2020-04-13,22.95,23.64,22.2,23.42,898761
2020-04-14,23.92,25.01,23.57,24.94,977923
2020-04-15,24.55,25.99,24.11,25.67,1161737
2020-04-16,26.0,26.6,24.7301,26.06,1069920
2020-04-17,26.63,27.8,25.94,27.62,1038602
2020-04-20,27.46,29.91,27.2062,27.89,773772
2020-04-21,27.11,28.14,25.88,26.05,550701
2020-04-22,26.75,27.79,26.5882,27.53,345667
2020-04-23,27.62,28.74,27.515,27.94,487041
2020-04-24,28.22,30.08,27.71,29.6,545794
2020-04-27,29.99,30.24,28.65,28.78,616979
2020-04-28,28.98,29.29,26.3,26.62,564495
2020-04-29,27.21,28.64,26.11,28.2,1076395
2020-04-30,27.99,29.8,27.51,28.9,1506108
2020-05-01,28.17,28.99,27.26,28.45,837302
2020-05-04,28.13,31.73,28.01,31.68,1154640
2020-05-05,32.0,33.215,30.31,30.86,856801
2020-05-06,31.12,31.76,29.01,30.07,812925
2020-05-07,30.0,31.06,29.3441,30.58,544703
2020-05-08,31.16,33.19,30.93,31.41,976394
2020-05-11,31.09,34.22,30.81,33.4,917297
2020-05-12,33.89,35.61,32.53,32.54,881910
2020-05-13,32.62,33.96,29.5,30.98,1622183
2020-05-14,36.34,42.99,35.76,42.12,8599722
2020-05-15,41.5,46.22,40.87,44.91,4451342
2020-05-18,44.31,48.87,43.73,48.34,1719499
2020-05-19,47.46,49.8072,47.38,48.15,1161839
2020-05-20,48.94,50.0,47.27,48.6,721457
2020-05-21,48.74,51.025,47.3,50.2,1038368
2020-05-22,49.1,54.34,49.02,54.04,1147354
2020-05-26,54.5,55.0,49.01,49.35,1305460
2020-05-27,50.12,51.45,47.07,48.99,995146
2020-05-28,49.43,50.77,46.0,46.54,920402
2020-05-29,44.0,49.12,41.85,48.16,2286018
2020-06-01,46.12,50.46,44.0,48.94,1548435
2020-06-02,48.0,48.0,45.0,47.46,6505397
2020-06-03,47.92,48.31,46.0,46.36,2943477
2020-06-04,45.45,47.24,42.77,43.0,1281513
2020-06-05,44.79,45.88,41.84,42.63,1451839
2020-06-08,42.1,43.86,41.12,42.555,1289188
2020-06-09,42.44,44.56,42.1432,43.05,840161
2020-06-10,43.47,44.63,42.76,44.03,773671
2020-06-11,43.73,44.25,40.7,41.0,976537
2020-06-12,41.96,43.25,39.79,40.49,1018826
2020-06-15,40.03,42.43,39.61,42.01,781483
2020-06-16,42.56,42.835,41.03,42.05,709767
2020-06-17,42.61,42.61,41.48,41.9,646002
2020-06-18,41.99,42.28,41.39,41.8,477686
2020-06-19,42.12,42.23,39.83,39.9,1865000
2020-06-22,40.18,43.36,39.78,42.7,986489
2020-06-23,43.13,44.55,43.0,43.6,953464
2020-06-24,43.18,43.98,42.51,43.35,685283
2020-06-25,43.39,44.46,43.1,43.98,708721
2020-06-26,43.5,44.01,42.07,42.96,2155433
2020-06-29,42.69,43.595,41.49,41.86,555961
2020-06-30,41.72,43.2,41.16,42.82,602834
2020-07-01,41.94,43.57,41.181,42.62,1049167
2020-07-02,43.45,46.07,42.42,44.96,882012
2020-07-06,45.33,46.85,44.22,44.46,782795
2020-07-07,44.24,45.46,43.11,44.08,613487
2020-07-08,44.33,44.82,43.72,44.22,325866
2020-07-09,44.38,45.54,43.77,44.03,424506
2020-07-10,44.15,44.38,42.1,42.82,560318
2020-07-13,43.79,43.9,40.03,40.48,672135
2020-07-14,40.28,41.25,39.31,41.05,890903
2020-07-15,41.9,42.36,41.01,41.59,608874
2020-07-16,41.35,41.802,40.38,41.51,347430
2020-07-17,41.61,42.78,41.41,42.5,505145
2020-07-20,42.69,43.44,42.56,43.01,445278
2020-07-21,43.13,43.4,41.36,41.44,356867
2020-07-22,41.12,41.19,39.78,40.2,380361
2020-07-23,40.08,40.95,39.22,39.45,346609
2020-07-24,39.0,39.28,38.03,38.57,631664
2020-07-27,38.7,39.71,38.65,39.21,310851
2020-07-28,38.68,39.17,37.765,38.0,469084
2020-07-29,38.01,38.45,37.47,37.74,516832
2020-07-30,37.26,38.41,37.08,38.12,532241
2020-07-31,38.12,38.12,35.82,36.67,779494
2020-08-03,36.49,37.7,35.92,37.58,579578
2020-08-04,37.66,37.78,36.28,37.08,516887
2020-08-05,37.67,38.97,37.055,38.45,820296
2020-08-06,38.35,38.53,36.87,37.2,528467
2020-08-07,36.93,38.0,36.37,37.63,841156
2020-08-10,37.68,37.74,35.9,36.85,602358
2020-08-11,37.16,37.37,35.5,35.68,952570
2020-08-12,35.78,36.49,35.09,35.48,515890
2020-08-13,35.59,37.27,35.485,37.27,484585
2020-08-14,37.42,37.64,36.69,36.93,538115
2020-08-17,37.16,39.05,36.78,38.99,805616
2020-08-18,38.99,39.365,36.83,37.07,761240
2020-08-19,37.11,37.47,36.58,36.79,655936
2020-08-20,36.78,37.065,36.245,36.53,474566
2020-08-21,36.51,37.0,36.08,36.42,629772
2020-08-24,36.6,36.6,34.64,34.69,576070
2020-08-25,34.6,35.51,34.4,35.35,409685
2020-08-26,35.2,35.56,34.64,34.7,360209
2020-08-27,34.7,35.1,34.01,34.69,463333
2020-08-28,34.99,35.46,34.36,34.99,356398
2020-08-31,35.28,35.88,34.81,35.65,624063
2020-09-01,35.65,35.94,34.44,34.7,512029
2020-09-02,34.57,34.62,33.53,33.86,451799
2020-09-03,33.72,33.95,32.69,33.52,636731
2020-09-04,33.82,33.98,31.61,33.03,515105
2020-09-08,32.3,33.74,31.76,33.02,453927
2020-09-09,33.49,34.243,33.2,33.86,315710
2020-09-10,34.0,34.83,32.84,32.9,443574
2020-09-11,33.19,33.295,31.95,32.38,336506
2020-09-14,33.08,35.9,33.08,35.35,717886
2020-09-15,35.79,36.68,35.32,35.61,763901
2020-09-16,35.73,37.15,35.45,36.31,1013570
2020-09-17,36.11,37.25,35.87,37.18,606836
2020-09-18,37.8415,38.15,36.58,38.0,1830503
2020-09-21,37.32,37.78,34.34,34.79,663670
2020-09-22,34.8,36.113,33.32,35.98,535524
2020-09-23,35.84,36.46,34.71,35.22,737218
2020-09-24,34.79,35.38,33.77,34.78,445154
2020-09-25,34.88,37.09,34.88,37.02,626709
2020-09-28,37.35,38.19,36.9,37.26,521045
2020-09-29,37.28,37.84,36.67,37.72,386027
2020-09-30,37.6,38.08,37.11,37.71,783633
2020-10-01,37.74,37.81,35.62,37.56,751963
2020-10-02,36.83,38.05,36.54,36.58,448252
2020-10-05,36.78,39.09,36.72,38.87,552307
2020-10-06,39.15,40.56,38.45,39.26,621401
2020-10-07,39.48,40.795,38.995,40.65,627784
2020-10-08,41.0,41.0,39.93,40.45,473848
2020-10-09,40.88,41.85,39.7,41.54,420084
2020-10-12,41.18,42.0,40.82,41.84,836028
2020-10-13,41.49,43.69,41.26,43.45,477959
2020-10-14,43.15,44.92,42.33,43.17,562939
2020-10-15,42.26,43.12,38.71,39.57,770618
2020-10-16,39.59,40.58,38.97,39.23,527187
2020-10-19,39.29,39.55,36.29,36.34,502311
2020-10-20,36.78,36.78,35.26,35.85,353482
2020-10-21,35.66,36.04,34.33,34.48,467073
2020-10-22,34.4,35.6,34.26,35.34,612887
2020-10-23,36.32,36.41,34.56,36.3,455813
2020-10-26,35.8,36.51,35.24,35.76,377159
2020-10-27,35.81,36.12,35.01,35.93,640896
2020-10-28,35.38,35.97,34.86,35.18,421671
2020-10-29,35.34,35.845,34.57,35.57,449756
2020-10-30,35.41,36.25,33.65,33.92,535692
2020-11-02,34.0,34.51,32.51,33.25,864457
2020-11-03,33.79,34.01,33.02,33.79,857712
2020-11-04,29.52,31.24,27.46,31.06,3696074
2020-11-05,31.61,31.61,29.655,29.8,910701
2020-11-06,28.5,29.27,27.48,27.8,901090
2020-11-09,29.22,29.8699,27.65,27.88,1114966
2020-11-10,28.57,29.42,27.86,29.18,939988
2020-11-11,29.18,30.22,28.73,30.09,812418
2020-11-12,30.1,31.24,30.055,30.84,804169
2020-11-13,30.92,32.46,30.92,32.07,634858
2020-11-16,32.38,33.25,31.81,33.01,1250937
2020-11-17,32.81,33.16,31.9356,33.08,582630
2020-11-18,33.32,34.46,32.85,32.94,515475
2020-11-19,33.26,33.73,31.86,32.13,1024976
2020-11-20,31.72,32.01,30.6,31.23,782848
2020-11-23,31.5,31.87,29.9,30.6,765509
2020-11-24,31.43,31.73,30.42,31.11,677527
2020-11-25,31.29,32.21,30.8356,31.81,688301
2020-11-27,31.84,32.32,31.32,31.52,324699
2020-11-30,31.64,31.91,30.5601,31.05,488497
2020-12-01,31.17,32.37,30.8359,31.95,510190
2020-12-02,31.64,32.5,31.02,31.5,777577
2020-12-03,31.7,32.94,31.56,32.3,359016
2020-12-04,32.34,33.86,32.0079,33.65,507538
2020-12-07,33.62,33.65,27.61,29.06,3720614
2020-12-08,29.4001,29.72,28.22,29.45,1569863
2020-12-09,29.5,30.1,28.14,28.45,570806
2020-12-10,28.5,29.06,27.0007,27.42,1374226
2020-12-11,27.3,28.16,27.15,27.42,816466
2020-12-14,27.75,29.23,27.6286,28.0,762133
2020-12-15,28.46,28.49,27.13,28.23,767285
2020-12-16,28.8761,28.8761,26.625,27.09,1788280
2020-12-17,27.2,27.5,26.73,27.2,890343
2020-12-18,27.32,27.85,26.92,27.14,2301179
2020-12-21,27.0221,28.0,26.51,27.45,957800
2020-12-22,27.49,27.9,27.1,27.55,815394
2020-12-23,27.67,28.08,27.01,27.89,937753
2020-12-24,27.81,28.33,26.96,27.33,358168
2020-12-28,27.46,27.94,26.85,27.02,603443
2020-12-29,27.02,27.36,26.73,26.95,677707
2020-12-30,27.24,27.8,26.6,26.64,670975
2020-12-31,26.49,26.99,25.0607,25.24,879590
2021-01-04,26.13,26.13,24.85,25.79,1262920
2021-01-05,26.0,26.24,25.26,25.86,1031879
2021-01-06,26.15,27.27,25.86,26.68,718478
2021-01-07,27.0,28.16,27.0,27.91,666281
2021-01-08,28.11,28.55,27.355,27.87,472989
2021-01-11,27.66,28.16,27.02,27.98,500567
2021-01-12,28.13,28.76,27.87,28.19,768577
2021-01-13,28.33,28.915,27.085,27.16,570125
2021-01-14,28.22,31.52,27.38,31.07,1622300
2021-01-15,31.24,33.64,30.81,32.39,1927108
2021-01-19,32.69,33.28,31.16,31.6,1063049
2021-01-20,31.9,32.63,30.75,31.57,498289
2021-01-21,31.84,31.98,30.66,31.34,690789
2021-01-22,30.67,31.285,30.43,30.76,458511
2021-01-25,30.78,33.03,30.7,32.98,615738
2021-01-26,34.3,35.69,33.57,34.17,1115242
2021-01-27,33.46,37.78,32.94,37.3,2226237
2021-01-28,37.01,38.52,34.22,34.51,1035755
2021-01-29,35.04,37.48,34.62,34.7,1295797
2021-02-01,34.99,36.26,33.41,35.61,810201
2021-02-02,35.5,37.44,35.5,36.53,658601
2021-02-03,36.48,37.04,33.93,34.04,776995
2021-02-04,35.45,35.49,33.82,34.34,561833
2021-02-05,34.73,35.62,33.915,35.22,460877
2021-02-08,35.24,35.5,34.63,34.93,492038
2021-02-09,35.31,35.31,33.7,33.9,509651
2021-02-10,34.37,34.5511,33.09,33.36,662396
2021-02-11,33.8,35.77,33.07,34.4,721685
2021-02-12,34.5,35.18,33.065,34.73,818559
2021-02-16,34.33,35.58,33.07,33.36,878410
2021-02-17,33.23,35.25,32.81,34.99,889273
2021-02-18,34.0,35.34,33.73,34.29,618940
2021-02-19,34.14,35.22,33.86,34.72,764222
2021-02-22,34.6,35.61,34.06,34.27,588020
2021-02-23,33.09,34.5493,32.02,33.77,699556
2021-02-24,33.84,34.675,33.48,34.44,402588
2021-02-25,34.59,35.26,32.621,32.79,523121
2021-02-26,33.5,35.24,32.66,34.71,949630
2021-03-01,35.9,37.07,35.52,36.5,830000
2021-03-02,36.18,36.44,34.54,34.61,959982
2021-03-03,34.84,34.84,32.95,33.08,1025259
2021-03-04,32.87,33.92,31.6,32.43,1316971
2021-03-05,32.95,34.26,31.63,34.0,967332
2021-03-08,33.76,35.73,33.56,35.46,823457
2021-03-09,35.57,37.59,35.57,37.15,2122088
2021-03-10,37.39,38.85,37.02,38.43,1118723
2021-03-11,38.98,38.98,37.155,38.57,1464873
2021-03-12,38.18,38.53,37.15,38.48,1357817
2021-03-15,38.15,39.03,37.13,39.02,1280458
2021-03-16,39.02,39.1175,37.25,38.17,1562077
2021-03-17,37.46,37.9,36.39,37.3,674482
2021-03-18,36.04,38.08,35.88,36.55,952457
2021-03-19,36.86,38.03,36.21,37.01,2631848
2021-03-22,37.65,38.41,37.23,37.86,445065
2021-03-23,37.48,37.48,35.37,35.52,498241
2021-03-24,35.93,36.63,33.11,33.18,444667
2021-03-25,32.88,34.64,32.55,34.48,860531
2021-03-26,34.51,34.7,33.25,33.78,412371
2021-03-29,33.59,34.26,32.88,33.05,422681
2021-03-30,32.92,33.96,32.36,33.43,404113
2021-03-31,33.9,35.83,33.34,35.3,497871
2021-04-01,35.0,36.0,34.25,34.93,631503
2021-04-05,35.46,35.46,33.76,33.98,510059
2021-04-06,33.68,34.3648,32.94,33.38,591126
2021-04-07,33.38,33.98,32.7605,32.88,308173
2021-04-08,33.0,34.08,32.87,33.65,722571
2021-04-09,33.66,33.89,32.79,32.82,902538
2021-04-12,33.25,33.67,29.53,29.58,840586
2021-04-13,29.59,30.87,29.15,30.835,819916
2021-04-14,31.15,33.42,30.7,32.15,701841
2021-04-15,31.98,32.91,31.56,32.86,588023
2021-04-16,32.81,33.06,32.22,32.51,594775
2021-04-19,32.01,32.62,31.68,32.34,429508
2021-04-20,32.41,32.97,31.92,32.58,842886
2021-04-21,32.57,35.18,31.57,35.12,632963
2021-04-22,34.96,35.63,34.09,34.77,591985
2021-04-23,34.56,35.12,33.67,34.42,529115
2021-04-26,34.87,35.3,33.79,35.14,595661
2021-04-27,35.6,35.88,34.09,35.8,432504
2021-04-28,35.26,35.33,32.86,34.91,997299
2021-04-29,34.69,34.69,31.51,31.98,1071257
2021-04-30,32.01,32.7,30.77,30.92,663625
2021-05-03,30.2,31.45,30.2,30.65,840827
2021-05-04,30.66,30.66,29.15,29.39,460774
2021-05-05,29.87,29.95,28.35,28.71,502803
2021-05-06,28.92,29.63,28.22,29.17,1308166
2021-05-07,29.94,30.94,29.18,30.02,1539214
2021-05-10,29.89,30.4691,28.9,28.98,816583
2021-05-11,28.75,29.27,27.96,28.05,3397911
2021-05-12,27.99,29.65,27.74,27.95,1250379
2021-05-13,28.01,28.475,26.36,26.94,734072
2021-05-14,27.87,28.105,26.9,27.5,1256797
2021-05-17,27.45,28.65,27.2,28.6,1469837
2021-05-18,28.6,30.47,28.55,29.92,1343723
2021-05-19,29.12,29.2412,27.3,28.47,2510771
2021-05-20,31.75,31.77,26.475,26.85,5182753
2021-05-21,26.86,26.86,25.81,26.02,2694213
2021-05-24,26.42,26.46,25.12,25.18,1323685
2021-05-25,25.2,25.709,24.56,24.76,2160949
2021-05-26,24.97,25.595,24.7,25.2,3500382
2021-05-27,25.2,25.35,24.69,24.75,3293023
2021-05-28,24.67,25.94,24.67,25.7,1978157
2021-06-01,25.63,26.145,25.15,25.37,971554
2021-06-02,25.41,25.51,24.71,24.83,1737989
2021-06-03,24.83,24.98,24.03,24.07,1494555
2021-06-04,24.3329,24.47,23.57,23.81,1245146
2021-06-07,23.82,24.45,23.3,24.2,2668955
2021-06-08,24.52,25.41,24.14,24.65,882833
2021-06-09,25.08,25.37,24.815,24.87,657041
2021-06-10,24.8,25.96,24.59,25.76,848641
2021-06-11,25.91,26.115,25.36,26.1,905211
2021-06-14,25.99,26.46,25.25,25.37,882993
2021-06-15,25.25,25.35,24.65,25.03,597640
2021-06-16,25.03,25.68,24.99,25.28,962191
2021-06-17,25.05,25.05,24.26,24.69,841085
2021-06-18,24.88,24.88,23.7,24.48,2645388
2021-06-21,24.91,25.68,24.63,25.14,1090438
2021-06-22,24.99,25.16,23.84,23.95,1312884
2021-06-23,23.9,24.099,23.11,23.49,1794140
2021-06-24,23.58,24.25,23.57,24.16,1371029
2021-06-25,24.21,24.315,23.825,24.18,5378159
2021-06-28,24.42,27.17,24.42,25.55,2035450
2021-06-29,25.39,25.44,24.6114,25.19,1165508
2021-06-30,25.3,26.47,24.92,26.08,1185676
2021-07-01,26.03,26.634,25.75,26.55,608136
2021-07-02,26.45,26.6,25.99,26.28,854303
2021-07-06,26.2,26.26,24.9,24.91,906881
2021-07-07,24.91,25.165,24.0,24.09,873957
2021-07-08,23.66,23.97,23.091,23.59,834104
2021-07-09,23.95,24.13,23.355,24.1,899277
2021-07-12,24.22,24.7485,23.44,23.67,833243
2021-07-13,23.64,23.67,22.82,23.02,1118505
2021-07-14,23.24,23.24,21.928,22.04,1029597
2021-07-15,21.99,22.473,21.32,22.35,838486
2021-07-16,22.55,22.73,22.12,22.63,459367
2021-07-19,22.17,22.99,21.96,22.28,594139
2021-07-20,22.44,23.48,22.19,23.42,849955
2021-07-21,23.33,23.41,22.5,22.65,387982
2021-07-22,22.77,22.79,22.16,22.24,372643
2021-07-23,22.23,22.32,21.5,22.05,391444
2021-07-26,22.16,22.28,21.37,21.7,364119
2021-07-27,21.55,21.99,21.1,21.61,552447
2021-07-28,21.81,22.7,21.71,22.57,387836
2021-07-29,22.56,22.97,22.16,22.37,670809
2021-07-30,22.25,22.59,21.8501,21.95,466864
2021-08-02,22.08,23.0,21.93,22.59,524647
2021-08-03,22.65,22.83,21.25,21.93,661387
2021-08-04,21.6,22.93,21.55,22.13,755431
2021-08-05,22.0,23.77,21.97,23.73,1139768
2021-08-06,23.39,23.76,22.54,23.4,885569
2021-08-09,23.29,23.53,22.51,22.63,587049
2021-08-10,22.72,22.74,21.775,22.03,508753
2021-08-11,22.2,22.21,21.02,21.25,735791
2021-08-12,21.26,21.35,20.58,21.17,526062
2021-08-13,21.16,21.725,20.67,21.44,499037
2021-08-16,21.34,21.44,20.8,21.15,442174
2021-08-17,20.86,23.2399,20.61,22.17,1224535
2021-08-18,22.24,22.62,21.37,21.76,752151
2021-08-19,21.62,22.4599,20.67,21.01,554350
2021-08-20,20.93,24.08,20.93,23.45,1803685
2021-08-23,23.6,25.0,23.545,24.07,1398889
2021-08-24,23.98,24.31,23.47,24.26,631287
2021-08-25,24.14,24.57,23.6815,24.13,564665
2021-08-26,23.96,24.53,23.67,23.74,474756
2021-08-27,23.69,24.725,23.551,24.4,495176
2021-08-30,24.41,24.91,24.08,24.15,861054
2021-08-31,24.13,24.5375,23.67,23.85,567308
2021-09-01,23.76,24.96,23.76,24.78,584221
2021-09-02,25.0,26.155,24.78,26.0,1155213
2021-09-03,25.76,25.91,25.1,25.47,621214
2021-09-07,25.27,26.23,25.15,25.4,418781
2021-09-08,25.25,25.605,24.77,25.15,457095
2021-09-09,25.15,26.05,24.915,25.25,526966
2021-09-10,25.27,25.48,24.53,24.74,440901
2021-09-13,24.97,25.0,24.27,24.77,481457
2021-09-14,24.96,25.2,24.57,24.86,458581
2021-09-15,24.77,25.7,24.535,25.0,624373
2021-09-16,24.88,24.88,23.895,24.51,373383
2021-09-17,24.67,25.43,24.08,25.38,985326
2021-09-20,24.69,25.17,24.32,24.88,561763
2021-09-21,24.98,25.47,24.785,25.32,428814
2021-09-22,25.56,26.2685,25.38,25.67,934724
2021-09-23,25.64,27.86,25.5,27.64,1816534
2021-09-24,27.51,27.64,25.555,25.66,749667
2021-09-27,25.66,26.21,25.1301,25.74,643934
2021-09-28,25.43,25.78,25.18,25.29,535290
2021-09-29,25.46,25.945,25.24,25.74,585190
2021-09-30,25.99,26.135,25.64,25.7,612194
2021-10-01,25.51,25.66,24.02,24.52,575605
2021-10-04,24.16,24.63,23.89,24.27,351347
2021-10-05,24.28,24.98,23.8,24.32,410035
2021-10-06,24.08,24.21,23.67,23.97,586398
2021-10-07,24.07,25.0,23.88,24.38,2124032
2021-10-08,15.97,16.0115,13.13,13.13,24501756
2021-10-11,13.35,14.18,12.9,13.46,8684724
2021-10-12,13.46,13.68,13.01,13.43,5817849
2021-10-13,13.4,16.88,13.35,15.94,12190348
2021-10-14,16.34,18.8,16.16,17.17,8632298
2021-10-15,17.21,17.35,16.4,16.48,2781266
2021-10-18,16.74,16.74,15.67,15.73,1925137
2021-10-19,15.89,16.27,15.48,15.74,1425188
2021-10-20,15.83,16.57,15.66,15.82,2037909
2021-10-21,15.99,16.35,15.78,15.94,967036
2021-10-22,15.9,15.93,15.4001,15.82,1074147
2021-10-25,15.76,15.94,15.3,15.65,834382
2021-10-26,15.7,16.475,15.7,16.02,1380054
2021-10-27,15.99,16.23,15.83,15.94,979367
2021-10-28,15.94,17.31,15.88,17.15,1613545
2021-10-29,17.03,17.36,16.8027,17.24,1164495
2021-11-01,17.04,18.93,17.03,18.74,1836681
2021-11-02,18.89,19.87,18.76,19.57,2139638
2021-11-03,19.36,20.4,19.22,20.16,1446292
2021-11-04,20.16,20.27,19.16,19.43,1921398
2021-11-05,20.2,20.75,19.57,20.14,1797225
2021-11-08,20.06,20.1,19.22,19.65,1034308
2021-11-09,19.64,19.66,18.905,19.0,856841
2021-11-10,18.8,19.14,18.6,18.96,1568781
2021-11-11,18.94,19.5,18.48,19.23,1820936
2021-11-12,19.54,19.62,18.855,19.26,747829
2021-11-15,19.49,19.49,18.75,18.87,748688
2021-11-16,18.68,19.42,18.395,19.37,690950
2021-11-17,19.14,19.52,18.9,19.02,705554
2021-11-18,19.05,19.28,17.78,18.06,2843542
2021-11-19,18.15,19.15,18.03,18.81,967376
2021-11-22,18.98,19.15,18.27,18.38,496862
2021-11-23,18.22,18.55,17.62,18.52,639689
2021-11-24,18.24,18.81,18.02,18.67,423696
2021-11-26,18.44,18.63,17.5,17.98,741288
2021-11-29,18.17,18.28,17.56,17.79,683775
2021-11-30,17.66,18.57,17.6,18.49,782227
2021-12-01,18.26,19.25,17.96,18.21,1298179
2021-12-02,18.045,19.2,17.905,19.09,747639
2021-12-03,19.1,19.1,17.39,17.62,1095987
2021-12-06,17.56,17.7,17.01,17.22,757438
2021-12-07,17.58,19.09,17.58,18.75,1378204
2021-12-08,18.55,19.11,17.86,18.91,670452
2021-12-09,18.71,18.94,18.02,18.05,586119
2021-12-10,18.04,18.51,17.81,18.03,749973
2021-12-13,18.22,18.68,13.8812,14.11,4046245
2021-12-14,13.88,14.69,13.25,14.3,4301682
2021-12-15,14.15,15.56,14.02,15.37,2132731
2021-12-16,15.3,15.54,14.77,14.8,1115187
2021-12-17,14.66,15.99,14.35,15.81,3108634
2021-12-20,15.4,15.77,15.15,15.48,1537418
2021-12-21,15.58,15.8092,15.21,15.64,1011890
2021-12-22,15.64,15.785,15.28,15.51,1263811
2021-12-23,15.59,15.87,15.32,15.66,1552842
2021-12-27,15.62,15.64,15.3,15.4,1343221
2021-12-28,15.43,16.2,15.33,15.41,1362983
2021-12-29,15.44,15.55,15.055,15.35,731734
2021-12-30,15.44,16.0,15.2,15.38,787873
2021-12-31,15.575,15.64,14.88,14.92,598708
2022-01-03,14.95,15.4,14.81,15.29,801976
2022-01-04,15.25,15.39,14.1,14.49,1169698
2022-01-05,14.47,14.85,13.72,13.75,925875
2022-01-06,13.75,14.07,13.4,13.61,770956
2022-01-07,13.7,14.02,13.37,13.46,708691
2022-01-10,13.81,13.87,11.54,12.2,6040151
2022-01-11,12.4,13.155,12.24,12.9,2554527
2022-01-12,13.06,13.06,12.29,12.33,2456016
2022-01-13,12.34,12.35,11.78,11.96,1543975
2022-01-14,11.79,13.34,11.74,13.28,3131600
2022-01-18,13.03,13.03,11.77,11.775,2500764
2022-01-19,12.21,12.34,11.64,11.68,2181417
2022-01-20,11.82,12.2502,11.52,11.58,1498662
2022-01-21,11.51,11.87,11.36,11.36,1762468
2022-01-24,11.15,11.48,10.465,11.34,2493383
2022-01-25,11.12,11.51,10.79,11.36,2277406
2022-01-26,11.6,12.14,11.13,11.22,1215116
2022-01-27,11.42,11.78,10.37,10.5,2010281
2022-01-28,10.55,10.76,9.97,10.62,1976596
2022-01-31,10.69,11.5,10.57,11.45,1290448
2022-02-01,11.52,12.08,11.14,11.88,949729
2022-02-02,11.86,11.86,11.0,11.11,932184
2022-02-03,11.03,11.17,10.5765,10.6,1102383
2022-02-04,10.67,11.17,10.565,11.02,1130561
2022-02-07,10.98,11.44,10.97,11.23,919648
2022-02-08,11.15,11.15,10.48,10.8,934742
2022-02-09,11.02,11.23,10.82,11.05,1332920
2022-02-10,10.69,11.06,10.4,10.62,1704186
2022-02-11,10.7,10.84,10.09,10.15,1145959
2022-02-14,10.22,10.28,9.91,9.98,960643
2022-02-15,10.2,10.39,10.06,10.19,1021930
2022-02-16,10.26,10.26,9.822,10.16,1163916
2022-02-17,10.01,10.12,9.53,9.57,1126093
2022-02-18,9.5,9.635,9.1,9.3,1117160
2022-02-22,9.3,10.06,9.12,9.72,1503153
2022-02-23,9.79,10.08,9.145,9.17,1178197
2022-02-24,8.97,9.31,8.33,9.25,3573422
2022-02-25,9.28,9.46,8.58,9.43,3901452
2022-02-28,9.29,9.56,9.04,9.15,1308659
2022-03-01,9.06,9.14,8.47,8.59,1460684
2022-03-02,8.73,8.865,8.35,8.77,1943082
2022-03-03,8.78,8.79,8.38,8.6,1453089
2022-03-04,8.5,8.705,7.97,8.04,931828
2022-03-07,8.27,8.3,7.91,8.02,1044789
2022-03-08,8.04,8.5,7.75,8.16,1886987
2022-03-09,8.37,8.88,8.33,8.82,1961651
2022-03-10,8.58,8.8,8.455,8.71,1220355
2022-03-11,8.81,8.82,8.14,8.17,1572647
2022-03-14,8.17,8.7,7.56,7.65,1472241
2022-03-15,7.69,8.0,7.58,7.8,1602986
2022-03-16,7.91,8.41,7.89,8.39,1406881
2022-03-17,8.29,9.225,8.09,9.0,2101503
2022-03-18,8.84,9.84,8.84,9.76,9085401
2022-03-21,9.55,9.73,9.34,9.49,1751708
2022-03-22,9.57,10.035,9.45,9.96,1150072
2022-03-23,9.85,10.13,9.635,9.69,1014464
2022-03-24,9.81,9.97,9.56,9.93,767584
2022-03-25,9.95,9.95,9.58,9.65,658550
2022-03-28,9.69,9.84,9.24,9.53,1348938
2022-03-29,9.7,10.06,9.59,10.04,1356115
2022-03-30,9.98,10.15,9.28,9.35,1398966
2022-03-31,9.39,9.61,9.1,9.11,1372852
2022-04-01,9.2,9.56,9.1,9.45,1295947
2022-04-04,9.5,10.14,9.48,9.95,1730475
2022-04-05,9.85,9.99,9.49,9.54,899232
2022-04-06,9.39,9.6,9.24,9.48,744213
2022-04-07,9.41,9.49,8.98,9.06,1398662
2022-04-08,9.24,9.2839,8.795,8.84,1527901
2022-04-11,8.85,8.99,8.42,8.47,1716457
2022-04-12,8.61,8.88,8.24,8.51,1443588
2022-04-13,8.55,8.81,8.47,8.76,1697472
2022-04-14,8.68,8.6919,8.2,8.25,1032207
2022-04-18,8.27,8.27,7.72,7.79,1122162
2022-04-19,7.83,8.16,7.83,7.95,1111939
2022-04-20,7.97,8.21,7.685,7.92,1030604
2022-04-21,8.2,8.2,7.5,7.61,1530408
2022-04-22,7.54,7.87,7.48,7.8,2892198
2022-04-25,7.71,8.39,7.63,8.3,1817058
2022-04-26,8.18,8.64,8.11,8.46,3309670
2022-04-27,8.44,8.72,8.16,8.39,2467611
2022-04-28,8.47,8.62,7.94,8.5,3292994
2022-04-29,8.47,8.82,8.34,8.35,1557773
2022-05-02,8.28,9.11,8.0901,9.11,1894031
2022-05-03,9.01,9.26,8.74,9.04,1801772
2022-05-04,8.93,9.49,8.66,9.43,1508504
2022-05-05,9.18,10.13,8.98,9.25,3337253
2022-05-06,9.0,9.235,8.67,9.18,2864471
2022-05-09,8.97,8.97,7.29,7.33,2356826
2022-05-10,7.74,7.84,7.04,7.67,2368119
2022-05-11,7.65,7.65,6.73,6.78,2380852
2022-05-12,6.66,7.1401,6.425,6.97,3186011
2022-05-13,7.1,7.47,6.96,7.23,2978858
2022-05-16,7.14,7.39,6.87,7.08,1899302
2022-05-17,7.35,7.62,7.1706,7.6,1669680
2022-05-18,7.37,7.53,7.145,7.27,1476869
2022-05-19,7.26,7.625,7.24,7.55,1975798
2022-05-20,7.57,7.69,6.97,7.48,1442796
2022-05-23,7.53,7.67,7.32,7.46,1045121
2022-05-24,7.29,7.51,7.13,7.34,2104932
2022-05-25,7.33,7.475,7.22,7.36,1768122
2022-05-26,7.4,7.71,7.31,7.5,1037395
2022-05-27,7.55,8.03,7.41,8.0,1273187
2022-05-31,7.94,8.3,7.68,7.93,1665754
2022-06-01,7.94,8.29,7.665,7.7,1208327
2022-06-02,7.66,7.9,7.5,7.87,1116031
2022-06-03,7.81,8.51,7.8,8.32,1682979
2022-06-06,8.35,8.65,7.96,8.07,1557007
2022-06-07,7.96,9.51,7.89,9.49,2510112
2022-06-08,9.37,10.59,9.36,10.46,3589286
2022-06-09,10.4,10.89,10.24,10.75,2916501
2022-06-10,10.43,10.65,9.669,9.74,1812357
2022-06-13,9.39,9.39,8.4101,8.85,2619216
2022-06-14,8.69,9.12,8.45,9.11,1770811
2022-06-15,9.23,9.74,9.12,9.62,2746550
2022-06-16,9.25,9.55,8.93,9.42,2710663
2022-06-17,9.52,11.02,9.52,10.96,8896567
2022-06-21,10.99,11.98,10.99,11.37,3882727
2022-06-22,11.22,12.215,11.06,11.96,2227302
2022-06-23,12.04,12.25,11.63,12.19,2104820
2022-06-24,12.19,12.445,11.5,12.28,6204778
2022-06-27,12.22,12.5,11.6,11.7,1151466
2022-06-28,11.69,11.905,11.22,11.48,1947670
2022-06-29,11.39,11.825,11.01,11.68,1099838
2022-06-30,11.462,11.625,11.02,11.4,2298072
2022-07-01,11.37,11.63,11.12,11.51,1504739
2022-07-05,11.44,12.33,11.21,11.76,2802679
2022-07-06,11.72,12.34,11.38,11.58,2198598
2022-07-07,11.61,11.978,11.47,11.71,1614300
2022-07-08,11.52,12.155,11.08,12.03,1539737
2022-07-11,11.82,11.87,11.02,11.1,1494683
2022-07-12,11.12,11.75,10.46,11.6,1778746
2022-07-13,11.35,12.48,11.125,12.24,2158200
2022-07-14,12.22,12.28,11.585,11.86,1013729
2022-07-15,13.28,14.06,12.21,12.81,3863789
2022-07-18,12.8,13.5,12.31,12.5,1656774
2022-07-19,12.65,13.32,12.63,13.31,1420203
2022-07-20,13.27,14.35,13.27,14.07,1910501
2022-07-21,13.97,14.4296,13.97,14.37,932273
2022-07-22,14.48,14.48,13.315,13.36,892505
2022-07-25,13.51,13.75,13.06,13.62,1180394
2022-07-26,13.65,13.885,13.213,13.55,913134
2022-07-27,13.65,14.16,13.5,14.0,1064094
2022-07-28,13.93,14.02,12.39,13.25,1079834
2022-07-29,13.13,13.3,12.62,12.98,1017572
2022-08-01,12.82,12.93,12.01,12.12,1705757
2022-08-02,11.97,12.6,11.88,12.51,1296382
2022-08-03,12.77,13.97,12.77,13.62,1573897
2022-08-04,13.63,14.95,13.53,14.72,2124672
2022-08-05,14.46,15.5,14.15,15.46,1588283
2022-08-08,15.37,16.075,15.37,15.96,2127494
2022-08-09,15.64,16.04,14.8803,15.03,1843299
2022-08-10,14.57,16.76,14.27,16.2,2730263
2022-08-11,16.24,17.18,15.73,16.57,2346925
2022-08-12,16.67,17.49,16.6657,17.25,1934135
2022-08-15,17.13,17.39,16.665,17.28,1381514
2022-08-16,17.23,17.23,16.04,16.58,1317994
2022-08-17,16.36,16.535,15.59,15.81,1216955
2022-08-18,15.84,15.84,15.05,15.36,1653104
2022-08-19,15.02,15.27,14.56,14.81,1307656
2022-08-22,14.47,14.815,14.21,14.38,1440674
2022-08-23,14.48,15.1,14.29,14.89,904833
2022-08-24,14.84,15.555,14.63,15.3,981902
2022-08-25,15.53,15.69,15.145,15.59,603033
2022-08-26,15.56,15.56,14.01,14.11,1029509
2022-08-29,13.92,14.685,13.78,13.92,1055794
2022-08-30,14.16,14.4897,13.39,13.62,1024492
2022-08-31,13.93,14.3093,13.58,13.71,1109382
2022-09-01,13.69,14.27,13.45,14.22,1018445
2022-09-02,14.27,14.75,13.81,14.2,1003585
2022-09-06,14.32,14.67,13.75,13.84,1160331
2022-09-07,13.73,14.51,13.685,14.44,1250681
2022-09-08,14.29,15.46,14.29,15.4,1095364
2022-09-09,15.4,15.555,14.97,15.07,702809
2022-09-12,15.11,15.31,14.44,14.5,1839922
2022-09-13,14.16,14.27,13.61,13.79,2159998
2022-09-14,13.83,14.57,13.684,14.38,2089076
2022-09-15,14.25,14.38,13.47,14.0,2496935
2022-09-16,13.72,14.03,13.305,13.67,3969240
2022-09-19,13.44,13.515,12.8,13.16,1561796
2022-09-20,13.02,13.64,13.01,13.35,1207267
2022-09-21,13.41,13.41,11.48,11.53,2366067
2022-09-22,11.3,11.3,10.73,10.84,3171963
2022-09-23,10.54,10.79,10.25,10.62,4353915
2022-09-26,10.55,11.55,10.55,10.88,2681352
2022-09-27,11.08,11.57,10.96,11.26,1894592
2022-09-28,11.49,11.875,11.32,11.43,1906234
2022-09-29,11.27,11.3,10.175,10.32,2648610
2022-09-30,10.29,11.08,10.18,10.8,2358079
2022-10-03,11.08,11.21,10.61,10.67,1121964
2022-10-04,10.98,11.24,10.68,11.0,1931034
2022-10-05,10.72,10.95,10.1,10.78,1339182
2022-10-06,10.78,11.21,10.57,10.96,1371292
2022-10-07,10.89,12.21,10.28,10.36,5254957
2022-10-10,10.33,10.99,10.05,10.9,1181406
2022-10-11,10.89,11.44,10.35,11.02,1802503
2022-10-12,10.99,11.23,10.73,11.11,1241389
2022-10-13,10.84,11.08,10.335,10.98,1503023
2022-10-14,11.18,11.28,10.15,10.18,1124561
2022-10-17,10.53,10.53,9.92,10.27,1976371
2022-10-18,10.48,10.78,10.23,10.35,1481410
2022-10-19,10.18,10.25,9.73,10.02,1649296
2022-10-20,10.04,10.22,9.605,9.68,1069585
2022-10-21,9.74,10.17,9.52,10.06,1067148
2022-10-24,10.05,10.055,9.48,9.75,829116
2022-10-25,9.84,10.06,9.75,9.79,1299146
2022-10-26,9.76,10.73,9.76,10.45,1705136
2022-10-27,10.63,10.66,10.0,10.23,799175
2022-10-28,10.29,10.83,10.13,10.77,1054139
2022-10-31,10.64,10.82,10.16,10.3,1472138
2022-11-01,10.53,10.78,10.16,10.57,959025
2022-11-02,10.57,10.81,10.09,10.17,909444
2022-11-03,9.41,9.805,8.46,9.52,3411598
2022-11-04,9.68,9.68,8.84,9.34,2011940
2022-11-07,9.31,9.69,8.95,9.07,1249433
2022-11-08,9.19,9.32,8.76,8.95,2019169
2022-11-09,8.97,9.01,8.72,8.76,1416518
2022-11-10,9.18,9.7,9.12,9.54,3540228
2022-11-11,9.45,10.3599,9.39,10.02,2143784
2022-11-14,10.04,10.35,9.72,9.73,1525038
2022-11-15,10.06,10.44,9.84,9.9,1205175
2022-11-16,9.77,9.875,9.4,9.69,1534481
2022-11-17,9.6,10.11,9.45,10.01,1028653
2022-11-18,10.27,10.33,9.86,10.24,1446622
2022-11-21,10.17,10.4798,10.09,10.3,2836329
2022-11-22,10.27,10.745,9.99,10.7,2230937
2022-11-23,10.76,11.1,10.37,10.6,2089947
2022-11-25,10.47,10.86,10.4,10.77,762462
2022-11-28,10.64,10.87,9.95,10.26,1322024
2022-11-29,10.25,10.65,9.11,9.31,4500370
2022-11-30,9.43,9.94,9.34,9.86,3347852
2022-12-01,9.83,10.0,9.16,9.37,1324036
2022-12-02,9.26,9.55,8.935,9.46,1865941
2022-12-05,9.46,9.6,9.21,9.38,1655696
2022-12-06,9.35,9.39,8.74,8.79,1168656
2022-12-07,8.78,9.19,8.72,9.03,1073557
2022-12-08,9.09,9.09,8.75,8.98,783140
2022-12-09,9.0,9.06,8.75,8.76,839244
2022-12-12,7.65,8.12,7.505,8.05,3136002
2022-12-13,8.38,8.41,7.755,8.01,1746152
2022-12-14,7.91,8.28,7.63,7.74,2141565
2022-12-15,7.6,7.71,6.965,7.08,3548694
2022-12-16,6.93,7.06,6.615,6.91,5871002
2022-12-19,6.87,6.945,6.47,6.5,1779145
2022-12-20,6.42,6.44,6.21,6.3,2212964
2022-12-21,6.31,6.425,6.09,6.25,2042668
2022-12-22,6.18,6.18,5.905,6.05,2073093
2022-12-23,6.05,6.095,5.82,5.96,1189791
2022-12-27,5.97,6.02,5.555,5.62,1220724
2022-12-28,5.64,5.86,5.6,5.78,1356915
2022-12-29,5.84,6.135,5.695,5.97,2245994
2022-12-30,5.89,6.3,5.84,6.29,1569961
2023-01-03,6.46,6.4951,5.73,5.76,1840327
2023-01-04,5.8,6.02,5.615,5.8,2888211
2023-01-05,5.77,5.925,5.405,5.81,2145469
2023-01-06,6.17,6.28,5.815,6.09,1976639
2023-01-09,6.19,6.2,5.9,5.93,1382696
2023-01-10,5.9,6.15,5.86,6.09,1581859
2023-01-11,6.08,6.72,5.96,6.55,3271938
2023-01-12,6.57,7.03,6.27,7.0,2485370
2023-01-13,6.9,7.37,6.82,7.06,1976068
2023-01-17,7.04,7.14,6.81,6.95,1567536
2023-01-18,7.0,7.22,6.42,6.46,1926998
2023-01-19,6.37,6.45,6.08,6.37,1669401
2023-01-20,6.57,6.63,6.33,6.55,1321262
2023-01-23,6.6,7.085,6.4147,6.86,1558387
2023-01-24,7.14,8.1,7.09,7.94,3862612
2023-01-25,7.77,8.095,7.265,7.99,2570768
2023-01-26,8.08,8.11,7.66,7.83,1844789
2023-01-27,7.85,8.44,7.81,7.92,1976831
2023-01-30,7.79,8.0,7.57,7.67,1465200
2023-01-31,7.68,7.93,7.56,7.72,1851872
2023-02-01,7.71,8.15,7.57,7.97,1345072
2023-02-02,8.15,8.4,8.035,8.21,1807987
2023-02-03,8.0,8.11,7.665,7.78,1076598
2023-02-06,7.74,7.8,7.55,7.67,736984
2023-02-07,7.67,7.76,7.48,7.72,874414
2023-02-08,7.71,7.7477,7.19,7.2,1276838
2023-02-09,7.27,7.35,6.88,6.92,1027214
2023-02-10,6.93,7.03,6.71,6.87,1506303
2023-02-13,6.85,7.12,6.74,7.12,1259173
2023-02-14,7.06,7.185,6.89,7.1,1369858
2023-02-15,7.06,7.24,6.97,7.23,1075371
2023-02-16,7.08,7.295,6.995,7.01,1590548
2023-02-17,7.04,7.2,6.9,7.2,1446266
2023-02-21,7.05,7.1009,6.61,6.68,2552692
2023-02-22,6.675,6.92,6.62,6.72,2040387
2023-02-23,6.76,6.8299,6.16,6.49,1618140
2023-02-24,6.41,6.42,6.09,6.19,2138969
2023-02-27,6.28,6.4091,6.205,6.33,1414590
2023-02-28,6.36,6.58,6.3,6.35,1776849
2023-03-01,6.74,7.14,6.25,6.34,2678119
2023-03-02,6.29,6.46,5.944,6.02,2838587
2023-03-03,6.04,6.155,5.91,5.99,2011211
2023-03-06,6.03,6.04,5.645,5.95,3031666
2023-03-07,5.95,6.1786,5.87,5.96,2617445
2023-03-08,5.96,6.07,5.79,6.06,2000970
2023-03-09,6.08,6.14,5.75,5.79,2450712
2023-03-10,5.79,5.79,5.49,5.7,3274389
2023-03-13,5.6,5.95,5.53,5.62,2710933
2023-03-14,5.7,5.77,5.46,5.61,1892666
2023-03-15,5.51,5.765,5.42,5.66,2720999
2023-03-16,5.62,5.645,5.36,5.51,1389671
2023-03-17,5.46,5.56,5.3,5.49,2605098
2023-03-20,5.27,5.475,5.27,5.37,1475399
2023-03-21,5.37,5.545,5.34,5.36,1298808
2023-03-22,5.33,5.44,5.0,5.04,2482610
2023-03-23,5.12,5.24,5.0,5.05,1637782
2023-03-24,4.99,5.06,4.905,5.02,1379034
2023-03-27,5.02,5.195,4.96,5.03,1292157
2023-03-28,4.99,5.1,4.91,4.92,841064
2023-03-29,5.0,5.155,4.88,5.11,1389669
2023-03-30,5.15,5.23,4.8301,4.97,1547093
2023-03-31,5.0,5.11,4.84,4.94,1940970
2023-04-03,4.94,5.15,4.92,5.09,1404451
2023-04-04,5.12,5.12,4.72,4.86,1923921
2023-04-05,4.88,5.0,4.87,4.94,904704
2023-04-06,4.94,4.97,4.79,4.89,1498048
2023-04-10,4.91,4.92,4.42,4.53,2274873
2023-04-11,4.53,4.68,4.49,4.65,1118592
2023-04-12,4.7,4.7,4.525,4.59,1447786
2023-04-13,4.65,5.21,4.645,5.05,2507812
2023-04-14,5.05,5.11,4.955,4.99,1578953
2023-04-17,5.04,5.42,4.725,4.84,2708988
2023-04-18,4.93,5.0,4.6013,4.8,1526076
2023-04-19,4.73,4.97,4.6,4.93,1550292
2023-04-20,4.88,5.04,4.81,4.99,2379261
2023-04-21,4.95,5.485,4.82,5.41,3875377
2023-04-24,5.42,5.59,5.16,5.37,2083920
2023-04-25,5.37,5.89,5.33,5.6,3959190
2023-04-26,5.61,5.72,5.37,5.43,1304707
2023-04-27,5.5,5.6,5.23,5.32,2161027
2023-04-28,5.36,5.53,5.18,5.43,1476769
2023-05-01,5.4,5.6875,5.37,5.53,2293548
2023-05-02,5.49,5.7,5.285,5.35,3165379
2023-05-03,5.37,5.84,5.37,5.72,2559390
2023-05-04,5.7,6.87,5.6,6.45,7261682
2023-05-05,6.49,6.745,6.2799,6.6,2083078
2023-05-08,6.59,6.61,6.24,6.32,1792777
2023-05-09,6.25,6.31,6.03,6.23,1895943
2023-05-10,6.29,6.43,6.125,6.36,1961557
2023-05-11,6.38,6.41,6.11,6.18,1492914
2023-05-12,6.2,6.24,6.045,6.09,1003371
2023-05-15,6.15,6.89,6.12,6.74,2285673
2023-05-16,6.61,6.61,6.12,6.13,2973361
2023-05-17,6.1,6.27,5.9305,6.12,1297085
2023-05-18,6.11,6.255,5.95,6.08,1487131
2023-05-19,6.14,6.35,5.98,6.08,1287076
2023-05-22,6.08,6.22,6.0194,6.09,1060177
2023-05-23,6.07,6.405,6.04,6.05,1771070
2023-05-24,6.12,6.12,5.52,5.69,1947140
2023-05-25,5.67,5.7669,5.4301,5.47,1970186
2023-05-26,5.45,5.61,5.36,5.53,1258574
2023-05-30,5.53,5.67,5.16,5.19,2372117
2023-05-31,5.2,5.52,5.04,5.25,1721812
2023-06-01,5.24,5.44,5.07,5.32,1336965
2023-06-02,5.43,5.62,5.38,5.61,1545141
2023-06-05,5.62,5.6899,5.405,5.57,1889968
2023-06-06,5.56,5.95,5.5,5.88,1921460
2023-06-07,5.89,6.0,5.73,5.84,1400265
2023-06-08,5.83,5.87,5.635,5.8,1448578
2023-06-09,5.8,5.85,5.6,5.64,724110
2023-06-12,5.69,5.99,5.6101,5.74,1631868
2023-06-13,5.8,5.9699,5.6,5.7,1852333
2023-06-14,5.55,5.615,4.75,4.985,8205845
2023-06-15,4.95,5.04,4.785,4.97,2671698
2023-06-16,4.99,5.03,4.755,4.85,4827732
2023-06-20,4.79,4.875,4.56,4.81,2223967
2023-06-21,4.74,4.76,4.49,4.71,1918222
2023-06-22,4.68,4.74,4.545,4.7,1609637
2023-06-23,4.62,4.77,4.3,4.75,26805618
2023-06-26,5.005,5.035,4.67,4.73,3010846
2023-06-27,4.76,4.77,4.55,4.59,3429114
2023-06-28,4.55,4.72,4.43,4.63,5172825
2023-06-29,4.62,4.66,4.485,4.58,4512549
2023-06-30,4.65,5.1,4.59,4.97,4690777
2023-07-03,4.94,5.095,4.8828,4.96,901665
2023-07-05,4.97,5.18,4.9,4.98,1483745
2023-07-06,4.92,5.07,4.8309,5.02,1102404
2023-07-07,5.02,5.43,4.99,5.42,3091356
2023-07-10,5.41,5.99,5.375,5.96,3582043
2023-07-11,5.96,6.05,5.7,5.79,2149288
2023-07-12,5.89,5.895,5.665,5.8,1500859
2023-07-13,5.87,5.87,5.19,5.215,2671200
2023-07-14,5.28,5.28,4.9,4.96,2373110
2023-07-17,5.0,5.32,4.89,5.29,1893624
2023-07-18,5.29,5.56,5.28,5.32,1331525
2023-07-19,5.4,5.5399,5.35,5.41,1540273
2023-07-20,5.41,5.47,5.23,5.28,1391619
2023-07-21,5.33,5.49,5.26,5.4,1631911
2023-07-24,5.4,5.4,4.935,4.94,1946020
2023-07-25,5.11,5.14,4.955,5.02,1615170
2023-07-26,5.02,5.15,4.965,5.06,1446609
2023-07-27,5.14,5.15,4.71,4.73,2022226
2023-07-28,4.79,5.01,4.79,4.92,1539632
2023-07-31,4.96,4.9985,4.89,4.96,1089993
2023-08-01,4.95,4.95,4.71,4.79,1503059
2023-08-02,4.75,4.8,4.57,4.69,2702192
2023-08-03,4.83,5.41,4.72,5.14,8296394
2023-08-04,5.25,5.26,4.57,4.59,3056133
2023-08-07,4.61,4.65,4.21,4.25,3661102
2023-08-08,4.285,4.55,4.12,4.46,3053771
2023-08-09,4.47,4.6001,4.28,4.34,1625760
2023-08-10,4.32,4.32,4.13,4.21,1287723
2023-08-11,4.17,4.275,4.1201,4.2,972822
2023-08-14,4.14,4.155,3.89,4.13,2288803
2023-08-15,4.13,4.13,3.99,4.08,1465581
2023-08-16,4.04,4.1,3.98,4.0,1777863
2023-08-17,4.03,4.06,3.96,4.0,2335506
2023-08-18,3.94,4.081,3.89,3.95,1186580
2023-08-21,3.94,4.005,3.7,3.9,1448748
2023-08-22,3.91,3.9479,3.805,3.84,640999
2023-08-23,3.84,4.025,3.84,3.92,1329811
2023-08-24,3.9,3.9,3.77,3.81,1598208
2023-08-25,3.83,3.95,3.79,3.87,1092149
2023-08-28,3.88,3.95,3.77,3.78,948585
2023-08-29,3.78,3.87,3.75,3.84,941581
2023-08-30,3.86,3.96,3.77,3.96,1442036
2023-08-31,3.94,3.975,3.84,3.89,1368027
2023-09-01,3.9,4.06,3.9,4.05,3416476
2023-09-05,4.05,4.18,3.915,3.96,1511756
2023-09-06,3.97,4.13,3.89,4.11,2033098
2023-09-07,4.1,4.1,3.89,4.0,1384127
2023-09-08,4.0,4.115,3.915,4.08,1536496
2023-09-11,4.06,4.14,3.945,4.11,2459730
2023-09-12,4.14,4.28,4.1,4.19,919040
2023-09-13,4.17,4.22,3.87,3.88,1998799
2023-09-14,3.9,4.0,3.865,3.95,2068315
2023-09-15,3.95,3.99,3.83,3.89,3695165
2023-09-18,3.88,3.975,3.85,3.89,1482206
2023-09-19,3.88,3.925,3.78,3.91,1364157
2023-09-20,3.9,3.95,3.76,3.77,1101754
2023-09-21,3.71,3.77,3.64,3.72,1260858
2023-09-22,3.73,3.81,3.63,3.65,1514587
2023-09-25,3.63,3.65,3.39,3.51,1335932
2023-09-26,3.52,3.645,3.36,3.36,1360349
2023-09-27,3.4,3.505,3.365,3.39,1313920
2023-09-28,3.4,3.44,3.28,3.41,966654
2023-09-29,3.44,3.47,3.075,3.17,2859806
2023-10-02,3.18,3.2005,3.04,3.1,2021536
2023-10-03,3.09,3.17,2.95,3.16,1249755
2023-10-04,3.15,3.1699,2.88,3.0,1542155
2023-10-05,2.97,3.16,2.965,3.15,1408477
2023-10-06,3.1,3.11,2.95,3.03,1135211
2023-10-09,3.0,3.0,2.88,2.97,853654
2023-10-10,2.97,3.18,2.92,3.13,1019884
2023-10-11,3.13,3.23,3.04,3.08,834018
2023-10-12,3.08,3.1,2.89,2.96,1919798
2023-10-13,2.97,3.245,2.895,3.19,1197223
2023-10-16,3.2,3.25,3.03,3.24,1155539
2023-10-17,3.22,3.3875,3.16,3.19,1121839
2023-10-18,3.19,3.21,3.055,3.08,976537
2023-10-19,3.08,3.08,2.88,2.98,1086884
2023-10-20,2.98,3.14,2.94,3.0,1446137
2023-10-23,2.99,3.01,2.78,2.78,1332304
2023-10-24,2.81,2.93,2.75,2.78,1512249
2023-10-25,2.75,2.78,2.645,2.66,1180450
2023-10-26,2.68,2.73,2.61,2.64,1332767
2023-10-27,2.65,2.66,2.53,2.53,1296601
2023-10-30,2.57,2.82,2.57,2.76,1208650
2023-10-31,2.72,2.85,2.6399,2.82,1084000
2023-11-01,2.8,2.855,2.735,2.83,1118802
2023-11-02,2.88,3.01,2.8321,2.97,1512509
2023-11-03,3.13,3.645,3.02,3.5,3712355
2023-11-06,3.54,3.58,3.15,3.16,2097390
2023-11-07,3.16,3.28,3.08,3.28,2186271
2023-11-08,3.28,3.2993,2.83,2.86,2522912
2023-11-09,2.89,2.89,2.51,2.515,1907803
2023-11-10,2.52,2.5665,2.31,2.5,2092271
2023-11-13,2.49,2.5191,2.38,2.42,2056620
2023-11-14,2.55,2.68,2.43,2.65,6751244
2023-11-15,2.64,2.92,2.62,2.72,3093594
2023-11-16,2.7,2.85,2.535,2.81,2942820
2023-11-17,2.85,3.1,2.84,2.95,2828152
2023-11-20,2.93,3.12,2.885,2.99,1606986
2023-11-21,2.92,3.02,2.81,2.82,1443897
2023-11-22,2.85,2.895,2.72,2.72,1039486
2023-11-24,2.72,2.9,2.72,2.84,694624
2023-11-27,2.83,2.875,2.53,2.54,2309837
2023-11-28,2.56,2.64,2.45,2.58,1914815
2023-11-29,2.58,2.75,2.25,2.28,4249379
2023-11-30,2.35,2.46,2.23,2.35,3894331
2023-12-01,2.34,2.55,2.23,2.52,2369514
2023-12-04,2.51,2.69,2.42,2.56,2568899
2023-12-05,2.54,2.675,2.45,2.52,1569046
2023-12-06,2.54,2.68,2.47,2.56,3317080
2023-12-07,2.6,2.6,2.43,2.52,2375130
2023-12-08,2.64,2.66,2.45,2.47,2649541
2023-12-11,2.46,2.49,2.29,2.4,2965687
2023-12-12,2.42,2.44,2.25,2.36,3682160
2023-12-13,2.36,2.595,2.27,2.57,3799208
2023-12-14,2.63,2.79,2.625,2.71,4840181
2023-12-15,2.72,2.83,2.61,2.71,14590749
2023-12-18,2.75,2.94,2.62,2.91,3150372
2023-12-19,2.95,3.095,2.8915,2.99,4820802
2023-12-20,2.95,2.96,2.76,2.78,4274823
2023-12-21,2.85,2.9202,2.72,2.76,1457565
2023-12-22,2.83,3.3,2.82,3.06,3560005
2023-12-26,3.12,3.2088,3.05,3.08,1657939
2023-12-27,3.11,3.2,2.92,3.2,2679436
2023-12-28,3.18,3.4,3.16,3.27,2268429
2023-12-29,3.3,3.37,3.17,3.21,1854223
2024-01-02,3.19,3.7693,3.118,3.62,5504182
2024-01-03,3.57,3.57,3.29,3.33,2713122
2024-01-04,3.35,3.44,3.3,3.39,1687990
2024-01-05,2.8,2.93,2.61,2.915,9757458
2024-01-08,2.85,3.165,2.83,3.13,4484573
2024-01-09,3.07,3.15,2.99,3.05,2698743
2024-01-10,3.06,3.18,2.94,3.17,3058383
2024-01-11,3.1,3.425,3.06,3.21,5489969
2024-01-12,3.27,3.4,3.15,3.22,3192242
2024-01-16,3.16,3.19,3.0111,3.13,2293975
2024-01-17,3.06,3.33,3.04,3.15,2795632
2024-01-18,3.17,3.218,2.98,3.2,2649850
2024-01-19,3.19,3.195,3.02,3.09,2643419
2024-01-22,3.11,3.235,3.05,3.16,5653642
2024-01-23,3.23,3.27,3.1,3.21,1775571
2024-01-24,3.25,3.26,3.14,3.16,1596445
2024-01-25,3.21,3.28,3.11,3.2,1854773
2024-01-26,3.23,3.33,3.2,3.24,1569994
2024-01-29,3.23,3.54,3.12,3.54,1765947
2024-01-30,3.47,3.71,3.42,3.6,3195556
2024-01-31,3.6,3.685,3.475,3.52,2583000
2024-02-01,3.55,3.75,3.465,3.71,1522063
2024-02-02,3.67,4.08,3.54,4.05,2818204
2024-02-05,3.96,4.235,3.85,4.14,4058411
2024-02-06,4.1,4.35,4.01,4.11,2555925
2024-02-07,4.12,4.19,3.91,4.15,4076103
2024-02-08,4.15,4.58,4.145,4.37,2736253
2024-02-09,4.39,4.49,4.27,4.38,1857923
2024-02-12,4.38,4.96,4.35,4.96,2682725
2024-02-13,4.64,4.865,4.53,4.61,2744456
2024-02-14,4.66,4.91,4.66,4.9,2093885
2024-02-15,4.97,5.08,4.83,4.96,1609366
2024-02-16,4.89,4.955,4.76,4.79,1313387
2024-02-20,4.7,4.85,4.411,4.65,1794998
2024-02-21,4.59,4.77,4.295,4.44,2869061
2024-02-22,4.44,4.52,4.23,4.36,2961221
2024-02-23,4.35,4.585,4.315,4.54,1347446
2024-02-26,4.5,4.6912,4.47,4.63,2636823
2024-02-27,4.75,5.26,4.7,5.14,2598268
2024-02-28,5.11,5.38,5.02,5.12,1574077
2024-02-29,5.24,5.33,4.88,4.91,1664363
2024-03-01,4.94,5.07,4.88,4.94,1412569
2024-03-04,5.05,5.47,4.85,5.46,2873934
2024-03-05,5.44,5.625,5.29,5.4,2313441
2024-03-06,5.45,5.66,5.32,5.63,1712435
2024-03-07,5.7,5.73,5.355,5.57,1559479
2024-03-08,5.65,5.775,5.2,5.26,2156712
2024-03-11,5.26,5.42,5.01,5.08,2735075
2024-03-12,5.06,5.15,4.86,4.9,3074612
2024-03-13,4.86,5.11,4.795,4.88,2562563
2024-03-14,4.8,4.85,4.27,4.495,4026840
2024-03-15,4.45,4.89,4.435,4.66,12811721
2024-03-18,4.66,4.735,4.19,4.195,3032186
2024-03-19,4.15,4.45,4.12,4.39,1966377
2024-03-20,4.37,4.47,4.21,4.43,1968250
2024-03-21,4.47,4.5733,4.2406,4.38,2496203
2024-03-22,4.39,4.47,4.2212,4.26,1507687
2024-03-25,4.25,4.475,4.25,4.29,1259937
2024-03-26,4.35,4.475,4.21,4.21,1281475
2024-03-27,4.28,4.63,4.14,4.46,1897214
2024-03-28,4.41,4.575,4.41,4.47,1377673
2024-04-01,4.43,4.45,4.285,4.38,1290451
2024-04-02,4.26,4.26,4.06,4.07,1544522
2024-04-03,4.04,4.105,3.95,4.09,1302318
2024-04-04,4.13,4.3,4.03,4.05,1683614
2024-04-05,4.02,4.06,3.91,3.96,939016
2024-04-08,3.96,4.04,3.895,3.98,1129476
2024-04-09,3.99,4.11,3.93,4.11,1368742
2024-04-10,3.91,4.25,3.87,4.07,2326913
2024-04-11,4.14,4.21,3.99,3.99,2153258
2024-04-12,3.98,4.0062,3.74,3.8,2882301
2024-04-15,3.86,3.88,3.535,3.55,1592742
2024-04-16,3.5,3.555,3.395,3.5,1388064
2024-04-17,3.57,3.58,3.455,3.51,2507828
2024-04-18,3.52,3.56,3.45,3.46,1245819
2024-04-19,3.45,3.555,3.38,3.47,1990066
2024-04-22,3.49,3.63,3.38,3.4,1789993
2024-04-23,3.41,3.53,3.36,3.37,1606762
2024-04-24,3.37,3.42,3.03,3.04,2108440
2024-04-25,2.99,2.99,2.84,2.855,2772870
2024-04-26,2.87,2.93,2.75,2.89,2452436
2024-04-29,2.94,3.1,2.785,2.84,3060517
2024-04-30,2.8,2.91,2.7,2.76,2151154
2024-05-01,2.78,3.029,2.74,2.92,2585419
2024-05-02,3.07,3.09,2.92,2.97,1400492
2024-05-03,3.08,3.24,3.02,3.07,1336548
2024-05-06,3.08,3.13,2.97,3.01,1566317
2024-05-07,3.02,3.07,2.9,2.91,866952
2024-05-08,2.86,2.86,2.74,2.76,1141019
2024-05-09,2.8,2.89,2.775,2.86,1140704
2024-05-10,2.84,2.92,2.74,2.76,1020780
2024-05-13,2.79,2.945,2.79,2.9,1163373
2024-05-14,3.25,3.65,2.72,2.96,8476542
2024-05-15,3.0,3.25,2.96,2.98,3479476
2024-05-16,3.0,3.05,2.93,3.01,2900062
2024-05-17,3.0,3.01,2.77,2.77,2512902
2024-05-20,2.77,2.79,2.57,2.59,3210411
2024-05-21,2.89,2.92,2.63,2.69,4974453
2024-05-22,2.65,2.76,2.59,2.66,2968241
2024-05-23,2.66,2.66,2.49,2.54,3037884
2024-05-24,2.53,2.59,2.465,2.52,1747944
2024-05-28,2.57,2.6,2.39,2.43,3202727
2024-05-29,2.46,2.54,2.32,2.33,4088769
2024-05-30,2.34,2.46,2.31,2.46,3599354
2024-05-31,2.65,2.66,2.435,2.5,3465173
2024-06-03,2.53,2.68,2.495,2.51,4338288
2024-06-04,2.48,2.51,2.3,2.33,3808737
2024-06-05,2.33,2.44,2.24,2.44,2838562
2024-06-06,2.44,2.44,2.345,2.41,1701150
2024-06-07,2.4,2.41,2.3,2.32,1642359
2024-06-10,2.28,2.45,2.23,2.44,3183867
2024-06-11,2.42,2.56,2.35,2.55,2333123
2024-06-12,2.61,2.6801,2.54,2.57,2260542
2024-06-13,2.59,2.595,2.48,2.54,1546822
2024-06-14,2.52,2.525,2.32,2.35,2625335
2024-06-17,2.33,2.39,2.24,2.3,3387347
2024-06-18,2.3,2.33,2.18,2.23,2284689
2024-06-20,2.26,2.465,2.21,2.44,5884406
2024-06-21,2.45,2.57,2.355,2.55,10124903
2024-06-24,2.55,2.67,2.55,2.61,4307964
2024-06-25,2.6,2.6,2.39,2.4,3973965
2024-06-26,2.39,2.4392,2.23,2.34,2996283
2024-06-27,2.34,2.495,2.28,2.44,2371575
2024-06-28,2.44,2.445,2.27,2.33,3585124
2024-07-01,2.33,2.41,2.3,2.33,2245996
2024-07-02,2.29,2.29,2.125,2.16,3053360
2024-07-03,2.2,2.2,2.08,2.08,1775732
2024-07-05,2.1,2.13,2.01,2.12,2298847
2024-07-08,2.19,2.29,2.13,2.24,2062393
2024-07-09,2.22,2.32,2.195,2.3,2820614
2024-07-10,2.3,2.4,2.275,2.39,1376673
2024-07-11,2.53,2.73,2.465,2.68,3178478
2024-07-12,2.7,2.85,2.66,2.76,1734421
2024-07-15,2.78,3.1,2.74,2.98,3646757
2024-07-16,3.0,3.67,3.0,3.5,8958367
2024-07-17,3.44,3.5,3.2888,3.42,4024547
2024-07-18,3.38,3.5,2.91,3.05,4728850
2024-07-19,3.07,3.07,2.805,2.83,2233657
2024-07-22,2.85,2.92,2.73,2.89,2098504
2024-07-23,2.86,3.105,2.82,3.08,2114834
2024-07-24,3.03,3.12,2.9,2.91,1625352
2024-07-25,2.91,2.99,2.85,2.91,1813983
2024-07-26,2.99,3.05,2.86,3.0,1595159
2024-07-29,2.99,3.12,2.94,2.98,1468377
2024-07-30,2.97,3.06,2.86,2.97,1217728
2024-07-31,3.0,3.09,2.86,2.94,2039268
2024-08-01,2.95,2.97,2.69,2.74,1536989
2024-08-02,2.5,2.6,2.47,2.57,1676010
2024-08-05,2.4,2.535,2.3201,2.49,2344018
2024-08-06,2.51,2.6,2.372,2.55,1689724
2024-08-07,2.61,2.71,2.41,2.47,2479316
2024-08-08,2.6,2.6,2.2501,2.36,2621244
2024-08-09,2.4,2.5,2.255,2.32,1881134
2024-08-12,2.33,2.37,2.23,2.36,1304071
2024-08-13,2.39,2.425,2.29,2.35,1287215
2024-08-14,2.39,2.4,2.22,2.25,1368466
2024-08-15,2.3,2.41,2.24,2.3,1608806
2024-08-16,2.3,2.32,2.22,2.29,1127693
2024-08-19,2.28,2.65,2.27,2.65,2498617
2024-08-20,2.62,2.75,2.53,2.64,1659365
2024-08-21,2.65,2.88,2.65,2.74,1855291
2024-08-22,2.74,2.745,2.55,2.59,1546174
2024-08-23,2.62,2.725,2.56,2.61,2091317
2024-08-26,2.67,2.84,2.6,2.8,2369303
2024-08-27,2.81,2.85,2.65,2.68,1688077
2024-08-28,2.66,2.6999,2.47,2.57,1889025
2024-08-29,2.59,2.78,2.58,2.66,1285097
2024-08-30,2.68,2.725,2.58,2.63,1098408
2024-09-03,2.58,2.71,2.48,2.51,1843094
2024-09-04,2.49,2.59,2.47,2.58,1175038
2024-09-05,2.58,2.64,2.49,2.51,1085531
2024-09-06,2.51,2.57,2.37,2.41,1096103
2024-09-09,2.41,2.52,2.3909,2.48,1337384
2024-09-10,2.48,2.84,2.46,2.83,1547162
2024-09-11,2.8,2.925,2.67,2.91,3673640
2024-09-12,2.9,2.97,2.64,2.66,2216320
2024-09-13,2.69,2.975,2.69,2.96,1981029
2024-09-16,2.97,2.97,2.71,2.76,1160208
2024-09-17,2.78,2.9,2.64,2.88,2833814
2024-09-18,2.91,3.025,2.775,2.88,2269711
2024-09-19,3.02,3.065,2.86,2.91,4744384
2024-09-20,2.86,2.935,2.8,2.8,5038840
2024-09-23,2.83,2.855,2.64,2.67,2005164
2024-09-24,2.69,2.74,2.62,2.67,1168877
2024-09-25,2.67,2.685,2.57,2.62,1758977
2024-09-26,2.66,2.74,2.62,2.72,934614
2024-09-27,2.78,2.91,2.755,2.91,1162956
2024-09-30,2.85,3.01,2.744,2.8,1202792
2024-10-01,2.76,2.81,2.55,2.67,3121030
2024-10-02,2.66,2.66,2.5,2.53,2353475
2024-10-03,2.48,2.64,2.4109,2.61,2648922
2024-10-04,2.64,2.745,2.64,2.7,1383041
2024-10-07,2.72,2.74,2.58,2.58,1111109
2024-10-08,2.58,2.75,2.56,2.74,1338865
2024-10-09,2.74,2.78,2.625,2.64,1459930
2024-10-10,2.63,2.63,2.56,2.62,1134277
2024-10-11,2.6,2.65,2.54,2.65,1494343
2024-10-14,2.63,2.66,2.58,2.63,1310119
2024-10-15,2.62,2.73,2.55,2.71,1758828
2024-10-16,2.71,2.87,2.69,2.85,1306147
2024-10-17,2.82,2.85,2.68,2.69,842915
2024-10-18,2.72,2.86,2.71,2.84,1095488
2024-10-21,2.82,2.9,2.78,2.8,1567712
2024-10-22,2.76,2.83,2.68,2.8,1117123
2024-10-23,2.8,2.845,2.7,2.77,3304784
2024-10-24,2.77,2.78,2.535,2.54,2052976
2024-10-25,2.56,2.58,2.44,2.44,2089805
2024-10-28,2.48,2.75,2.45,2.68,3090455
2024-10-29,2.68,3.01,2.665,2.8,3285326
2024-10-30,2.74,3.01,2.64,2.64,2056364
2024-10-31,2.64,2.73,2.54,2.555,2208056
2024-11-01,2.57,2.83,2.57,2.72,2530390
2024-11-04,2.73,3.025,2.655,3.0,3164982
2024-11-05,2.96,3.04,2.88,2.99,2599203
2024-11-06,3.05,3.29,2.99,3.22,4037055
2024-11-07,3.26,3.3599,3.165,3.19,2516076
2024-11-08,3.24,3.26,2.95,3.08,2839424
2024-11-11,3.05,3.1694,2.985,3.09,2902633
2024-11-12,3.01,3.05,2.825,2.84,2275192
2024-11-13,2.86,2.945,2.71,2.72,1811234
2024-11-14,2.72,2.7527,2.46,2.46,2623078
2024-11-15,2.52,2.52,2.26,2.27,3090906
2024-11-18,2.3,2.32,2.14,2.15,2923720
2024-11-19,2.13,2.14,2.04,2.12,2813964
2024-11-20,2.11,2.14,1.99,2.05,2448417
2024-11-21,2.06,2.14,2.005,2.11,1895548
2024-11-22,2.12,2.23,2.09,2.21,1456823
2024-11-25,2.26,2.355,2.23,2.28,3960299
2024-11-26,2.51,2.77,2.44,2.52,5295165
2024-11-27,2.53,2.6191,2.48,2.5,2259650
2024-11-29,2.5,2.535,2.45,2.48,1529081
2024-12-02,2.48,2.5891,2.475,2.55,2128099
2024-12-03,2.52,2.52,2.29,2.315,2282314
2024-12-04,2.33,2.37,2.25,2.255,1564891
2024-12-05,2.18,2.22,2.1,2.14,1874177
2024-12-06,2.16,2.29,2.13,2.19,2646724
2024-12-09,2.21,2.35,2.16,2.27,2685010
2024-12-10,2.25,2.31,2.175,2.19,1885720
2024-12-11,2.17,2.195,2.08,2.14,2252134
2024-12-12,2.13,2.13,2.0,2.02,2735332
2024-12-13,2.03,2.03,1.83,1.89,3524745
2024-12-16,1.96,2.09,1.915,2.06,3085206
2024-12-17,2.03,2.08,1.99,2.07,2209724
2024-12-18,2.1,2.12,1.86,1.905,2763420
2024-12-19,1.92,1.92,1.7801,1.84,2931599
2024-12-20,1.79,1.93,1.78,1.87,4992658
2024-12-23,1.85,1.96,1.83,1.95,3168591
2024-12-24,1.94,2.1,1.91,2.09,1810945
2024-12-26,2.06,2.17,2.0,2.17,2861945
2024-12-27,2.13,2.22,2.05,2.19,3078090
2024-12-30,2.16,2.17,1.99,2.1,3118341
2024-12-31,2.14,2.19,2.06,2.13,2139456
2025-01-02,2.17,2.35,2.12,2.2,3452748
2025-01-03,2.21,2.2699,2.14,2.16,2516636
2025-01-06,2.17,2.25,2.1101,2.16,2008684
2025-01-07,2.15,2.405,2.15,2.35,4212349
2025-01-08,2.3,2.39,2.235,2.35,3559635
2025-01-10,2.3,2.3,2.05,2.055,3145365
2025-01-13,2.05,2.05,1.92,1.95,2078617
2025-01-14,1.97,2.06,1.9,1.92,6143064
2025-01-15,2.0,2.1,1.82,1.87,2617394
2025-01-16,1.86,1.875,1.81,1.84,2277019
2025-01-17,1.87,1.9,1.785,1.82,2222281
2025-01-21,1.82,1.905,1.78,1.84,3206094
2025-01-22,1.85,1.965,1.85,1.92,2428581
2025-01-23,1.9,1.93,1.86,1.88,1391004
2025-01-24,1.87,2.035,1.84,1.94,2442322
2025-01-27,1.93,2.04,1.9,1.93,2008806
2025-01-28,1.97,2.11,1.915,1.93,1651801
2025-01-29,1.85,1.93,1.79,1.84,1797452
2025-01-30,1.88,2.0,1.81,1.92,3615983
2025-01-31,1.94,2.0,1.78,1.8,2584019
2025-02-03,1.78,1.78,1.65,1.67,4480074
2025-02-04,1.66,1.72,1.605,1.62,2930897
2025-02-05,1.62,1.71,1.62,1.64,2199323
2025-02-06,1.65,1.67,1.6,1.6,1993384
2025-02-07,1.6,1.61,1.5,1.51,2397758
2025-02-10,1.52,1.56,1.47,1.48,1935492
2025-02-11,1.48,1.48,1.36,1.4,3750866
2025-02-12,1.36,1.46,1.32,1.43,2970866
2025-02-13,1.43,1.44,1.36,1.41,2122641
2025-02-14,1.535,2.105,1.535,2.04,42511643
2025-02-18,2.165,3.76,2.14,2.84,76197369
2025-02-19,2.73,3.78,2.58,2.6,27192760
2025-02-20,2.55,2.6391,2.21,2.255,7161524
2025-02-21,2.35,2.39,2.14,2.17,4884779
2025-02-24,2.15,2.32,2.0,2.14,5650374
2025-02-25,2.11,2.145,1.92,1.985,3528934
2025-02-26,1.99,2.12,1.98,2.04,2501224
2025-02-27,2.02,2.105,1.93,1.95,2193691
2025-02-28,1.91,1.98,1.8,1.95,6054245
2025-03-03,1.85,1.94,1.75,1.8,4024163
2025-03-04,1.73,1.92,1.69,1.9,3419343
2025-03-05,1.91,1.95,1.85,1.93,2309083
2025-03-06,1.9,2.05,1.88,2.02,2427113
2025-03-07,2.05,2.32,2.04,2.18,4702232
2025-03-10,2.11,2.195,1.99,2.05,3932419
2025-03-11,2.09,2.115,1.87,2.03,2802983
2025-03-12,2.06,2.08,1.96,2.06,1706385
2025-03-13,2.04,2.09,1.84,1.89,2008360
2025-03-14,2.03,2.1,1.88,1.94,5518056
2025-03-17,1.94,1.95,1.82,1.85,3374463
2025-03-18,1.85,1.85,1.69,1.69,3352222
2025-03-19,1.69,1.7283,1.53,1.69,5271521
2025-03-20,1.65,1.74,1.61,1.63,2726284
2025-03-21,1.61,1.64,1.53,1.62,10013190
2025-03-24,1.72,1.73,1.64,1.68,2087495
2025-03-25,1.69,1.7,1.59,1.6,1555264
2025-03-26,1.585,1.62,1.52,1.57,3240058
2025-03-27,1.57,1.58,1.49,1.56,2444610
2025-03-28,1.56,1.69,1.51,1.55,2011933
2025-03-31,1.5,1.5019,1.39,1.46,2906176
2025-04-01,1.44,1.45,1.3,1.37,3189947
2025-04-02,1.34,1.465,1.3,1.44,1973491
2025-04-03,1.37,1.4494,1.35,1.38,4176953
2025-04-04,1.33,1.46,1.32,1.44,3589010
2025-04-07,1.41,1.5,1.36,1.43,4859515
2025-04-08,1.49,1.57,1.33,1.36,3178512
2025-04-09,1.36,1.49,1.23,1.42,5102169
2025-04-10,1.42,1.45,1.36,1.37,2572835
2025-04-11,1.37,1.46,1.33,1.45,2175965
2025-04-14,1.47,1.49,1.38,1.43,2578426
2025-04-15,1.41,1.53,1.4,1.46,1875187
2025-04-16,1.44,1.44,1.39,1.4,1273398
2025-04-17,1.4,1.48,1.375,1.45,2056913
2025-04-21,1.41,1.49,1.39,1.42,2180886
2025-04-22,1.44,1.59,1.42,1.59,2327436
2025-04-23,1.645,1.75,1.6,1.61,2181349
2025-04-24,1.61,1.62,1.54,1.57,1580318
2025-04-25,1.56,1.59,1.52,1.55,1086380
2025-04-28,1.56,1.64,1.555,1.57,1610292
2025-04-29,1.57,1.64,1.49,1.54,2276036
2025-04-30,1.53,1.7,1.51,1.68,6052229
2025-05-01,1.67,1.71,1.6335,1.69,1501931
2025-05-02,1.72,1.78,1.69,1.7,1916520
2025-05-05,1.67,1.76,1.61,1.62,3079924
2025-05-06,1.591,1.591,1.25,1.28,5778286
2025-05-07,1.4,1.4,1.18,1.2,6746512
2025-05-08,1.21,1.22,1.09,1.18,7595467
2025-05-09,1.19,1.28,1.15,1.16,3792359
2025-05-12,1.19,1.27,1.16,1.17,3798541
2025-05-13,1.2,1.2,1.06,1.13,7336617
2025-05-14,1.1,1.1,0.8621,0.9528,13058570
2025-05-15,0.95,1.09,0.941,1.09,4407886
2025-05-16,1.1,1.15,1.06,1.11,3173803
2025-05-19,1.11,1.14,1.09,1.09,2590574
2025-05-20,1.13,1.17,1.07,1.16,3131017
2025-05-21,1.14,1.17,1.09,1.11,1417192
2025-05-22,1.09,1.12,1.07,1.09,1095896
2025-05-23,1.1,1.12,1.02,1.06,2854018
2025-05-27,1.07,1.11,1.03,1.08,2589052
2025-05-28,1.09,1.19,1.08,1.14,2201500
2025-05-29,1.14,1.2,1.1204,1.18,1687322
2025-05-30,1.18,1.205,1.1,1.17,3019043
2025-06-02,1.19,1.37,1.17,1.27,6018054
2025-06-03,1.28,1.37,1.23,1.35,2472224
2025-06-04,1.31,1.355,1.28,1.29,1810538
2025-06-05,1.29,1.33,1.27,1.29,1651780
2025-06-06,1.3,1.47,1.29,1.42,3475881
2025-06-09,1.45,1.5,1.37,1.41,2214437
2025-06-10,1.39,1.51,1.38,1.46,2201817
2025-06-11,1.49,1.5,1.44,1.45,2594726
2025-06-12,1.43,1.45,1.3801,1.4,2282726
2025-06-13,1.35,1.4186,1.325,1.34,2450471
2025-06-16,1.35,1.41,1.3204,1.37,1764080
2025-06-17,1.35,1.39,1.29,1.3,1667801
2025-06-18,1.29,1.36,1.26,1.29,2123957
2025-06-20,1.31,1.3292,1.2101,1.23,3630549
2025-06-23,1.2,1.2595,1.18,1.22,1610080
2025-06-24,1.22,1.29,1.2,1.25,3013406
2025-06-25,1.26,1.275,1.21,1.24,1460855
2025-06-26,1.23,1.245,1.16,1.2,3129087
2025-06-27,1.2,1.23,1.17,1.18,5178774
2025-06-30,1.18,1.19,1.12,1.13,2137898
2025-07-01,1.13,1.23,1.11,1.18,2211580
2025-07-02,1.19,1.29,1.18,1.2,4810250
2025-07-03,1.2,1.21,1.17,1.19,1384912
2025-07-07,1.22,1.23,1.13,1.16,1981991
2025-07-08,1.19,1.25,1.1704,1.2,3707938
2025-07-09,1.21,1.265,1.19,1.21,9623993
2025-07-10,1.23,1.32,1.2,1.26,8098316
2025-07-11,1.29,1.33,1.255,1.28,2907374
2025-07-14,1.27,1.3,1.25,1.29,1802793
2025-07-15,1.29,1.31,1.22,1.24,1872305
2025-07-16,1.24,1.29,1.21,1.23,2175245
2025-07-17,1.24,1.27,1.23,1.24,1772695
2025-07-18,1.26,1.35,1.24,1.25,3713274
2025-07-21,1.25,1.36,1.25,1.32,3427697
2025-07-22,1.33,1.42,1.31,1.42,2900818
2025-07-23,1.445,1.69,1.43,1.66,7049378
2025-07-24,1.65,1.685,1.49,1.51,3838857
2025-07-25,1.52,1.5394,1.4535,1.5,2791768
2025-07-28,1.49,1.5299,1.45,1.47,2257560
2025-07-29,1.47,1.475,1.395,1.4,1995193
2025-07-30,1.44,1.5,1.265,1.29,9255398
2025-07-31,1.29,1.315,1.22,1.23,5859750
2025-08-01,1.225,1.225,1.0,1.08,19088419
2025-08-04,1.11,1.19,1.1,1.1,9617156
2025-08-05,1.12,1.16,1.07,1.12,5003810
2025-08-06,1.12,1.12,1.0212,1.06,5387054
2025-08-07,1.06,1.1,0.9842,1.05,8565518
2025-08-08,1.04,1.105,1.01,1.04,3658903
2025-08-11,1.05,1.06,1.02,1.03,2229859
2025-08-12,1.04,1.0689,1.01,1.03,1930569
2025-08-13,1.06,1.08,1.03,1.04,8033857
2025-08-14,1.05,1.085,0.9901,1.07,8138295
2025-08-15,1.07,1.21,1.07,1.1,5885676
2025-08-18,1.11,1.136,1.075,1.09,2746085
2025-08-19,1.1,1.12,1.03,1.05,2697163
2025-08-20,1.06,1.0796,1.03,1.06,2490866
2025-08-21,1.04,1.13,1.04,1.12,3475183
2025-08-22,1.12,1.23,1.11,1.19,7303040
2025-08-25,1.21,1.25,1.16,1.16,4758278
2025-08-26,1.18,1.2,1.13,1.16,1635797
2025-08-27,1.16,1.205,1.15,1.16,1602197
2025-08-28,1.18,1.27,1.17,1.18,8117853
2025-08-29,1.18,1.2,1.11,1.13,3344250
2025-09-02,1.15,1.18,1.12,1.12,3281209
2025-09-03,1.11,1.2065,1.11,1.12,3048377
2025-09-04,1.11,1.1371,1.06,1.11,2653115
2025-09-05,1.1,1.18,1.1,1.15,2359248
2025-09-08,1.13,1.15,1.12,1.14,1235270
2025-09-09,1.13,1.14,1.09,1.14,1525854
2025-09-10,1.14,1.15,1.1,1.11,1741352
2025-09-11,1.11,1.17,1.11,1.17,2005558
2025-09-12,1.16,1.16,1.12,1.13,1585522
2025-09-15,1.13,1.1765,1.12,1.15,2065343
2025-09-16,1.14,1.21,1.14,1.18,2685937
2025-09-17,1.19,1.2,1.13,1.13,3179119
2025-09-18,1.17,1.23,1.165,1.21,7231592
2025-09-19,1.22,1.23,1.14,1.16,3749789
2025-09-22,1.17,1.18,1.13,1.17,2595299
2025-09-23,1.19,1.2,1.155,1.17,2972475
2025-09-24,1.17,1.23,1.16,1.23,3644853
2025-09-25,1.21,1.22,1.18,1.2,2214675
2025-09-26,1.21,1.2575,1.19,1.25,3271771
2025-09-29,1.26,1.3,1.21,1.27,4928557
2025-09-30,1.27,1.306,1.2,1.24,2700230
2025-10-01,1.24,1.27,1.23,1.24,2403216
2025-10-02,1.25,1.29,1.23,1.29,2488522
2025-10-03,1.27,1.34,1.27,1.33,2435925
2025-10-06,1.4,1.43,1.36,1.38,2235633
2025-10-07,1.39,1.41,1.29,1.35,2416386
2025-10-08,1.36,1.48,1.35,1.47,3574539
2025-10-09,1.48,1.53,1.45,1.51,3065079
2025-10-10,1.44,1.46,1.2,1.23,7230957
2025-10-13,1.32,1.33,1.2,1.27,3785980
2025-10-14,1.23,1.26,1.2,1.23,2820617
2025-10-15,1.24,1.3,1.23,1.27,2903924
2025-10-16,1.27,1.3798,1.25,1.27,3317352
2025-10-17,1.255,1.27,1.21,1.23,2556266
2025-10-20,1.26,1.3295,1.25,1.29,3782938
2025-10-21,1.29,1.32,1.23,1.26,2317171
2025-10-22,1.27,1.27,1.19,1.21,2963369
2025-10-23,1.2,1.23,1.19,1.21,1647653
2025-10-24,1.21,1.24,1.2,1.2,1739937
2025-10-27,1.21,1.26,1.21,1.23,2152186
2025-10-28,1.235,1.31,1.205,1.26,3621926
2025-10-29,1.26,1.28,1.21,1.22,2921133
2025-10-30,1.21,1.26,1.21,1.21,1243587
2025-10-31,1.25,1.28,1.21,1.24,1645235
2025-11-03,1.25,1.26,1.17,1.18,2098226
2025-11-04,1.16,1.175,1.05,1.11,2138503
2025-11-05,1.14,1.14,1.08,1.11,1765635
2025-11-06,1.105,1.105,1.05,1.05,2716285
2025-11-07,1.05,1.18,1.04,1.18,3138038
2025-11-10,1.23,1.23,1.1602,1.18,2480517
2025-11-11,1.16,1.27,1.15,1.24,2280789
2025-11-12,1.26,1.27,1.205,1.23,2429101
2025-11-13,1.21,1.2395,1.19,1.2,1762427
2025-11-14,1.17,1.25,1.16,1.23,2647952
2025-11-17,1.22,1.28,1.21,1.23,2369849
2025-11-18,1.23,1.31,1.22,1.31,2837146
2025-11-19,1.27,1.35,1.23,1.26,2215641
2025-11-20,1.28,1.33,1.22,1.24,2614614
2025-11-21,1.22,1.25,1.2,1.23,1589154
2025-11-24,1.23,1.35,1.22,1.35,3837128
2025-11-25,1.34,1.4,1.3,1.36,2502693
2025-11-26,1.36,1.43,1.3101,1.42,2766631
2025-11-28,1.42,1.49,1.41,1.46,1405592
2025-12-01,1.44,1.45,1.345,1.37,1951212
2025-12-02,1.33,1.38,1.3,1.34,2216140
2025-12-03,1.35,1.52,1.33,1.52,3429231
2025-12-04,1.48,1.51,1.41,1.44,1541249
2025-12-05,1.46,1.47,1.42,1.43,2435519
2025-12-08,1.45,1.46,1.39,1.45,1623169
2025-12-09,1.43,1.52,1.415,1.42,3816995
2025-12-10,1.42,1.5,1.41,1.48,2234610
2025-12-11,1.46,1.56,1.45,1.55,2881931
2025-12-12,1.56,1.565,1.5,1.51,2277741
2025-12-15,1.51,1.51,1.43,1.47,2021451
2025-12-16,1.51,1.56,1.44,1.54,2523321
2025-12-17,1.54,1.56,1.41,1.42,1906339
2025-12-18,1.43,1.46,1.38,1.42,2345091
2025-12-19,1.42,1.4799,1.4,1.42,5715237
2025-12-22,1.42,1.5169,1.38,1.47,2442488
2025-12-23,1.45,1.46,1.32,1.36,4598871
2025-12-24,1.37,1.42,1.355,1.4,1051498
2025-12-26,1.41,1.42,1.36,1.38,2197378
2025-12-29,1.37,1.405,1.34,1.38,1830744
2025-12-30,1.38,1.38,1.295,1.31,3750818
2025-12-31,1.31,1.375,1.3,1.37,3054747
2026-01-02,1.38,1.39,1.31,1.35,2315461
2026-01-05,1.35,1.38,1.31,1.35,2422704
2026-01-06,1.35,1.48,1.345,1.41,5210270
2026-01-07,1.45,1.54,1.43,1.49,4254453
2026-01-08,1.5,1.5399,1.455,1.49,3090928
2026-01-09,1.66,1.88,1.66,1.71,12310493
2026-01-12,1.84,1.84,1.65,1.67,8559967
2026-01-13,1.72,1.7399,1.62,1.64,4992684
2026-01-14,1.64,1.72,1.63,1.7,4631482
2026-01-15,1.7,1.72,1.6,1.61,5638948
2026-01-16,1.635,1.67,1.595,1.63,4731819
2026-01-20,1.61,1.62,1.53,1.57,4831503
2026-01-21,1.575,1.63,1.55,1.6,4294663
2026-01-22,1.63,1.75,1.6107,1.72,5943311
2026-01-23,1.725,1.83,1.7,1.72,7538591
2026-01-26,1.71,1.72,1.46,1.51,8188522
2026-01-27,1.51,1.62,1.49,1.53,6537358
2026-01-28,1.54,1.54,1.45,1.45,6789836
2026-01-29,1.46,1.59,1.45,1.59,7382874
2026-01-30,1.59,1.89,1.54,1.84,16758196
2026-02-02,1.81,1.925,1.71,1.87,11402120
2026-02-03,1.9,1.965,1.71,1.74,8029803
2026-02-04,1.75,1.85,1.73,1.8,6071929
2026-02-05,1.8,1.825,1.6201,1.63,4067441
2026-02-06,1.66,1.75,1.63,1.69,3960804
2026-02-09,1.68,1.705,1.61,1.69,3533204
2026-02-10,1.69,1.84,1.68,1.69,5409643
2026-02-11,1.7,1.71,1.61,1.65,3006341
2026-02-12,1.65,1.67,1.56,1.62,3532190
2026-02-13,1.63,1.8265,1.63,1.8,4708840
2026-02-17,1.8,2.175,1.79,2.16,8545483
2026-02-18,2.16,2.28,2.105,2.27,6031247
2026-02-19,2.25,2.3,2.06,2.13,5880539
2026-02-20,2.13,2.13,2.03,2.05,4097490
2026-02-23,2.06,2.15,2.01,2.08,4401146
2026-02-24,2.1,2.31,2.1,2.305,6636211
2026-02-25,2.33,2.565,2.33,2.53,8504600
2026-02-26,2.55,2.74,2.525,2.73,7333454
2026-02-27,2.71,2.8,2.4608,2.78,8349752
2026-03-02,2.67,2.725,2.54,2.65,3807697
2026-03-03,2.56,2.635,2.5,2.53,2801354
2026-03-04,2.55,2.6,2.48,2.54,2689533
2026-03-05,2.48,2.5,2.285,2.31,4710399
2026-03-06,2.24,2.31,2.2,2.31,4127463
