date,open,high,low,close,volume
2018-08-29,17.7544,17.7544,17.6691,17.7544,236.1963692999
2018-08-30,17.7544,20.7145,17.7544,20.7145,1214.291590888
2018-08-31,27.7872,27.7872,27.7872,27.7872,67.628874970483
2018-09-04,35.5097,255.709,29.7389,171.719,2524.4748701669
2018-09-05,151.013,151.013,60.6637,74.7187,11697.776597506
2018-09-06,91.7339,91.7339,58.4435,59.9235,5001.508589235
2018-09-07,55.4842,55.4842,38.4689,44.3041,5859.4868537859
2018-09-10,43.7959,44.3874,35.0362,44.3874,2099.5232826657
2018-09-11,43.7959,44.3874,34.0306,44.3874,3211.8668680012
2018-09-12,42.612,42.612,37.8774,37.8774,791.35877577401
2018-09-13,39.7707,44.0911,34.947,44.0911,11249.609127553
2018-09-14,45.8664,47.1395,43.0558,43.0855,2602.1976070733
2018-09-17,43.0558,44.1794,41.6936,41.6936,1175.9349155316
2018-09-18,40.688,42.608,40.688,40.688,1890.5803405927
2018-09-19,39.949,39.949,39.949,39.949,95.891688390983
2018-09-20,38.4689,38.4689,35.5097,35.5097,1042.6959379777
2018-09-21,35.9842,39.5933,35.7147,38.4689,810.53711345221
2018-09-24,39.0605,39.0605,35.5097,35.6286,365.39780207933
2018-09-25,35.6583,38.4689,35.6583,38.0251,1749.2662734902
2018-09-26,38.1737,38.7651,37.8774,38.3204,608.65987473434
2018-09-27,38.5868,38.7651,36.7233,36.7233,384.57613975752
2018-09-28,35.8059,36.2497,35.5097,36.2497,674.26997731765
2018-10-01,35.2145,35.2145,35.2145,35.2145,344.20069201395
2018-10-02,35.5097,36.3984,32.5505,36.2497,2901.9853065693
2018-10-03,34.4744,34.4744,33.4381,33.4381,385.58552595111
2018-10-04,33.4788,33.5868,33.4491,33.5868,234.17759691271
2018-10-05,33.5868,33.5868,33.2906,33.4381,1226.404225211
2018-10-08,33.35,33.4094,33.2906,33.2906,882.20353319704
2018-10-09,39.949,39.949,33.5868,33.5868,647.01655009074
2018-10-10,34.0306,34.0306,31.8114,31.8114,3357.218479878
2018-10-11,31.0714,31.0714,29.5922,29.5922,179.6707424589
2018-10-12,29.5922,29.5922,29.5922,29.5922,2930.2481199897
2018-10-15,29.5922,29.5922,29.5922,29.5922,92.863529810216
2018-10-16,29.7091,29.7091,29.5922,29.5922,859.99703693808
2018-10-17,29.5922,29.5922,25.893,25.893,2066.2135382773
2018-10-18,29.5922,29.5922,29.5922,29.5922,257.39347936527
2018-10-19,25.8959,25.8959,25.8959,25.8959,238.21514168708
2018-10-24,29.296,29.296,29.296,29.296,127.18266039225
2018-10-25,26.731,26.731,26.731,26.731,286.66567897936
2018-10-26,26.731,26.731,24.6595,24.6595,2661.751392495
2018-10-29,24.0482,24.0482,24.0482,24.0482,183.70828723325
2018-10-30,22.4898,22.6969,20.7145,20.7145,4672.4486901249
2018-10-31,20.7145,22.6871,19.9745,21.0979,6743.7091593701
2018-11-01,21.306,21.306,18.7411,19.2444,2395.2734373874
2018-11-02,20.2213,20.9217,20.2213,20.6353,1087.1089304957
2018-11-05,20.7145,20.7145,20.7145,20.7145,101.94800555252
2018-11-06,21.197,21.197,19.7823,20.0627,786.31184480606
2018-11-07,20.2608,20.2608,16.522,16.9667,5065.0999194311
2018-11-08,16.7191,18.7411,16.7191,18.7411,4462.4963618583
2018-11-13,16.7686,16.7686,16.7686,16.7686,732.81437654583
2018-11-15,16.522,16.522,15.5848,16.522,3812.4516531868
2018-11-19,15.7829,15.7829,15.4123,15.7829,2377.1044859028
2018-11-21,15.6937,15.7145,15.6937,15.7145,608.65987473434
2018-11-23,15.7829,15.7829,15.0627,15.0627,1180.9818464995
2018-11-26,14.8942,14.9338,11.7814,12.7246,17127.264932823
2018-11-27,12.9217,15.2172,12.9217,14.6386,13840.703486496
2018-11-28,14.805,16.4922,14.7952,16.4922,2418.4893198399
2018-11-29,15.7829,16.0088,15.5551,16.0088,2036.9413386632
2018-11-30,15.7829,15.7829,15.773,15.7829,2113.654689376
2018-12-03,15.6243,16.4922,15.6243,15.7829,916.52266377909
2018-12-04,14.8942,15.0427,14.8942,14.8942,939.73854623164
2018-12-06,14.8942,15.0627,13.316,13.8094,2636.5167376552
2018-12-07,13.8549,13.8549,13.8549,13.8549,209.95232826657
2018-12-10,13.9283,16.4724,13.9283,14.2661,657.11041202663
2018-12-11,18.7411,19.6782,14.0561,14.1442,29697.151201591
2018-12-12,14.2433,14.3027,12.8236,12.8633,1877.4583200761
2018-12-14,12.9901,12.9901,11.5902,11.5902,1365.6995199263
2018-12-17,11.6695,11.6695,10.5054,10.5054,503.68371060106
2018-12-18,10.7303,11.8359,10.5153,11.8359,2109.6171446016
2018-12-19,13.0198,13.0693,12.8236,12.8236,560523.25654827
2018-12-20,12.8435,12.899,12.8236,12.8236,61558.426402238
2018-12-21,12.882,13.316,12.8236,13.2665,29157.129588021
2018-12-24,13.5627,13.5627,12.8236,12.9702,9616.4222663252
2018-12-26,13.0693,13.0693,12.7741,12.8236,8626.2144104142
2018-12-27,12.8236,13.0595,12.8236,12.9464,6174.4153461857
2018-12-28,12.9217,13.0693,12.8336,12.8336,9709.2857961354
2018-12-31,13.0693,13.316,12.8336,12.8336,12218.619873399
2019-01-02,12.8633,13.1882,12.8236,13.1535,3008.9802430897
2019-01-03,12.9514,13.316,12.8236,12.8236,23214.87306636
2019-01-04,12.882,13.1783,12.8236,13.0298,11552.424985629
2019-01-07,12.8633,13.1684,12.8633,12.9217,11169.86761826
2019-01-08,12.9415,13.1189,12.9217,13.0,39593.17344354
2019-01-09,13.316,13.8986,12.9604,13.7796,50710.552979732
2019-01-10,13.7896,13.7995,13.2566,13.5043,23697.359666896
2019-01-11,13.4151,13.7995,13.3656,13.7995,15311.379170556
2019-01-14,13.5142,13.7599,13.3557,13.7499,8243.6570430437
2019-01-15,13.7896,13.7896,13.0693,13.316,45429.444414874
2019-01-16,13.2763,13.316,12.8732,13.0198,30757.00670486
2019-01-17,12.9901,13.0693,12.8039,13.0693,61710.843717469
2019-01-18,13.1089,13.6122,12.8435,13.316,164403.77628086
2019-01-22,12.9604,13.5825,12.8573,13.3953,28131.593215334
2019-01-23,13.3656,13.3656,11.6695,13.3656,79549.725916773
2019-01-24,13.4151,13.4151,13.0346,13.2179,28841.191709427
2019-01-25,13.2427,13.3061,12.9712,13.2863,13914.388678629
2019-01-28,12.9971,13.2476,12.9971,13.0693,2656.704461527
2019-01-29,13.1694,13.316,13.1684,13.2962,34588.636695724
2019-01-30,13.3656,14.2036,13.3656,13.7995,126876.81637559
2019-01-31,13.5726,13.9084,13.317,13.7152,31846.134407742
2019-02-01,13.8193,13.9084,13.7202,13.7599,15953.348789679
2019-02-04,13.7499,13.8986,13.7103,13.8292,25023.693125272
2019-02-05,13.9353,14.0561,13.8094,13.8094,19028.948521545
2019-02-06,13.8094,14.4504,13.6815,14.4404,65590.924245626
2019-02-07,14.3027,14.4999,14.0174,14.2433,19376.17737214
2019-02-08,14.0164,15.2885,14.0164,14.7952,45262.895692931
2019-02-11,14.7952,16.0285,14.4632,15.2399,32357.893207892
2019-02-12,15.3876,15.5848,14.8347,15.0627,29340.837875254
2019-02-13,14.9437,15.7581,14.5008,15.1805,47473.451456892
2019-02-14,15.1905,15.5351,14.8447,15.2885,14591.686814527
2019-02-15,15.0924,15.6292,14.9735,15.338,41912.742916409
2019-02-19,15.4371,15.773,15.1408,15.4767,49203.539392704
2019-02-20,15.5945,15.773,14.806,15.1705,57242.291038449
2019-02-21,15.1608,15.763,15.0924,15.763,25257.870722185
2019-02-22,15.7829,16.2752,15.1023,15.773,39447.821831664
2019-02-25,15.6145,15.6145,14.7952,15.1905,39070.311395261
2019-02-26,15.1408,15.5351,14.9933,15.5351,15111.520704226
2019-02-27,15.5254,15.5351,15.0924,15.4867,22522.434137559
2019-02-28,15.6838,15.6838,15.1023,15.5351,11896.625677644
2019-03-01,15.1508,15.6282,15.0627,15.3974,36311.658928181
2019-03-04,15.0656,15.2716,15.0032,15.2399,28261.804034306
2019-03-05,15.3133,15.3133,14.805,14.9636,26762.865536826
2019-03-06,14.9239,15.0924,14.4999,14.6485,21757.319402817
2019-03-07,14.6584,14.7852,14.5495,14.5495,17523.953706904
2019-03-08,14.3463,14.7952,14.1075,14.5495,38134.610393804
2019-03-11,14.7555,14.7555,13.316,13.8589,60331.012790832
2019-03-12,13.8986,14.0064,13.7599,13.7599,14253.542439674
2019-03-13,13.7599,14.2036,13.7599,14.0858,32954.440448304
2019-03-14,14.0858,14.4989,13.959,14.1938,13082.654455112
2019-03-15,14.0561,14.1542,13.3557,13.7995,74181.810139264
2019-03-18,13.9877,14.6971,13.9777,14.4999,18558.574555333
2019-03-19,14.3999,14.3999,14.1145,14.3027,11946.085601129
2019-03-20,14.4801,14.4801,13.958,14.2829,11620.0538606
2019-03-21,14.0164,14.1938,13.7103,14.1938,37491.631388488
2019-03-22,14.1739,14.1739,13.6122,13.9877,12279.183045013
2019-03-25,13.9777,13.9777,13.6122,13.8094,10521.841681974
2019-03-26,13.9877,13.9877,13.5142,13.534,22066.191578056
2019-03-27,13.6628,13.8094,13.4151,13.6707,21894.595925146
2019-03-28,13.8143,13.9977,13.534,13.6608,9984.8482269854
2019-03-29,13.7786,13.8689,13.6648,13.74,18790.733379858
2019-04-01,13.7698,14.6485,13.5429,14.5296,15119.595793774
2019-04-02,14.5495,15.2399,14.1591,15.2399,12861.598878714
2019-04-03,15.23,15.3974,14.0561,14.7069,12594.111537413
2019-04-04,14.7168,15.763,14.7168,15.2885,11663.457466924
2019-04-05,15.2885,15.8899,14.8546,15.7829,12368.00903005
2019-04-08,15.3876,15.7829,15.3876,15.7333,10580.386081202
2019-04-09,14.8843,15.6541,14.8843,15.6541,16288.46500595
2019-04-10,15.3974,15.6342,14.8546,15.6342,10656.090045722
2019-04-11,14.8447,15.5351,14.5692,15.4668,30988.156143191
2019-04-12,15.4371,15.6838,14.8546,15.6838,19170.262588647
2019-04-15,15.6838,16.0781,15.2399,16.0781,23331.961864816
2019-04-16,16.2752,16.2752,15.6045,15.87,26011.882208796
2019-04-17,15.8056,16.2752,15.5351,15.5351,19641.645941054
2019-04-18,15.5848,15.773,15.1408,15.763,22590.063012528
2019-04-22,15.4955,16.1771,15.4837,16.1376,9225.7898094062
2019-04-23,16.0979,16.0979,15.338,15.4867,20832.721649489
2019-04-24,15.6243,16.1276,14.805,15.1408,35552.600510602
2019-04-25,15.0726,15.2439,14.8744,14.9437,13391.526630349
2019-04-26,16.0781,16.0781,15.0577,15.5848,26369.204921327
2019-04-29,15.7036,16.2455,15.3876,16.1771,12069.230716747
2019-04-30,16.1771,17.4096,16.1227,17.2719,40761.033269523
2019-05-01,17.1529,17.7058,16.3545,17.7058,115926.99494754
2019-05-02,17.6464,17.6464,17.0212,17.6067,24153.602226398
2019-05-03,17.577,17.7544,17.0044,17.5681,25201.345095344
2019-05-06,17.1432,17.6563,17.1432,17.5869,18759.442407857
2019-05-07,17.4195,17.4195,15.9294,16.6398,59673.902378805
2019-05-08,16.2366,16.8974,16.2366,16.6795,44587.616329421
2019-05-09,16.3545,17.7058,16.3545,17.4988,86189.468298204
2019-05-10,17.4691,17.5087,16.7686,17.5087,37513.837884746
2019-05-13,17.0738,17.6464,16.8419,17.6464,25770.638908529
2019-05-14,17.5384,17.7544,17.5384,17.6364,51388.860501825
2019-05-15,17.3511,17.7058,16.937,17.3511,31080.010286809
2019-05-16,17.3016,17.7544,17.2323,17.7256,67901.409242752
2019-05-17,17.4591,17.9426,17.3214,17.8534,32556.742288029
2019-05-20,17.1529,17.903,15.7829,17.8436,62263.987351556
2019-05-21,17.8534,18.643,17.6661,18.426,55809.972029747
2019-05-22,18.3765,18.6727,17.8237,18.4063,31992.495405813
2019-05-23,17.6364,18.643,17.6364,18.4756,35716.121073963
2019-05-24,18.6232,18.7907,18.0714,18.7411,40647.982015841
2019-05-28,18.7312,18.7907,18.3666,18.7411,93972.845236969
2019-05-29,18.4944,18.7411,17.9287,18.643,73181.508421418
2019-05-30,18.2476,18.4845,17.8534,18.4558,50472.337838045
2019-05-31,18.332,18.4458,18.2476,18.3666,56177.388604212
2019-06-03,18.426,18.436,17.7008,18.0218,32141.884562464
2019-06-04,18.0714,18.0714,16.7884,17.9227,57633.932881562
2019-06-05,17.8139,18.0813,17.262,17.903,39409.465156307
2019-06-06,17.8831,18.1011,16.9944,18.1011,41704.809360528
2019-06-07,17.8039,18.1585,17.6266,18.0911,35757.505907901
2019-06-10,18.1487,18.4458,17.8534,18.317,142876.59693018
2019-06-11,18.2973,18.436,17.361,18.2873,159551.65684827
2019-06-12,18.2279,19.3722,18.0714,19.0869,188842.02541385
2019-06-13,18.8689,19.2157,18.2379,18.9086,123762.85996837
2019-06-14,18.6439,19.5108,18.0565,19.2345,114284.72361057
2019-06-17,19.392,19.392,18.8302,19.067,115793.75596998
2019-06-18,19.1661,19.7923,19.1661,19.7279,67916.550035656
2019-06-19,19.7279,19.827,19.4019,19.5901,150045.25767705
2019-06-20,19.6585,19.7279,19.3623,19.4316,91601.797068229
2019-06-21,19.4316,19.7079,19.2889,19.2939,143927.3679577
2019-06-24,19.2939,19.2939,18.3072,18.3467,150813.40057038
2019-06-25,18.426,18.6132,17.4878,17.8534,185162.81273821
2019-06-26,17.9327,18.1535,17.262,18.0218,84136.376780442
2019-06-27,18.2476,18.9878,17.9683,18.5638,119607.21700936
2019-06-28,18.8104,19.7179,18.4845,19.4415,2506427.0450255
2019-07-01,19.4514,21.5824,19.3722,21.5428,226600.13475744
2019-07-02,21.415,21.523,19.7376,19.7675,159751.5153146
2019-07-03,19.9051,19.9051,18.9977,19.1958,47181.738846945
2019-07-05,19.2058,19.6982,18.6015,19.1265,44383.720318315
2019-07-08,18.9481,19.0967,18.436,18.6926,51321.231626854
2019-07-09,18.859,18.859,17.2719,17.6958,76351.990455482
2019-07-10,17.7642,17.9129,17.3997,17.4195,59907.070589525
2019-07-11,17.5087,17.8237,17.361,17.6958,41784.550869823
2019-07-12,17.577,18.0218,17.5087,17.9129,53244.112325641
2019-07-15,18.1487,18.1487,17.361,17.7841,45969.466028444
2019-07-16,17.6563,18.3467,17.3412,17.3511,88468.662323328
2019-07-17,17.361,18.2379,17.361,17.9227,119791.93468279
2019-07-18,17.9227,17.9723,17.361,17.5185,51123.391932911
2019-07-19,17.3511,17.8237,17.3511,17.4096,51065.856919877
2019-07-22,17.4096,17.5969,17.262,17.479,41116.337209666
2019-07-23,17.479,17.4988,17.4096,17.479,25081.228138307
2019-07-24,17.4691,17.8187,17.4096,17.6958,70748.887694868
2019-07-25,17.6563,17.6563,17.3115,17.6067,43662.009189899
2019-07-26,17.7058,17.9822,17.5185,17.7355,80535.896227909
2019-07-29,17.6563,17.8139,17.0144,17.3214,72657.636986945
2019-07-30,17.1926,18.4657,17.1926,18.4558,67521.880033962
2019-07-31,18.3765,18.643,18.0516,18.1298,58935.031685098
2019-08-01,18.1199,18.8055,18.1199,18.544,39109.677456812
2019-08-02,18.4944,18.4944,17.2223,17.4591,41236.454166704
2019-08-05,17.37,17.9822,17.0935,17.6266,65735.266471309
2019-08-06,17.7157,18.1882,17.1332,17.577,49950.48517596
2019-08-07,17.4195,17.7544,17.1876,17.6067,36522.620642642
2019-08-08,17.7544,17.8039,17.3214,17.3997,52409.349943543
2019-08-09,17.4988,17.4988,17.0144,17.0144,29592.175037457
2019-08-12,17.0144,17.4521,17.0144,17.1432,54821.782946221
2019-08-13,17.1659,17.5969,17.0341,17.0341,51052.73489936
2019-08-14,16.9865,17.1332,16.522,16.6893,91707.782618556
2019-08-15,16.507,16.7538,16.2752,16.3743,44404.91742838
2019-08-16,16.4427,16.7586,16.3842,16.4229,44271.678450826
2019-08-19,16.5814,17.2124,16.5814,17.1432,37962.005354699
2019-08-20,17.0638,17.0638,16.404,16.7884,32090.405866591
2019-08-21,16.947,17.2323,16.7884,16.828,33362.232470513
2019-08-22,16.8083,17.0738,16.7092,16.9073,55158.917934882
2019-08-23,16.8182,16.838,16.3049,16.4139,64484.636977452
2019-08-26,16.5517,16.5814,15.9196,16.2267,41689.668567625
2019-08-27,16.3743,16.3743,15.6887,15.8611,28967.364983626
2019-08-28,15.8324,16.3049,15.8324,16.2653,23264.332989847
2019-08-29,16.3347,16.6695,16.1871,16.3545,12406.365705407
2019-08-30,16.3842,16.7489,16.1474,16.3347,23332.971251011
2019-09-03,16.197,17.479,15.9294,17.3313,94192.891427172
2019-09-04,17.252,17.6464,16.2068,16.6011,37491.631388488
2019-09-05,16.8182,17.4294,16.1574,16.4625,44236.349934051
2019-09-06,16.5616,16.7586,16.3644,16.4328,34992.39117316
2019-09-09,16.7191,19.0571,16.6695,18.9383,210801.22205538
2019-09-10,18.8104,19.9745,18.8104,19.6982,180136.06949414
2019-09-11,19.817,20.3202,19.4911,20.1618,128972.30211349
2019-09-12,20.2213,21.197,19.6485,20.1716,174392.66205261
2019-09-13,19.4811,19.827,18.9184,19.7972,127443.0820302
2019-09-16,19.6485,20.2707,19.4118,20.1321,136239.88270733
2019-09-17,20.0924,20.2113,19.6485,19.8754,115247.67803926
2019-09-18,19.9834,20.3688,19.7279,20.2113,158507.9515241
2019-09-19,20.2213,20.4084,19.9646,20.1618,120068.50649983
2019-09-20,20.0825,20.2707,19.5208,19.817,965651.50859346
2019-09-23,19.6485,19.7675,19.4316,19.7179,82551.640456506
2019-09-24,19.7279,19.8854,19.2839,19.5505,138762.33880511
2019-09-25,19.5802,19.925,19.3673,19.8567,82660.654165414
2019-09-26,19.7873,19.8953,19.397,19.6386,153057.26607872
2019-09-27,19.6089,20.6749,19.6089,20.3986,177499.55275648
2019-09-30,20.3986,20.892,20.241,20.6848,179893.81680767
2019-10-01,20.892,20.9117,18.6132,18.7411,231947.86281107
2019-10-02,18.6232,18.7907,18.2676,18.6479,75500.068508093
2019-10-03,18.6132,19.067,18.426,18.6727,76827.411352662
2019-10-04,18.8402,19.5208,18.6084,19.4019,114036.41460694
2019-10-07,19.4019,19.6188,18.5341,19.0869,264085.70982877
2019-10-08,18.9878,19.2345,18.643,18.7312,56436.800855965
2019-10-09,18.6727,19.1265,18.5538,19.0472,60234.111716247
2019-10-10,19.0472,19.2157,18.8887,18.9778,59870.732686555
2019-10-11,19.0967,19.176,18.8887,18.9283,44062.735508754
2019-10-14,18.7123,19.1364,18.1398,19.0076,39263.104158237
2019-10-15,19.0571,19.1364,18.8204,18.9581,35482.952863244
2019-10-16,18.9283,19.1364,18.6232,18.968,44309.02573999
2019-10-17,19.0175,19.1562,18.6727,19.0373,22553.725109559
2019-10-18,18.8887,19.2107,18.6529,18.859,82127.698255199
2019-10-21,18.9878,19.0472,18.8402,19.0076,60073.619311467
2019-10-22,19.0076,19.1701,18.8788,19.0076,80570.215358491
2019-10-23,19.0076,19.0571,18.6926,18.9977,25535.451925422
2019-10-24,18.9977,19.0869,18.7907,18.9283,29020.862451886
2019-10-25,18.9481,18.9581,18.7807,18.7807,32172.166148272
2019-10-28,18.9184,19.8467,18.9184,19.5704,38395.03203175
2019-10-29,19.2741,20.2213,19.1364,19.4713,64933.813833599
2019-10-30,19.6288,20.0428,19.1463,19.6288,52010.642397076
2019-10-31,19.7179,19.7179,19.1067,19.382,76088.540658956
2019-11-01,19.4811,20.0725,18.7807,19.9934,32327.611622085
2019-11-04,20.241,20.7829,19.9934,20.4967,46192.540377228
2019-11-05,20.6353,21.4249,20.566,21.3258,60330.003404638
2019-11-06,21.3258,21.4249,21.0207,21.0395,38610.031290984
2019-11-07,21.3555,21.5924,20.892,21.1772,49587.106146269
2019-11-08,20.9315,21.3654,20.5164,20.7929,36624.568648194
2019-11-11,20.8623,20.9315,20.3202,20.9217,30477.406729235
2019-11-12,20.9514,21.4645,20.9217,21.3754,22925.1792288
2019-11-13,21.2663,21.3457,20.8423,21.1872,12430.590974052
2019-11-14,21.1872,21.1922,20.4917,20.6056,27258.474157879
2019-11-15,20.7829,20.8623,20.1222,20.4183,40722.676594167
2019-11-18,20.4084,20.877,19.9151,20.7829,49224.736502769
2019-11-19,20.872,21.1475,20.5818,20.8126,59574.982531834
2019-11-20,20.7632,21.1078,20.5461,20.8325,79285.266734052
2019-11-21,21.0008,21.0008,20.4967,20.892,52828.245213883
2019-11-22,20.9613,21.2566,20.5362,21.1178,53251.178028997
2019-11-25,21.2069,21.9371,20.9811,21.7895,65728.200767954
2019-11-26,21.7895,22.3908,21.6112,21.7697,48370.795782993
2019-11-27,21.9073,22.3216,21.7498,21.8391,32007.636198716
2019-11-29,21.9867,22.2135,20.6155,21.74,18590.874913528
2019-12-02,21.7994,21.8479,21.4348,21.4645,73523.690341044
2019-12-03,21.2466,21.523,20.9414,21.0207,42616.28509334
2019-12-04,21.2268,21.3654,20.9217,21.1575,68199.178169861
2019-12-05,21.197,21.4051,21.0008,21.0008,38623.153311501
2019-12-06,21.2663,21.4596,21.0395,21.2863,40367.372654023
2019-12-09,21.2268,21.7053,21.2268,21.5924,37772.240750306
2019-12-10,21.6211,21.7003,21.2763,21.4051,49341.825301226
2019-12-11,21.4546,21.7003,21.1673,21.7003,24655.267164613
2019-12-12,21.7003,22.2669,21.6012,22.0857,52019.726872818
2019-12-13,22.056,22.2323,21.8579,22.1937,39378.174184306
2019-12-16,22.4998,23.2696,22.2422,22.7069,71777.452226135
2019-12-17,22.7168,22.7366,22.2522,22.262,28628.211222579
2019-12-18,22.3116,22.4998,21.7201,21.8479,141443.26853528
2019-12-19,21.8975,22.2918,21.3555,22.056,59432.659078538
2019-12-20,21.947,21.947,21.3457,21.7003,139251.891109
2019-12-23,21.5329,21.6776,21.1178,21.5329,42015.700308154
2019-12-24,21.5329,21.6606,21.2069,21.3951,33723.592727819
2019-12-26,21.5032,21.7003,21.3951,21.6508,53677.139002692
2019-12-27,21.7003,21.7003,21.0979,21.4546,97683.348884605
2019-12-30,21.5032,21.6606,21.316,21.6409,80471.29551152
2019-12-31,21.3951,21.6508,21.3951,21.4933,39106.649298231
2020-01-02,21.6012,21.6012,20.9514,21.306,79294.351209794
2020-01-03,21.0979,21.2366,21.0108,21.0297,73391.460749684
2020-01-06,20.9711,20.9711,20.4967,20.6749,40828.662144493
2020-01-07,20.5858,20.9514,19.8368,20.3401,89069.247108514
2020-01-08,20.3688,20.674,20.1915,20.3886,48595.888904162
2020-01-09,20.3886,20.7047,20.2113,20.6254,63078.562009782
2020-01-10,20.566,20.7482,20.2213,20.349,54932.815427516
2020-01-13,20.3688,20.7145,20.2905,20.6948,84577.478547042
2020-01-14,20.6254,20.6254,20.2905,20.3202,104644.0760756
2020-01-15,20.241,20.3391,19.8854,20.2807,32620.333618226
2020-01-16,20.349,20.5759,20.0428,20.1122,41702.790588142
2020-01-17,20.3104,20.4183,19.925,19.9834,44011.25681288
2020-01-21,19.9745,20.2113,19.9051,20.0528,28120.489967204
2020-01-22,20.0725,20.1122,19.9745,20.0528,21727.03781701
2020-01-23,19.925,20.3005,19.925,20.0825,63975.906335883
2020-01-24,20.3202,20.3202,19.6685,19.8754,44938.88272479
2020-01-27,19.7279,19.8754,19.3127,19.3424,27910.537638938
2020-01-28,19.4713,19.5802,19.3326,19.5208,33189.62743141
2020-01-29,19.4911,19.6139,19.392,19.4316,29041.050175758
2020-01-30,19.8854,20.2707,19.3523,20.1716,72295.267343446
2020-01-31,20.0825,20.2658,18.3765,18.3765,29530.602479649
2020-02-03,18.643,19.4811,18.3765,18.3864,22775.790072149
2020-02-04,18.6727,19.0076,18.5835,18.7411,19204.58171923
2020-02-05,19.0571,19.4713,18.8887,19.3226,22797.996568408
2020-02-06,19.382,19.7576,18.9778,19.0076,27513.848864857
2020-02-07,18.9086,18.9086,18.2279,18.2676,29313.584448027
2020-02-10,18.2476,19.0076,18.2476,19.0076,13148.264557695
2020-02-11,19.0967,19.392,18.8788,18.9481,9916.2099658213
2020-02-12,19.176,19.4118,18.2379,19.2058,19214.675581167
2020-02-13,18.9878,19.5108,18.9878,19.2255,13939.623333469
2020-02-14,19.2157,19.6485,18.7283,19.0373,18007.449693633
2020-02-18,19.0076,19.3573,18.6995,19.176,15147.858607195
2020-02-19,19.176,19.6882,19.0502,19.2542,33340.025974255
2020-02-20,19.2345,19.6685,19.0859,19.176,21600.864542811
2020-02-21,19.1958,19.5208,18.9283,19.392,30070.624093219
2020-02-24,19.0373,19.6188,18.544,18.6529,21307.133160476
2020-02-25,18.8204,19.0571,18.002,18.1199,40597.512706162
2020-02-26,18.2052,18.5785,17.7841,18.2279,23421.797236045
2020-02-27,17.7544,18.1487,17.5087,17.5285,27247.370909749
2020-02-28,17.262,18.2082,17.0144,18.2082,72317.473839706
2020-03-02,18.2476,18.7123,17.6761,18.5638,24272.709797242
2020-03-03,18.4211,18.4756,18.002,18.0911,35206.381046201
2020-03-04,18.2476,18.2873,18.0218,18.2476,48423.28386506
2020-03-05,17.6761,17.9188,17.5087,17.7355,53544.909411331
2020-03-06,17.0241,17.1134,15.9097,16.088,34190.93853545
2020-03-09,15.1508,15.7175,13.8193,13.948,31043.672383839
2020-03-10,14.3622,15.1508,13.3358,15.1508,42826.237421606
2020-03-11,14.4901,14.6584,13.9084,14.3027,60163.454682696
2020-03-12,13.8094,14.0948,13.316,13.3656,101360.54278785
2020-03-13,14.2036,15.4628,13.4448,14.5198,37330.129597513
2020-03-16,13.316,14.0908,10.8006,11.6695,92752.497328921
2020-03-17,12.251,13.9283,11.6695,13.9283,73191.602283354
2020-03-18,12.7741,13.0595,11.8359,11.9944,46680.073908731
2020-03-19,11.8359,14.4454,11.816,14.273,70769.075418739
2020-03-20,14.2929,14.5098,13.1585,14.5098,121477.60962608
2020-03-23,14.0758,16.2168,13.9084,14.8942,49657.763179819
2020-03-24,15.6045,15.6243,14.8249,15.3083,68068.967350889
2020-03-25,16.0385,16.2703,14.4404,14.9636,46648.78293673
2020-03-26,15.131,15.4867,14.5593,15.4867,52053.036617207
2020-03-27,14.6971,15.447,14.2829,14.2829,66753.737140642
2020-03-30,14.6089,15.2598,14.5296,15.0924,37696.536785787
2020-03-31,15.013,15.1805,14.3622,15.1805,52570.851734518
2020-04-01,14.4999,14.5395,12.9415,13.0495,50013.067119962
2020-04-02,12.8435,15.1013,12.8435,13.4745,41870.348696278
2020-04-03,13.1882,13.958,12.8633,13.4349,28500.019175994
2020-04-06,14.2334,14.4999,13.3457,14.0364,96308.564888935
2020-04-07,14.2136,14.4603,13.1585,13.9777,34092.018688479
2020-04-08,14.2433,14.4009,13.948,14.2532,58588.812220696
2020-04-09,14.2532,14.805,14.1145,14.5495,51892.544212426
2020-04-13,14.381,14.8744,13.9084,14.0958,19813.241593964
2020-04-14,14.5792,14.5792,13.099,13.849,25276.03967367
2020-04-15,13.1387,13.1387,12.0836,12.1915,163227.84136533
2020-04-16,11.9251,12.6057,11.8557,12.1718,57779.284493438
2020-04-17,12.468,12.6949,11.9845,12.3204,64200.999457054
2020-04-20,11.8755,12.4184,11.7586,11.9845,16450.976183118
2020-04-21,11.4514,12.0935,11.4514,11.7488,21878.445746048
2020-04-22,12.1519,12.458,11.6992,12.0143,24509.915552735
2020-04-23,11.8954,12.251,11.816,12.251,24646.18268887
2020-04-24,12.251,12.4184,12.0836,12.251,24298.953838275
2020-04-27,12.251,12.5077,12.034,12.2708,47752.042046323
2020-04-28,12.5661,13.4745,12.2906,13.4151,36095.650282753
2020-04-29,14.0561,14.5296,12.8771,14.2929,83048.258463754
2020-04-30,13.7302,13.7499,12.9801,13.3358,53114.910892863
2020-05-01,13.2962,14.1839,12.2411,13.0892,47321.034141661
2020-05-04,12.8236,13.5627,12.458,13.1387,37565.316580619
2020-05-05,12.9317,13.6905,12.1331,12.2312,30080.717955155
2020-05-06,12.2906,12.2906,11.2742,11.392,31405.032641144
2020-05-07,11.61,11.7873,11.0671,11.2742,31591.769086958
2020-05-08,11.3436,11.9944,11.3436,11.6893,123017.93295751
2020-05-11,11.4317,11.826,10.9293,11.1562,47167.607440234
2020-05-12,11.3139,11.3139,10.5698,10.6144,30752.969160085
2020-05-13,10.7709,11.1761,10.12,11.1562,56874.874463983
2020-05-14,10.7709,10.7709,9.96247,10.4955,40534.930762159
2020-05-15,10.4559,10.8601,9.91296,10.7808,28471.756362573
2020-05-18,11.3733,12.892,11.1265,12.7642,64220.177794732
2020-05-19,12.576,12.576,11.719,11.8854,66458.996372113
2020-05-20,12.1618,12.5711,11.7289,11.9548,80912.397278118
2020-05-21,11.9548,12.4283,11.6199,11.6992,35633.351406089
2020-05-22,11.8755,11.8755,11.2345,11.4911,65108.437645091
2020-05-26,12.0836,12.9801,11.9498,12.3204,117437.03669315
2020-05-27,12.4283,13.0,12.3599,12.7741,73226.930800129
2020-05-28,12.9702,13.0644,12.3798,12.478,33315.800705609
2020-05-29,12.3302,13.2863,12.0935,12.8633,170875.96055416
2020-06-01,13.0495,13.4845,12.5264,12.5858,95300.18808154
2020-06-02,12.784,12.9604,12.5164,12.7246,21633.164901006
2020-06-03,12.8336,13.3953,12.3302,13.2665,69464.948456622
2020-06-04,13.0396,14.9041,12.8336,14.805,58121.466413066
2020-06-05,15.5648,16.0979,14.6832,15.7234,52985.709460084
2020-06-08,15.8413,16.6201,15.7234,16.0385,38154.798117675
2020-06-09,15.7928,16.8974,15.3479,16.5913,33371.316946256
2020-06-10,16.4139,16.4139,15.1905,15.3182,41079.999306698
2020-06-11,14.5395,14.9933,13.1585,13.2031,58008.415159383
2020-06-12,13.7896,15.0427,13.2081,14.1442,43547.948550023
2020-06-15,13.5429,14.9636,13.2566,14.9239,45459.726000681
2020-06-16,15.4767,15.9791,14.8546,15.5848,37111.092793505
2020-06-17,15.3776,15.7333,14.8199,15.023,25239.7017707
2020-06-18,14.8546,15.4371,14.6089,15.4371,21307.133160476
2020-06-19,15.457,16.1376,14.3493,15.7234,103187.53179825
2020-06-22,15.457,16.0285,15.1805,15.8512,30278.557649098
2020-06-23,16.2267,16.5814,15.6838,16.1574,30017.126624959
2020-06-24,15.88,16.3247,13.7995,14.1145,87098.925258626
2020-06-25,13.9084,14.9437,13.4845,14.8149,45796.86098934
2020-06-26,14.5296,14.5296,13.4547,13.8986,384777.00761004
2020-06-29,14.3423,14.8942,14.1343,14.7952,39458.925079793
2020-06-30,14.6,15.0924,14.4504,14.8347,29866.728082113
2020-07-01,14.9833,14.9833,14.0661,14.1245,32182.260010207
2020-07-02,14.5495,14.5495,13.8094,14.0758,22601.166260658
2020-07-06,14.4207,14.6683,13.8856,14.3325,30773.156883957
2020-07-07,14.0561,14.273,12.6849,12.7543,34134.412908609
2020-07-08,12.7246,13.1684,12.044,12.7345,27642.040911443
2020-07-09,12.6354,12.7246,11.9349,12.1134,29362.034985318
2020-07-10,12.2609,12.9901,12.1519,12.9604,22763.677437825
2020-07-13,13.2962,13.2962,12.473,12.8732,29724.404628818
2020-07-14,12.9514,12.9901,12.478,12.8236,23834.636189225
2020-07-15,13.2962,14.4901,13.0198,13.9877,61071.902256926
2020-07-16,13.9084,14.4949,13.6409,13.8292,22321.566285033
2020-07-17,13.5825,13.8242,12.8236,13.2665,69598.187434176
2020-07-20,13.3656,13.6905,13.3656,13.6608,15567.763263728
2020-07-21,13.9084,14.2136,13.6905,14.0561,21508.001013001
2020-07-22,13.8689,13.8787,13.2763,13.3557,30336.092662133
2020-07-23,13.2081,13.5627,12.8236,13.4151,25116.556655083
2020-07-24,13.74,13.74,12.902,12.902,12631.458826576
2020-07-27,12.7246,13.0396,11.9052,12.0836,26181.45908932
2020-07-28,11.9052,12.3986,11.9052,12.1232,13534.859469839
2020-07-29,12.2114,13.0098,11.9449,12.9514,28870.46390904
2020-07-30,12.6255,13.0396,12.4184,13.0396,25707.047578332
2020-07-31,13.0396,13.2427,12.8236,13.1684,58332.428127525
2020-08-03,13.2179,13.5527,12.7345,13.425,27403.825769756
2020-08-04,13.2665,13.5627,13.0198,13.5043,25138.763151341
2020-08-05,13.7202,13.7202,13.3061,13.5627,38066.981518833
2020-08-06,13.5429,13.6865,13.0396,13.2278,16789.120557971
2020-08-07,13.0892,13.948,13.0,13.8886,26887.020038638
2020-08-10,14.0461,14.4404,13.6409,13.958,31604.891107475
2020-08-11,14.3027,14.5395,13.968,14.1442,36023.983863008
2020-08-12,14.4901,14.4901,13.5726,13.7005,19852.607655514
2020-08-13,13.5627,13.8094,13.3557,13.5726,16112.831808266
2020-08-14,13.4052,14.2036,13.3259,13.9084,15446.636920497
2020-08-17,13.5726,13.9283,13.5726,13.7995,18683.738443338
2020-08-18,13.5825,13.6608,13.2763,13.4943,14227.298398641
2020-08-19,13.1189,13.8094,12.7216,13.5527,17666.277160199
2020-08-20,13.2476,13.534,13.0693,13.4745,22121.707818704
2020-08-21,13.4845,13.4845,12.8236,12.9604,23712.5004598
2020-08-24,13.1684,13.3656,12.9317,13.3457,20928.61333788
2020-08-25,13.5429,13.6806,13.3358,13.5726,17337.21726109
2020-08-26,13.5825,13.5825,12.882,12.9117,25804.958039111
2020-08-27,13.0,13.3507,12.7939,12.9317,15552.622470824
2020-08-28,13.1486,13.1486,12.5364,13.1189,18134.632354026
2020-08-31,12.9604,13.2179,12.9317,12.9702,40742.864318038
2020-09-01,12.882,13.0693,12.6057,12.6552,29689.076112042
2020-09-02,12.6552,13.0693,12.6255,12.9702,48298.119977054
2020-09-03,13.0595,13.2081,12.8039,12.9514,33125.02671502
2020-09-04,13.2566,13.2566,12.7543,12.7642,18402.119695327
2020-09-08,12.7146,12.9117,11.9548,11.9944,32941.318427786
2020-09-09,12.1421,12.3986,11.719,11.8954,32778.807250618
2020-09-10,11.9746,12.458,11.4614,11.6199,21946.074621018
2020-09-11,11.4714,11.4714,10.9293,11.0177,29936.375729471
2020-09-14,11.1562,11.5704,10.8502,11.5208,21674.549734943
2020-09-15,11.3733,11.8854,11.2842,11.6199,11656.391763569
2020-09-16,11.4417,11.7289,11.3683,11.4217,34980.278538837
2020-09-17,11.4417,11.5902,11.1464,11.4317,27020.259016192
2020-09-18,11.6595,11.6595,11.0274,11.3336,194530.92600092
2020-09-21,11.0374,11.1662,10.2874,10.4162,41721.96892582
2020-09-22,10.4064,10.7115,9.88422,10.2488,48404.10552738
2020-09-23,10.1795,10.5351,9.63655,9.74553,48767.484557073
2020-09-24,9.8446,10.1101,9.7158,9.78516,22797.996568408
2020-09-25,9.59692,9.99215,9.54738,9.91296,28897.717336268
2020-09-28,10.1101,10.3073,9.99215,10.0219,48581.757497452
2020-09-29,10.0418,10.0418,9.50874,9.74553,33949.695235182
2020-09-30,9.66628,9.92287,9.0452,9.1833,93617.541296826
2020-10-01,9.35103,9.74553,9.3115,9.67618,37477.499981777
2020-10-02,9.59692,9.81488,9.56719,9.79506,23473.27593192
2020-10-05,9.89413,10.4361,9.79506,10.1795,38908.809604286
2020-10-06,10.1795,10.6144,9.47011,10.1596,23648.909129603
2020-10-07,10.1596,10.5351,9.62665,10.2973,36870.85887943
2020-10-08,10.3964,10.6144,10.3667,10.4261,25988.666326343
2020-10-09,10.6242,10.7214,10.4162,10.5351,16550.905416284
2020-10-12,10.4856,10.8502,10.4658,10.7907,20941.735358397
2020-10-13,10.9245,10.9245,10.1348,10.3568,17516.888003548
2020-10-14,10.4658,10.4658,9.99215,10.0517,7882.2967857388
2020-10-15,9.96247,10.3865,9.86442,10.2488,30852.898393251
2020-10-16,10.1498,10.6194,10.0804,10.5351,22682.926542339
2020-10-19,10.5648,10.5648,9.96247,10.2092,10122.124749314
2020-10-20,10.327,10.7511,9.95253,10.2973,24296.935065888
2020-10-21,10.2289,10.6045,10.0219,10.4261,20503.661750379
2020-10-22,10.4856,11.1365,10.3568,10.6242,35437.530484533
2020-10-23,10.6242,11.1365,10.6242,11.0374,24570.47872435
2020-10-26,10.9393,10.9493,10.4459,10.545,14230.326557222
2020-10-27,10.4955,10.5054,10.1101,10.12,7282.7213867468
2020-10-28,10.0804,10.2776,9.21282,9.29179,32898.924207657
2020-10-29,8.88738,10.4658,8.88738,10.1795,22646.58863937
2020-10-30,9.86442,10.2874,9.28188,9.93276,30656.068085501
2020-11-02,10.2488,10.2646,9.696,10.2092,23308.745982364
2020-11-03,10.4856,11.0621,10.4162,10.8502,36571.071179934
2020-11-04,10.5847,10.5847,10.12,10.12,14474.598016071
2020-11-05,10.1101,10.8898,10.1101,10.6818,15774.687433414
2020-11-06,10.8799,10.8799,10.12,10.1894,17871.182557498
2020-11-09,11.5308,13.0098,10.9096,12.4184,67701.550776421
2020-11-10,12.8137,13.5637,12.6155,12.9415,55935.135917751
2020-11-11,12.9514,13.425,12.1718,12.4877,21144.621983308
2020-11-12,12.1718,12.4036,11.719,11.8657,28127.55567056
2020-11-13,12.1331,12.7048,11.8359,12.5561,17675.361635943
2020-11-16,13.0396,13.316,12.5958,13.1684,58048.790607127
2020-11-17,12.8533,13.4845,12.6552,13.099,22788.912092665
2020-11-18,13.2813,13.4151,12.6651,12.7345,20113.029293461
2020-11-19,12.7543,12.8732,12.2609,12.7543,12314.511561789
2020-11-20,12.4283,13.3854,12.4283,12.8236,59847.516804103
2020-11-23,13.0892,13.4399,12.8633,13.3953,25508.198498195
2020-11-24,13.5627,15.4371,13.2476,15.4273,107625.80289146
2020-11-25,15.1023,15.5254,14.5395,15.5154,48536.335118741
2020-11-27,15.5154,15.5154,15.0627,15.2499,17469.44685245
2020-11-30,14.9735,14.9735,14.2632,14.6485,41093.121327214
2020-12-01,15.0329,15.6937,14.4999,15.3282,54237.348340134
2020-12-02,15.1023,16.1127,15.1023,15.5551,61486.759982492
2020-12-03,15.7333,15.9988,15.4273,15.5054,51339.400578338
2020-12-04,15.8225,15.9691,15.6492,15.8899,54868.214711127
2020-12-07,15.6243,15.9047,14.9933,15.7036,38761.439220023
2020-12-08,15.6145,15.8324,15.3974,15.7333,59921.201996235
2020-12-09,15.7829,15.8324,15.2696,15.7234,62162.039346003
2020-12-10,15.6342,15.8324,15.4273,15.7829,53712.467519468
2020-12-11,15.6442,15.9196,15.6442,15.7829,50613.651905148
2020-12-14,16.0483,16.0483,15.3876,15.3974,27039.43735387
2020-12-15,15.5351,16.6111,15.3579,16.512,56754.757506945
2020-12-16,16.522,16.522,15.6739,15.7135,38342.543949683
2020-12-17,15.3479,15.8413,15.3479,15.8413,41065.867899987
2020-12-18,15.8899,16.0979,15.3182,15.3974,229402.19083085
2020-12-21,15.1905,15.2686,14.4306,14.5296,32833.314105073
2020-12-22,14.4801,14.7416,14.0758,14.381,18186.111049898
2020-12-23,14.4207,14.9437,13.4943,14.914,18527.283583332
2020-12-24,14.7952,15.1221,14.599,14.9833,5941.2471354666
2020-12-28,15.2686,15.6342,15.2686,15.2984,24271.700411048
2020-12-29,15.023,15.023,14.7069,14.8347,21646.286921522
2020-12-30,14.7952,15.1121,14.4504,14.4603,28691.802552776
2020-12-31,14.5692,15.5054,14.5692,14.9933,32657.680907388
2021-01-04,15.23,15.3906,14.7416,14.8546,25060.031028241
2021-01-05,14.8347,15.7135,14.8347,15.1023,42785.861973863
2021-01-06,15.5154,17.4493,15.5154,17.0837,86056.22932065
2021-01-07,17.4195,17.4195,15.9097,15.9097,30836.748214153
2021-01-08,16.2068,16.3941,15.3776,15.7135,16323.793522726
2021-01-11,15.3876,15.9196,15.3677,15.6243,12017.752020875
2021-01-12,15.6045,15.8324,14.9239,15.7829,27274.624336977
2021-01-13,15.6342,15.6342,15.0032,15.0032,19248.994711748
2021-01-14,15.4937,16.0285,15.1905,15.7829,17909.539232855
2021-01-15,15.4273,15.9424,14.8347,14.9636,19521.528984017
2021-01-19,15.338,16.7289,14.8645,15.0329,22406.354725295
2021-01-20,14.9833,15.3677,14.5198,14.7367,16679.097462869
2021-01-21,14.7367,14.7555,13.9283,13.9283,40052.444161623
2021-01-22,13.849,15.1023,13.7549,15.0924,39346.883212305
2021-01-25,14.6089,14.7952,14.4009,14.7852,29909.122302245
2021-01-26,14.9536,15.4253,14.3325,14.805,26332.867018358
2021-01-27,14.2433,14.4949,13.4438,14.2632,52826.226441495
2021-01-28,14.7069,14.7703,14.1245,14.3523,38663.528759244
2021-01-29,14.1739,15.0359,13.8292,14.0661,40901.337950432
2021-02-01,14.4009,15.5748,14.3027,14.372,42034.878645833
2021-02-02,14.8843,15.4867,14.7852,15.23,21009.364233367
2021-02-03,15.2399,15.3282,14.9536,15.2885,65587.896087045
2021-02-04,15.3776,15.5054,15.0924,15.3677,37061.632870018
2021-02-05,15.3677,15.7393,15.131,15.3677,19523.547756404
2021-02-08,15.3677,16.1376,15.3479,16.1276,53402.585958036
2021-02-09,15.8899,16.404,15.7928,16.2752,41443.37833639
2021-02-10,16.522,16.7686,15.9988,16.0583,43593.370928735
2021-02-11,16.2366,16.4526,15.6838,15.8997,30594.495527691
2021-02-12,15.8899,16.4229,15.8899,16.3545,39042.04858184
2021-02-16,16.5913,16.5913,16.2703,16.4229,27540.09290589
2021-02-17,16.4724,16.6695,16.4328,16.4328,29677.972863913
2021-02-18,15.9394,16.3644,15.8413,15.8899,32110.593590463
2021-02-19,15.9196,16.4724,15.9196,16.2168,30998.250005127
2021-02-22,16.2168,17.0144,16.2168,16.7884,43241.095147171
2021-02-23,16.7686,17.3997,16.3347,16.8083,61930.889907672
2021-02-24,16.9944,17.3115,16.7339,17.1035,38450.548272397
2021-02-25,17.2223,17.479,16.7586,16.7586,70137.199661553
2021-02-26,16.6795,16.9073,16.1474,16.2455,79940.358373691
2021-03-01,16.404,16.6735,16.1871,16.2068,54985.303509583
2021-03-02,16.2852,16.3545,16.0583,16.1871,51005.293748261
2021-03-03,16.4724,17.361,16.4328,17.1529,85528.320341402
2021-03-04,17.0738,17.4691,16.9568,17.1629,126411.48934035
2021-03-05,17.5087,17.5087,16.8874,17.5087,114791.43547975
2021-03-08,17.9723,18.2476,17.4393,18.2476,141563.38549232
2021-03-09,18.0813,18.3963,17.8139,18.2676,115812.93430766
2021-03-10,18.3369,18.9184,18.2379,18.9086,182647.42234379
2021-03-11,19.0373,19.5505,18.643,18.8402,109109.60059603
2021-03-12,18.9878,19.0869,18.5935,18.9383,104271.61257016
2021-03-15,18.9481,19.2008,18.5241,18.6926,82999.807926461
2021-03-16,18.5142,18.5142,18.0911,18.317,76962.669102603
2021-03-17,18.3864,18.4756,17.9525,18.3567,65605.055652336
2021-03-18,18.544,18.8402,18.3666,18.4458,101072.86772268
2021-03-19,18.4944,19.0472,18.2973,18.968,299270.8937649
2021-03-22,18.859,18.859,17.9178,17.9624,124192.85848683
2021-03-23,17.5869,17.7355,17.3412,17.5582,119828.27258575
2021-03-24,17.8336,18.539,17.3799,17.5087,43238.066988591
2021-03-25,17.3997,17.686,17.0837,17.4888,93597.353572955
2021-03-26,17.8139,18.2379,17.7642,18.0614,49079.384890893
2021-03-29,17.7157,18.5737,17.7157,17.7544,39006.720065064
2021-03-30,17.9822,18.6282,17.7841,18.3072,37097.970772988
2021-03-31,18.2576,18.8501,17.9723,18.317,43817.454663712
2021-04-01,18.1982,18.6926,17.9188,18.6826,26495.378195525
2021-04-05,18.8302,19.0472,18.5044,18.9383,28538.375851351
2021-04-06,18.859,19.0819,18.6034,18.7411,43084.640287165
2021-04-07,18.5638,18.6926,17.8436,18.317,64836.912759015
2021-04-08,18.2576,18.7807,18.1882,18.7807,28193.165773143
2021-04-09,18.8788,18.8788,18.5044,18.6529,18405.147853907
2021-04-12,18.6342,18.8005,18.5341,18.7123,24681.511205646
2021-04-13,18.5538,18.6727,18.4944,18.4944,18812.939876118
2021-04-14,18.4558,18.9134,18.3864,18.7807,123183.47229324
2021-04-15,18.7411,18.8104,18.5835,18.8104,57839.847665054
2021-04-16,19.067,19.067,18.322,18.4657,34401.90024991
2021-04-19,18.5044,18.5044,17.903,18.1398,35728.233708287
2021-04-20,17.9822,17.9822,17.1629,17.37,26756.809219666
2021-04-21,17.4591,17.7544,17.3115,17.7445,35317.413527496
2021-04-22,17.8237,18.5341,17.361,17.4691,28809.900737426
2021-04-23,17.5681,18.1199,17.5681,17.9822,40290.659303311
2021-04-26,18.0516,18.2873,17.6364,17.7841,15060.042008353
2021-04-27,17.903,17.9129,17.3214,17.6761,25072.143662564
2021-04-28,17.6563,17.8633,17.37,17.6958,15559.688174179
2021-04-29,18.0218,18.0218,17.4888,17.9227,24443.296063959
2021-04-30,18.1487,19.2255,17.903,18.6926,78902.709366681
2021-05-03,19.2345,19.6782,19.0076,19.5901,100558.08076395
2021-05-04,19.5406,19.7972,19.382,19.7279,113320.75979569
2021-05-05,20.1321,20.4669,19.7873,20.3302,104837.87822476
2021-05-06,20.2213,20.7047,20.0131,20.6452,59322.635983437
2021-05-07,20.349,20.7929,20.2608,20.7145,43256.235940075
2021-05-10,20.7432,20.9414,20.4283,20.4669,43485.366606021
2021-05-11,20.2905,20.8226,19.7773,20.1519,128489.81551294
2021-05-12,20.4381,20.7632,20.1816,20.5264,77353.301559521
2021-05-13,20.5164,21.3951,20.4669,21.3555,77886.257469737
2021-05-14,22.0758,23.2003,21.7003,22.6969,243643.6206362
2021-05-17,22.8744,23.8907,22.8744,23.0714,131565.41524481
2021-05-18,22.8842,22.9724,22.4107,22.4898,83607.458415001
2021-05-19,22.2522,22.4454,21.2169,22.3908,91864.237478562
2021-05-20,22.6375,22.9139,22.2918,22.7168,98757.335794583
2021-05-21,22.9635,23.2894,22.6772,23.1012,83149.197083113
2021-05-24,23.3092,23.3499,22.6475,22.6969,86009.797555744
2021-05-25,22.7753,23.4261,22.2522,22.2522,93271.321832425
2021-05-26,22.3908,22.9635,22.3908,22.8941,79902.001698334
2021-05-27,22.9436,23.436,22.6722,23.436,187447.05369431
2021-05-28,23.23,23.8213,22.7466,23.7916,94956.99677572
2021-06-01,23.9789,24.0681,23.5995,23.6936,138456.49478845
2021-06-02,23.8213,23.8213,23.2052,23.2696,121371.62407576
2021-06-03,23.2696,23.3963,23.0021,23.1903,206729.35815045
2021-06-04,23.3963,23.5301,22.9922,23.4163,118437.338411
2021-06-07,23.6242,23.8313,23.1111,23.3766,106206.60590327
2021-06-08,23.3291,23.3865,22.9436,23.1705,160091.67846185
2021-06-09,23.0517,23.0517,22.5098,22.5098,105409.19081034
2021-06-10,22.7366,22.7366,21.5032,21.73,96637.624788045
2021-06-11,21.9073,22.361,21.5626,22.2719,138329.31212806
2021-06-14,22.1937,22.5889,21.523,21.6309,98500.951701412
2021-06-15,21.6211,21.9767,21.5478,21.8579,50085.742925901
2021-06-16,21.6904,21.9371,21.2863,21.8391,59900.00488617
2021-06-17,21.947,21.947,21.0791,21.2566,86150.102236653
2021-06-18,20.8523,21.0791,19.7376,20.3202,151060.7001878
2021-06-21,20.6353,20.9017,19.9834,20.8226,48298.119977054
2021-06-22,20.7729,21.0494,20.3202,20.7829,44959.070448661
2021-06-23,20.8126,21.2863,20.7632,20.9711,94974.156341011
2021-06-24,20.9117,21.6112,20.9117,21.5725,70757.97217061
2021-06-25,21.7103,21.8975,21.5329,21.7003,524485.14127855
2021-06-28,21.7003,21.7003,20.9217,21.316,87955.894136984
2021-06-29,21.415,21.4834,20.9414,21.197,33256.246920186
2021-06-30,21.0979,21.3654,20.9613,21.0891,63533.795183091
2021-07-01,21.4735,21.6012,20.9661,21.3357,31639.210238056
2021-07-02,21.2863,21.5428,20.8623,21.0395,24701.698929517
2021-07-06,20.9613,21.1872,20.6254,20.9711,61102.183842735
2021-07-07,20.8423,21.1575,20.5759,20.882,72484.022561648
2021-07-08,20.3787,20.8028,20.1519,20.3886,37474.471823196
2021-07-09,20.6948,21.2268,20.6948,21.0494,31074.96335584
2021-07-12,20.8623,21.2268,20.6254,20.8325,30186.703505481
2021-07-13,20.7729,20.9514,20.2807,20.6749,39225.756869074
2021-07-14,20.8325,20.991,20.457,20.6749,32834.323491266
2021-07-15,20.8423,21.2663,20.5115,21.1673,42977.645350645
2021-07-16,21.3754,22.7069,19.9547,21.296,87716.669609104
2021-07-19,20.3787,20.991,20.2807,20.5264,81224.297611937
2021-07-20,20.5561,21.953,20.5561,21.4051,103554.94837271
2021-07-21,21.7597,22.2601,21.6904,21.7597,63517.645003994
2021-07-22,22.0956,22.0956,21.523,21.7003,53160.333271574
2021-07-23,22.0758,22.7069,21.5924,21.7003,43611.53988022
2021-07-26,21.7103,22.0361,21.7003,22.0361,27013.193312837
2021-07-27,21.7994,22.1551,21.6359,21.8391,47898.403044393
2021-07-28,21.9668,22.2819,21.7003,22.0064,40430.963984219
2021-07-29,21.9965,22.1937,21.8142,21.9867,47206.973501784
2021-07-30,21.9272,22.4007,21.7697,21.8479,42392.201358363
2021-08-02,21.8579,22.3463,21.6656,21.8192,74866.173978519
2021-08-03,22.0956,22.3216,21.4546,21.9965,61699.74046934
2021-08-04,21.9073,22.1154,21.523,21.8975,55723.164817097
2021-08-05,22.0758,22.5929,21.9073,22.3908,72505.219671714
2021-08-06,22.0361,23.1309,22.0361,23.0417,49167.201489734
2021-08-09,22.8347,23.4707,22.8347,23.3291,68918.870525891
2021-08-10,23.1012,23.6589,23.0714,23.5648,44727.921010328
2021-08-11,23.5748,23.9789,23.4261,23.9007,68117.41788818
2021-08-12,23.8116,24.2356,23.6144,24.0482,33946.667076602
2021-08-13,23.9988,24.1166,23.3568,23.7719,75390.04541299
2021-08-16,23.6738,23.871,23.5054,23.6738,40402.701170798
2021-08-17,23.4954,24.0968,23.4954,24.0185,73301.625378455
2021-08-18,23.9789,24.4138,23.851,23.9097,46028.010427672
2021-08-19,23.8016,23.9394,23.1507,23.4261,60092.797649145
2021-08-20,23.2993,23.9938,23.23,23.9394,85359.752847073
2021-08-23,23.9988,24.2653,23.6837,23.7322,31756.299036514
2021-08-24,23.6242,24.0482,23.6163,23.8313,33351.129222385
2021-08-25,23.6045,24.1365,23.4905,23.752,41877.414399633
2021-08-26,23.5945,23.8313,23.3469,23.6738,51218.274235108
2021-08-27,23.6539,24.5139,23.3666,24.3147,53676.129616498
2021-08-30,24.6595,26.5468,24.6595,26.1793,201981.2054958
2021-08-31,26.1001,26.741,26.0207,26.209,56339.89978138
2021-09-01,26.3953,26.5041,25.8434,26.1099,46632.632757631
2021-09-02,26.2972,26.2972,25.8434,25.8831,36228.889260307
2021-09-03,25.9028,27.0858,25.6948,25.9515,43119.968803941
2021-09-07,26.1892,27.8357,25.6799,25.8335,46540.778614016
2021-09-08,25.6265,25.8335,25.35,25.3797,46724.486901249
2021-09-09,25.3203,25.4391,25.1529,25.1529,45759.513700177
2021-09-10,25.3303,25.3303,25.0737,25.1628,48250.678825956
2021-09-13,25.4888,27.1155,25.4888,26.0802,197874.01307409
2021-09-14,26.3556,26.3556,25.2213,25.3006,100519.72408859
2021-09-15,25.3797,25.3797,24.4912,25.0351,47386.644244244
2021-09-16,25.0151,25.0151,24.1712,24.2454,43999.144178558
2021-09-17,24.2356,24.295,23.7719,24.1068,332478.69014781
2021-09-20,23.4558,23.6242,22.9922,23.5251,71370.669590119
2021-09-21,23.8116,24.1939,23.3291,23.6936,104778.32443934
2021-09-22,24.0285,24.3445,23.973,23.9888,27989.269762038
2021-09-23,24.3346,24.6793,24.0285,24.5902,29427.645087902
2021-09-24,24.285,24.9854,23.9194,24.4812,48189.106268147
2021-09-27,24.719,25.1728,24.5407,24.9063,108250.61294529
2021-09-28,24.9954,25.5769,24.1365,24.1662,65707.003657889
2021-09-29,24.1068,24.5109,24.1068,24.4723,39339.817508949
2021-09-30,24.5902,25.0449,24.2752,24.4039,46004.79454522
2021-10-01,24.5803,25.251,23.3578,25.1331,100760.96738886
2021-10-04,25.1331,25.5581,24.4862,24.9854,21617.014721909
2021-10-05,25.1529,25.4491,24.9657,25.2906,35948.279898489
2021-10-06,24.9756,25.4838,23.6045,25.2312,38718.035613698
2021-10-07,25.6265,25.8434,24.3644,25.4094,81329.27377607
2021-10-08,25.1925,25.8236,24.8864,25.35,26868.851087153
2021-10-11,25.5967,25.5967,24.8666,24.9162,17723.812173234
2021-10-12,24.6893,25.1132,24.5307,24.9954,20592.487735416
2021-10-13,25.0151,25.1628,24.6446,25.1529,33620.635336072
2021-10-14,25.3401,25.6849,25.2709,25.4094,36880.952741366
2021-10-15,25.893,26.1675,25.0251,25.784,110813.44449082
2021-10-18,25.8434,26.317,25.3203,26.1793,54340.30573188
2021-10-19,26.2476,26.3705,25.6166,26.2873,35262.906673043
2021-10-20,26.3853,27.1155,26.1991,26.3556,34342.346464489
2021-10-21,26.7707,26.7707,25.2609,26.1396,69416.49791933
2021-10-22,26.415,27.7277,26.1396,26.2377,25723.197757429
2021-10-25,26.3358,26.6726,26.1396,26.5935,30280.576421484
2021-10-26,26.6232,26.9184,26.1396,26.2476,40938.685239595
2021-10-27,26.2377,27.0273,25.7443,26.1396,45073.131088536
2021-10-28,26.4349,26.839,25.9515,26.317,42486.074274367
2021-10-29,26.3556,26.4744,25.8236,26.1892,36415.625706121
2021-11-01,26.2377,27.1948,25.36,26.9678,71720.926599294
2021-11-02,27.0273,27.0372,26.3457,26.3853,46537.750455434
2021-11-03,26.5141,27.1948,26.5141,26.9283,48060.91422156
2021-11-04,27.2245,27.2245,26.2377,26.8093,37181.749827056
2021-11-05,27.1948,28.8423,27.1353,28.654,51898.600529588
2021-11-08,29.0978,30.1837,28.8522,29.5725,53096.741941378
2021-11-09,29.5525,29.5822,28.0031,29.1672,46242.000300712
2021-11-10,28.9602,29.1851,28.7977,28.8324,29387.269640158
2021-11-11,29.4238,29.9965,28.1419,29.6022,41664.433912785
2021-11-12,29.6022,29.729,29.2416,29.5131,27921.640887067
2021-11-15,29.5922,29.6993,29.3446,29.6893,52770.710200848
2021-11-16,29.6419,30.149,29.4437,29.9469,53519.674756491
2021-11-17,30.0846,30.1441,29.0593,29.6893,114507.79795935
2021-11-18,29.612,31.4161,29.2763,31.209,206631.44768967
2021-11-19,30.7463,31.4855,29.9965,30.903,736267.48671409
2021-11-22,31.2982,32.2256,31.1011,31.4458,190586.24475637
2021-11-23,31.5449,31.8411,30.3214,30.5483,89595.137315374
2021-11-24,30.4393,30.5384,29.9568,30.2233,44325.175919087
2021-11-26,29.0791,29.4437,27.9932,28.8621,80021.109269178
2021-11-29,29.3149,29.7042,28.0031,28.5262,88159.79014809
2021-11-30,28.2201,28.2597,27.5494,27.7673,142602.04388552
2021-12-01,28.5075,28.7729,28.0231,28.0922,90944.686656202
2021-12-02,28.3588,29.4832,28.1221,29.2069,70243.185211879
2021-12-03,29.414,29.414,28.2499,29.0196,79919.161263626
2021-12-06,29.3941,30.5185,28.8522,30.2332,127920.52169977
2021-12-07,30.6969,30.8336,29.9469,30.1441,112503.15697888
2021-12-08,30.0649,30.8434,29.7091,30.6474,82242.768281269
2021-12-09,30.3313,30.5631,30.1044,30.3413,61250.563613193
2021-12-10,30.4007,31.2883,30.2916,31.2289,70016.073318322
2021-12-13,31.1793,31.1793,29.0791,29.8577,181658.22387407
2021-12-14,29.838,30.9674,29.5922,30.9227,132371.91481349
2021-12-15,30.9327,31.3478,30.3808,30.9624,616432.14842498
2021-12-16,31.5052,33.7146,31.5052,33.3103,235237.45241599
2021-12-17,32.8566,36.22,32.3434,35.1452,496227.37478901
2021-12-20,34.5239,34.7261,32.9705,34.5626,229325.47748014
2021-12-21,34.9578,35.4522,33.4658,33.7917,148584.67585492
2021-12-22,33.783,34.405,33.5352,34.1772,122237.67742986
2021-12-23,34.3358,34.3358,33.6293,33.7333,61020.423561054
2021-12-27,32.9428,34.6319,32.9428,34.3358,93067.42582132
2021-12-28,34.3358,34.7706,33.8314,34.4249,87957.912909372
2021-12-29,34.3358,35.0074,32.9824,34.3555,70967.924498876
2021-12-30,34.3555,34.622,33.4174,33.4956,59374.11467931
2021-12-31,33.5649,34.3555,33.4758,34.1386,105536.37347074
2022-01-03,34.2465,34.9134,33.7433,34.1485,91254.568217635
2022-01-04,34.4844,34.6418,34.0296,34.0296,67008.102461425
2022-01-05,34.1772,34.6022,31.5984,33.6046,77837.806932445
2022-01-06,33.9404,34.5041,33.8364,34.3258,119866.62926111
2022-01-07,33.9504,34.5626,33.9504,34.3753,82966.498182072
2022-01-10,33.8167,34.8697,33.6442,33.881,41562.485907233
2022-01-11,34.0296,34.1583,33.5946,34.0197,45206.370066091
2022-01-12,34.0296,34.4249,33.8264,34.0296,88952.158310057
2022-01-13,34.197,35.0599,34.0256,34.2367,50899.308197934
2022-01-14,33.8117,34.5041,33.6343,34.0792,124014.19713058
2022-01-18,33.9602,33.9602,33.1102,33.2886,91503.88660745
2022-01-19,33.6046,33.6046,32.5078,32.715,134009.13921949
2022-01-20,30.4234,34.0642,29.8597,33.0805,159302.33845846
2022-01-21,32.6753,33.9008,32.6753,33.4074,139874.68239044
2022-01-24,33.0221,34.622,32.9725,34.4348,672247.1673857
2022-01-25,33.8117,34.948,33.3926,34.5239,146467.99300697
2022-01-26,34.5239,35.5345,33.4658,34.0692,148686.62386048
2022-01-27,33.9702,34.5041,33.0904,33.3183,105660.52797255
2022-01-28,33.2092,33.5748,30.6512,33.4262,117983.11462388
2022-01-31,33.0319,33.9504,32.7298,33.5946,244783.21764876
2022-02-01,33.6145,35.5414,33.5946,35.4423,371792.26361572
2022-02-02,35.4919,35.7088,33.9504,34.0593,87118.103596305
2022-02-03,34.3358,34.7905,33.783,34.0891,108297.04471019
2022-02-04,34.1583,34.731,34.0583,34.5626,81727.981322539
2022-02-07,34.5725,34.8697,34.0642,34.6815,67253.383306468
2022-02-08,34.8797,35.6306,34.4844,34.948,94354.393218147
2022-02-09,35.0471,35.0768,33.5352,33.6046,158632.10602591
2022-02-10,33.4262,34.2584,33.4262,33.773,234914.44883404
2022-02-11,33.7036,34.7142,33.6739,34.0702,153434.77651513
2022-02-14,34.0306,34.1792,32.7427,32.9904,143368.16800646
2022-02-15,33.0696,33.8027,32.8418,33.6937,99534.563163647
2022-02-16,33.6739,34.2584,33.3173,33.664,147809.46725825
2022-02-17,33.4956,33.4956,32.6733,32.713,137797.36560403
2022-02-18,32.6436,32.9358,32.277,32.7427,171987.29475329
2022-02-22,32.7327,32.7427,32.0591,32.3364,187557.0767894
2022-02-23,32.4752,32.7228,31.534,31.6628,157504.62164767
2022-02-24,30.9,31.7718,29.9291,31.7124,206247.88093611
2022-02-25,31.8213,33.2479,31.6133,33.1687,171251.45221817
2022-02-28,32.6833,32.6833,31.8213,32.1482,292468.6402063
2022-03-01,32.4355,32.4355,30.3551,30.9297,162014.55916063
2022-03-02,31.1476,32.1185,30.6375,31.8213,111585.6249289
2022-03-03,31.8907,32.4999,31.6232,31.7816,144696.52023722
2022-03-04,31.2368,32.0789,30.8801,31.1079,132397.14946833
2022-03-07,30.9991,31.2467,30.1273,30.474,153575.08119603
2022-03-08,30.6919,31.3012,30.4145,30.6424,113486.29913144
2022-03-09,31.2864,32.0442,31.0288,31.217,64050.600914209
2022-03-10,30.7613,31.4745,30.5532,30.9198,77664.192507147
2022-03-11,30.9891,31.5836,30.8504,30.9792,63799.263752006
2022-03-14,31.2567,31.8957,30.6424,30.9198,169592.0213159
2022-03-15,31.217,31.6529,30.7415,31.435,130152.27457379
2022-03-16,31.7322,31.9303,31.425,31.8907,108136.55230541
2022-03-17,31.6232,31.7843,31.2962,31.7124,98836.067917684
2022-03-18,31.4548,31.5736,30.5928,30.9198,287184.50348286
2022-03-21,31.0982,31.7025,30.5433,31.0188,159567.80702738
2022-03-22,31.3755,31.9501,31.0982,31.6133,119642.54552614
2022-03-23,31.6033,31.6133,30.8801,30.9594,81771.384928863
2022-03-24,30.9991,31.6628,30.5581,31.2764,60975.001182342
2022-03-25,31.2764,31.9897,31.1873,31.9303,77736.868313086
2022-03-28,31.643,31.643,31.1179,31.5042,53052.32894886
2022-03-29,31.9006,32.3266,31.6777,31.7619,84787.430875307
2022-03-30,32.069,32.069,30.9694,31.0387,74212.091725072
2022-03-31,30.9792,31.4448,30.9495,31.2962,131086.96618905
2022-04-01,31.3458,31.9451,30.8901,31.0882,82448.683064761
2022-04-04,31.0585,31.0585,30.0381,30.1867,83610.486573582
2022-04-05,30.147,30.5731,30.0381,30.1867,99773.787691528
2022-04-06,30.4541,30.4541,29.1465,29.186,121638.10203087
2022-04-07,29.4832,29.5031,28.0368,28.3836,71059.778642493
2022-04-08,28.7799,28.7799,28.0615,28.1557,65857.402200734
2022-04-11,28.225,28.869,28.0765,28.2548,66422.658469144
2022-04-12,28.3737,28.8194,27.9674,28.0765,74697.606484189
2022-04-13,28.1459,28.879,27.8981,28.7799,88254.672450287
2022-04-14,28.7799,28.9185,28.1062,28.3836,108777.51253834
2022-04-18,28.0568,28.6313,27.7396,28.235,441688.219977
2022-04-19,28.4827,28.9978,28.334,28.8988,142000.44971415
2022-04-20,29.2653,29.8003,29.0573,29.6616,102375.9852986
2022-04-21,29.9291,30.3749,27.6802,29.3247,101076.90526745
2022-04-22,29.087,29.087,27.6802,27.7297,116007.74584302
2022-04-25,27.6505,27.6801,26.8083,27.6405,102947.29788416
2022-04-26,27.2939,27.6902,27.2939,27.3236,101398.89946321
2022-04-27,27.383,27.7496,27.0263,27.274,101458.45324863
2022-04-28,27.5217,27.6775,26.9668,27.2839,154394.70278523
2022-04-29,27.2542,27.3037,26.105,26.3427,174409.8216179
2022-05-02,26.2932,26.9371,25.9365,26.3031,174239.23535119
2022-05-03,26.4814,26.8777,26.0851,26.7687,151763.23297854
2022-05-04,27.0462,28.1953,26.8183,28.1259,136227.770073
2022-05-05,27.7496,28.0368,26.8827,27.5414,108343.47647511
2022-05-06,27.5911,27.7594,27.1403,27.492,133523.62446038
2022-05-09,27.1551,27.482,26.9273,27.3434,120877.0248409
2022-05-10,27.5414,27.8932,26.7192,27.3533,126508.39041494
2022-05-11,27.5316,27.8189,27.2542,27.4325,99621.370376296
2022-05-12,27.2437,27.681,27.0896,27.5916,134251.68826496
2022-05-13,27.5916,28.3966,27.4325,27.8698,100190.99554464
2022-05-16,27.8301,28.3668,27.4872,28.1382,127880.02267159
2022-05-17,28.5656,28.5855,28.0586,28.4861,65960.271009173
2022-05-18,28.1184,28.4762,27.5617,27.7704,87828.9783102
2022-05-19,27.5916,27.9642,27.5319,27.7406,130327.87714636
2022-05-20,27.9494,28.665,27.8301,28.496,115854.04464578
2022-05-23,28.993,29.2315,27.5816,27.8301,163235.57306106
2022-05-24,27.8798,28.327,27.4424,28.2178,95001.503813928
2022-05-25,28.327,29.3409,28.327,28.6849,63529.520326468
2022-05-26,28.9731,29.3161,28.8936,28.8936,60007.145268458
2022-05-27,29.0825,29.1888,28.6202,28.9831,69115.417590697
2022-05-31,28.9234,29.4899,28.2873,29.2813,196989.4036298
2022-06-01,29.2713,29.6689,28.5556,28.7246,84958.559561128
2022-06-02,28.9035,29.7087,28.3768,29.6788,78229.726545428
2022-06-03,29.6191,29.7683,28.8538,29.0129,63197.505539509
2022-06-06,29.1421,30.1112,29.0924,29.4899,99523.947654475
2022-06-07,29.4005,29.4303,29.0427,29.2415,62236.674868158
2022-06-08,29.1917,29.1917,28.4861,28.8041,65170.478258377
2022-06-09,28.6749,28.6749,27.999,28.0488,54428.290742133
2022-06-10,27.5816,27.5816,27.0151,27.4027,54440.364007113
2022-06-13,27.5518,27.6313,26.6671,26.9555,155958.41259417
2022-06-14,27.2834,27.676,26.9853,27.2735,110389.88613677
2022-06-15,27.4424,27.9096,27.2934,27.4126,98947.449251665
2022-06-16,26.9355,27.3033,26.533,27.0847,130332.90767343
2022-06-17,27.2238,28.1232,27.0847,27.2139,425506.12654489
2022-06-21,27.4922,28.0338,27.3331,27.8002,94910.954326576
2022-06-22,27.5617,28.2525,27.3431,27.8898,102327.96344616
2022-06-23,27.9692,28.2774,27.2139,27.7506,122703.61031129
2022-06-24,27.9593,28.5656,27.7605,27.9096,299086.96893591
2022-06-27,28.2476,28.325,27.6611,27.7704,90489.121027532
2022-06-28,27.8798,28.342,27.6114,27.7506,57109.56167318
2022-06-29,27.681,27.7208,27.4673,27.6611,76943.923825023
2022-06-30,27.5816,28.0388,26.0907,27.9494,94976.351178553
2022-07-01,27.6412,28.2028,27.1989,27.9692,70980.737030158
2022-07-05,27.999,28.158,27.194,28.1084,63596.929389274
2022-07-06,27.9096,28.1482,27.7804,27.9096,33601.908651073
2022-07-07,27.8301,28.4463,27.7406,28.1382,50727.835025663
2022-07-08,28.1382,28.3668,27.7904,28.1184,61062.549848821
2022-07-11,28.0388,28.1978,27.8698,27.9593,40938.42933745
2022-07-12,27.9593,28.6252,27.8996,28.5457,60984.073626449
2022-07-13,28.4264,28.9532,28.1978,28.4861,54859.90996518
2022-07-14,28.2674,28.3718,27.5816,27.7605,58729.391391373
2022-07-15,28.0686,28.7942,27.9294,28.7644,75412.631383352
2022-07-18,28.8837,29.2415,28.665,28.824,40524.920011875
2022-07-19,28.9532,29.7385,28.9532,29.3011,57306.758334526
2022-07-20,29.1123,29.7881,29.0725,29.7185,49692.5525536
2022-07-21,28.9135,28.9135,26.2249,26.7964,145690.10072841
2022-07-22,26.5777,26.7665,26.041,26.6175,79885.776058562
2022-07-25,26.8461,27.184,26.6175,26.8859,72037.147715936
2022-07-26,26.6275,27.0151,26.1801,26.2597,75836.201763078
2022-07-27,26.4983,26.8859,26.4385,26.8659,93030.54330589
2022-07-28,26.6971,27.2834,26.6175,27.0647,66793.326292815
2022-07-29,27.0946,27.3331,26.8063,27.1542,67723.973801715
2022-08-01,27.1045,27.7108,26.7567,27.3729,82163.598718183
2022-08-02,27.3629,27.4723,26.3392,26.3491,52726.966485322
2022-08-03,26.4485,26.6275,26.1354,26.4087,64296.172652718
2022-08-04,26.6075,26.6473,26.1205,26.369,56039.065511592
2022-08-05,26.3392,27.2934,26.2995,27.2437,61423.741692815
2022-08-08,27.4822,28.1382,27.2834,27.9394,103539.31436585
2022-08-09,27.999,28.4662,27.8202,28.4066,79472.266732986
2022-08-10,28.6749,28.8439,28.1482,28.2276,62062.618631358
2022-08-11,28.5656,28.8041,28.0886,28.5358,64333.398553074
2022-08-12,28.6153,28.9234,28.3568,28.8936,56179.920269695
2022-08-15,28.5855,29.1819,28.5755,29.1421,52455.318023265
2022-08-16,29.1421,29.5608,28.9327,29.3913,54901.143815918
2022-08-17,29.1122,29.2418,28.8031,29.0523,34347.317466244
2022-08-18,29.0823,29.3116,28.9227,29.0922,54335.442173267
2022-08-19,28.9925,29.0324,28.0653,28.4442,144180.69862808
2022-08-22,28.175,28.175,26.8689,27.0285,68998.549112848
2022-08-23,26.8689,27.3276,26.7593,26.7593,61135.898090249
2022-08-24,26.6795,26.8739,26.3206,26.7393,84289.544755088
2022-08-25,26.7294,27.0783,26.7194,26.9587,49175.922226813
2022-08-26,27.0085,27.3674,26.3505,26.4303,66454.89775511
2022-08-29,26.1411,26.52,26.0614,26.1312,50303.313443729
2022-08-30,26.3704,26.4452,26.0713,26.2209,76678.651023811
2022-08-31,26.2408,26.4103,26.0315,26.1112,121967.88200014
2022-09-01,25.9218,26.2358,25.6725,26.0315,69909.288636833
2022-09-02,26.1212,26.4701,25.523,25.6327,44029.441502619
2022-09-06,25.6327,25.9118,25.2438,25.3535,61724.669126129
2022-09-07,25.194,25.8719,24.9746,25.8022,60852.044251826
2022-09-08,25.5031,26.1312,25.4034,25.9218,61223.160577679
2022-09-09,26.171,26.6097,26.0191,26.5898,60757.760644718
2022-09-12,26.6197,27.0085,26.4901,26.8789,78570.341268565
2022-09-13,26.2608,26.9188,26.1511,26.6097,108190.43915712
2022-09-14,26.4801,26.8291,25.9118,26.1112,64759.798861349
2022-09-15,26.1012,26.5997,25.5828,26.2508,57635.368422068
2022-09-16,26.1411,26.171,25.3934,26.1411,170587.12973817
2022-09-19,25.9916,26.5798,25.9916,26.52,47083.62856268
2022-09-20,26.2209,26.5499,26.1012,26.4801,38203.918203824
2022-09-21,26.6795,26.7991,26.2209,26.2707,53521.995307681
2022-09-22,26.1411,26.181,25.6925,25.9118,47315.325512064
2022-09-23,25.5828,25.5828,24.8201,25.2139,49091.668790674
2022-09-26,25.194,25.5728,24.9348,25.2937,45611.199464431
2022-09-27,25.533,25.6725,24.9447,25.0544,44700.459940445
2022-09-28,25.2538,25.8121,25.174,25.6028,51453.774053873
2022-09-29,25.3037,25.3136,25.0145,25.2139,51807.839089079
2022-09-30,25.1441,25.513,24.5659,24.7653,91137.142475625
2022-10-03,24.8351,25.0395,24.4064,24.6357,103250.57995489
2022-10-04,24.7653,25.9517,24.7653,25.9517,54172.953403569
2022-10-05,25.6227,26.834,25.4931,25.6227,33154.73013803
2022-10-06,25.3435,25.6227,25.2538,25.523,25348.248072857
2022-10-07,25.4432,25.4432,24.865,25.0245,38700.41166679
2022-10-10,25.2737,25.5429,24.9946,25.1441,50117.755280802
2022-10-11,25.1641,25.4831,24.9348,25.1441,43957.224271643
2022-10-12,25.1043,25.4133,24.8949,25.2837,44782.707342391
2022-10-13,24.3366,26.3904,24.3366,26.2608,78042.754275595
2022-10-14,26.53,26.8391,26.181,26.2309,44169.863896185
2022-10-17,26.4402,26.7692,26.2707,26.6695,86947.540061873
2022-10-18,26.9985,28.0504,26.4402,26.6097,55447.788133729
2022-10-19,26.2608,26.6396,26.0414,26.6396,50740.628897977
2022-10-20,26.8291,26.8291,25.867,26.2309,50033.501844663
2022-10-21,28.4143,29.0523,27.168,28.4143,204590.41234018
2022-10-24,28.9128,29.8001,28.843,29.4013,121218.62822875
2022-10-25,29.4412,30.1291,29.1919,30.0194,84310.608114123
2022-10-26,30.3086,30.8669,30.0095,30.4083,97572.500169335
2022-10-27,30.6774,30.9954,30.3983,30.6874,176581.15990925
2022-10-28,30.8868,30.9068,29.6705,29.8599,107916.61548966
2022-10-31,29.7104,30.0693,29.7104,30.0095,141133.5326877
2022-11-01,30.1092,30.8469,30.0394,30.3783,168661.33691212
2022-11-02,30.1092,30.508,29.6505,29.6805,87103.007711893
2022-11-03,29.4113,29.4113,28.9327,28.9726,43636.258800635
2022-11-04,29.2318,30.0194,28.9327,29.9696,107361.94703508
2022-11-07,29.9995,30.8768,29.82,29.8699,118899.65270072
2022-11-08,29.8599,29.9596,29.2517,29.3714,42668.347302126
2022-11-09,29.3116,29.3365,28.6037,28.6037,41095.616494187
2022-11-10,29.3614,30.2487,29.2717,30.0095,96237.484413361
2022-11-11,30.0992,30.4681,29.6007,29.83,50247.144486302
2022-11-14,29.85,30.54,29.655,29.89,60059.0
2022-11-15,30.17,30.69,30.08,30.15,66813.0
2022-11-16,30.27,30.37,30.0,30.2,42545.0
2022-11-17,29.97,30.18,29.41,29.58,39920.0
2022-11-18,30.1,30.29,29.56,29.72,51735.0
2022-11-21,30.08,30.08,29.3,29.81,32793.0
2022-11-22,29.96,30.04,29.68,29.95,27965.0
2022-11-23,29.82,29.98,29.51,29.64,20904.0
2022-11-25,29.73,29.8,29.0,29.01,58212.0
2022-11-28,28.96,29.68,28.76,29.24,85950.0
2022-11-29,29.28,29.565,28.99,29.03,40311.0
2022-11-30,28.97,29.56,28.52,29.46,79359.0
2022-12-01,29.63,29.87,29.185,29.77,58844.0
2022-12-02,29.52,29.77,29.355,29.77,28740.0
2022-12-05,29.69,29.75,27.47,28.23,116144.0
2022-12-06,27.99,28.37,27.99,28.03,32581.0
2022-12-07,27.92,28.33,27.89,27.94,36618.0
2022-12-08,27.7,28.165,27.7,27.97,33781.0
2022-12-09,27.84,27.98,27.54,27.59,26245.0
2022-12-12,27.7,28.01,27.442,27.83,42242.0
2022-12-13,27.32,28.01,26.76,27.17,174570.0
2022-12-14,27.07,27.09,26.04,26.33,117171.0
2022-12-15,26.03,26.1133,25.32,25.52,99079.0
2022-12-16,25.52,25.61,24.95,25.2,204810.0
2022-12-19,25.96,27.6,25.46,27.45,258124.0
2022-12-20,27.4,27.56,26.12,26.75,144043.0
2022-12-21,26.92,27.8,26.67,27.77,86847.0
2022-12-22,27.63,27.63,26.27,26.67,69892.0
2022-12-23,26.72,27.085,26.49,26.96,46488.0
2022-12-27,27.1,27.19,25.8347,26.8,55159.0
2022-12-28,26.75,26.93,26.44,26.47,35216.0
2022-12-29,26.75,27.09,26.505,26.94,40375.0
2022-12-30,26.83,27.03,26.67,26.84,62167.0
2023-01-03,27.05,27.27,26.09,26.59,137299.0
2023-01-04,26.77,27.33,26.77,27.04,156448.0
2023-01-05,27.0,27.125,26.7,26.81,40284.0
2023-01-06,27.01,27.34,26.96,27.23,82438.0
2023-01-09,27.41,27.63,27.02,27.15,55677.0
2023-01-10,27.04,27.36,26.89,27.25,47661.0
2023-01-11,27.36,27.51,26.97,27.36,46600.0
2023-01-12,27.59,28.08,27.59,27.71,40705.0
2023-01-13,27.39,28.13,27.21,28.03,37828.0
2023-01-17,28.11,28.11,27.64,27.77,51827.0
2023-01-18,27.81,27.89,27.17,27.46,69623.0
2023-01-19,27.15,27.51,27.05,27.26,71587.0
2023-01-20,28.48,28.48,25.11,27.43,149369.0
2023-01-23,27.75,28.115,26.86,27.86,68167.0
2023-01-24,27.85,27.85,27.13,27.34,56576.0
2023-01-25,27.23,27.26,26.95,27.17,32287.0
2023-01-26,27.35,27.35,26.53,26.7,44042.0
2023-01-27,26.73,26.9,26.52,26.75,30509.0
2023-01-30,26.8,27.27,26.5,27.15,60950.0
2023-01-31,27.13,27.91,27.13,27.84,79802.0
2023-02-01,27.85,28.55,27.53,28.16,52946.0
2023-02-02,28.36,29.345,28.29,29.25,88849.0
2023-02-03,29.0,30.075,28.83,29.79,66197.0
2023-02-06,29.82,30.125,29.24,29.67,91910.0
2023-02-07,29.44,29.85,29.24,29.74,42067.0
2023-02-08,29.54,29.65,29.05,29.21,34108.0
2023-02-09,29.28,29.34,28.73,28.81,31554.0
2023-02-10,28.73,29.04,28.57,28.94,25142.0
2023-02-13,29.295,29.535,29.11,29.42,31760.0
2023-02-14,29.22,29.305,28.64,29.0,25422.0
2023-02-15,28.95,29.46,28.79,29.27,28481.0
2023-02-16,28.96,29.205,28.765,28.93,41497.0
2023-02-17,29.07,29.185,28.9,29.15,40630.0
2023-02-21,29.04,29.04,28.61,28.67,30502.0
2023-02-22,28.79,29.14,28.535,28.79,76929.0
2023-02-23,28.92,29.25,28.77,29.11,57708.0
2023-02-24,28.77,28.96,28.44,28.71,52665.0
2023-02-27,28.92,28.97,28.29,28.55,36760.0
2023-02-28,28.54,28.65,28.31,28.4,90396.0
2023-03-01,28.32,28.46,28.02,28.44,47216.0
2023-03-02,28.15,28.15,27.64,27.72,31418.0
2023-03-03,27.8,28.01,27.73,27.91,43079.0
2023-03-06,28.03,28.13,27.4,27.56,45877.0
2023-03-07,27.51,27.51,26.82,26.87,31268.0
2023-03-08,26.86,26.97,26.49,26.74,54265.0
2023-03-09,26.54,26.54,25.02,25.43,76262.0
2023-03-10,25.04,25.67,24.65,25.24,97652.0
2023-03-13,24.62,24.62,22.79,22.92,127786.0
2023-03-14,24.6,24.84,23.37,23.58,157844.0
2023-03-15,22.81,23.14,22.24,23.05,146941.0
2023-03-16,22.73,24.21,22.45,23.84,115958.0
2023-03-17,23.5,23.5,22.48,22.55,136049.0
2023-03-20,22.89,23.46,21.855,22.07,122678.0
2023-03-21,22.53,23.63,22.53,23.45,109201.0
2023-03-22,23.34,23.34,22.25,22.25,71085.0
2023-03-23,22.48,22.48,21.5,21.76,81758.0
2023-03-24,21.53,22.09,21.33,22.09,104242.0
2023-03-27,22.4,22.6,22.12,22.33,74164.0
2023-03-28,22.26,22.4,21.99,22.25,69688.0
2023-03-29,22.33,22.58,21.55,21.75,91038.0
2023-03-30,21.99,21.99,21.29,21.3,89319.0
2023-03-31,21.36,21.89,21.16,21.76,449925.0
2023-04-03,21.85,22.35,21.71,22.06,121356.0
2023-04-04,22.04,22.04,20.81,21.01,58932.0
2023-04-05,20.76,20.96,20.54,20.74,52752.0
2023-04-06,20.65,20.9599,20.49,20.55,49038.0
2023-04-10,20.39,21.24,20.39,21.05,113836.0
2023-04-11,21.15,21.25,19.75,19.8,105458.0
2023-04-12,19.92,20.04,19.43,19.53,56259.0
2023-04-13,19.51,19.95,19.33,19.73,60374.0
2023-04-14,20.01,20.01,19.33,19.4,67449.0
2023-04-17,19.28,19.68,19.02,19.65,82594.0
2023-04-18,19.62,19.77,18.68,18.87,63288.0
2023-04-19,18.81,19.37,18.64,19.18,70831.0
2023-04-20,19.04,19.15,18.8001,19.13,78417.0
2023-04-21,18.81,18.81,17.58,18.29,110435.0
2023-04-24,18.16,18.75,18.13,18.53,78755.0
2023-04-25,18.2,18.62,18.07,18.16,93781.0
2023-04-26,18.12,18.32,17.86,18.25,71413.0
2023-04-27,18.29,19.1413,18.29,18.51,72677.0
2023-04-28,18.44,18.85,18.23,18.6,82058.0
2023-05-01,18.57,18.75,18.19,18.3,60766.0
2023-05-02,18.22,18.22,16.18,16.2,69116.0
2023-05-03,16.3,17.23,16.13,16.69,105819.0
2023-05-04,16.39,16.82,15.79,16.59,109858.0
2023-05-05,17.29,17.37,16.605,16.96,78632.0
2023-05-08,17.23,17.25,16.6,16.78,43335.0
2023-05-09,16.63,16.87,15.9,16.41,40212.0
2023-05-10,16.7,16.7,16.22,16.63,68406.0
2023-05-11,16.34,16.47,15.81,16.27,76636.0
2023-05-12,16.23,16.6,16.05,16.555,79443.0
2023-05-15,16.58,17.13,16.58,16.99,73204.0
2023-05-16,16.93,17.19,16.71,16.85,43256.0
2023-05-17,17.05,17.88,16.84,17.78,99892.0
2023-05-18,17.79,18.0,17.31,17.95,65153.0
2023-05-19,18.3,18.3,17.68,18.07,71839.0
2023-05-22,18.07,18.36,17.7,18.28,74228.0
2023-05-23,18.34,18.81,17.99,18.57,58498.0
2023-05-24,18.53,18.56,18.05,18.5,57742.0
2023-05-25,18.37,18.45,18.1,18.39,44833.0
2023-05-26,18.43,18.73,18.28,18.69,31430.0
2023-05-30,18.73,18.73,18.3,18.52,39937.0
2023-05-31,18.43,18.43,17.25,17.65,255445.0
2023-06-01,17.82,18.12,17.39,17.84,61098.0
2023-06-02,18.19,19.44,18.17,19.34,81457.0
2023-06-05,19.33,19.5699,18.33,18.39,66988.0
2023-06-06,18.39,19.92,18.11,19.8,79827.0
2023-06-07,19.92,20.86,19.92,20.74,115520.0
2023-06-08,20.67,20.67,20.09,20.55,58171.0
2023-06-09,20.17,20.265,19.77,19.98,40142.0
2023-06-12,20.06,20.105,19.305,19.85,81363.0
2023-06-13,19.98,20.418,19.66,20.36,68698.0
2023-06-14,20.49,20.67,19.69,19.81,63583.0
2023-06-15,19.72,19.88,19.54,19.82,63383.0
2023-06-16,20.08,20.08,19.37,19.68,132698.0
2023-06-20,19.59,19.59,18.875,19.15,89454.0
2023-06-21,19.1,19.25,18.89,18.92,72517.0
2023-06-22,18.81,18.83,17.745,17.9,97899.0
2023-06-23,17.68,18.39,17.3,18.28,420153.0
2023-06-26,18.4,18.51,17.81,17.92,86734.0
2023-06-27,18.02,18.27,17.78,18.09,52008.0
2023-06-28,18.03,18.08,17.74,17.91,58141.0
2023-06-29,18.07,18.2,17.73,17.77,95914.0
2023-06-30,17.94,17.98,17.17,17.19,83032.0
2023-07-03,17.27,17.77,17.27,17.75,39246.0
2023-07-05,17.66,17.99,17.32,17.76,72340.0
2023-07-06,17.59,17.72,17.2,17.62,65333.0
2023-07-07,17.59,18.1,17.59,17.84,70359.0
2023-07-10,17.81,18.26,17.81,18.03,41213.0
2023-07-11,18.16,18.31,18.09,18.19,35486.0
2023-07-12,18.45,18.95,18.44,18.74,61918.0
2023-07-13,18.87,19.202,18.855,19.06,50901.0
2023-07-14,19.18,19.18,18.38,18.4,64601.0
2023-07-17,18.34,18.73,18.29,18.63,55573.0
2023-07-18,18.62,19.62,18.62,19.19,63101.0
2023-07-19,19.42,20.01,19.42,19.96,63582.0
2023-07-20,19.97,20.25,19.59,20.23,71341.0
2023-07-21,21.0,21.0,19.41,19.41,71667.0
2023-07-24,19.42,20.52,19.42,20.17,83939.0
2023-07-25,20.14,20.505,19.25,19.58,47919.0
2023-07-26,19.81,20.4,19.81,20.26,69379.0
2023-07-27,20.45,20.45,19.98,20.1,59552.0
2023-07-28,20.29,20.455,19.85,19.98,46290.0
2023-07-31,20.06,20.21,19.6,19.82,68487.0
2023-08-01,19.82,20.06,19.5,20.02,47872.0
2023-08-02,19.76,20.23,19.71,20.15,58466.0
2023-08-03,20.1,20.47,20.1,20.41,62393.0
2023-08-04,20.35,20.62,20.2,20.29,35103.0
2023-08-07,20.39,20.77,20.32,20.73,54896.0
2023-08-08,20.33,20.75,19.71,20.64,46664.0
2023-08-09,20.3,20.35,19.96,20.15,39424.0
2023-08-10,20.18,20.58,20.11,20.25,41312.0
2023-08-11,20.23,20.41,20.07,20.16,44061.0
2023-08-14,19.83,20.05,19.62,19.87,45566.0
2023-08-15,19.59,19.82,19.24,19.28,52322.0
2023-08-16,19.24,19.46,19.1,19.18,51132.0
2023-08-17,19.25,19.6,19.03,19.58,35389.0
2023-08-18,19.41,19.93,19.41,19.67,50875.0
2023-08-21,19.66,19.66,19.21,19.23,41514.0
2023-08-22,19.14,19.44,18.7,18.78,45771.0
2023-08-23,18.73,19.0,18.64,18.68,61743.0
2023-08-24,18.56,19.0,18.53,18.76,61867.0
2023-08-25,18.85,18.95,18.28,18.49,45440.0
2023-08-28,18.73,19.0,18.52,18.58,98046.0
2023-08-29,18.66,19.0,18.52,18.58,98046.0
2023-08-30,18.96,19.08,18.45,18.84,54243.0
2023-08-31,18.81,19.1,18.61,18.77,89363.0
2023-09-01,18.98,19.67,18.98,19.52,53320.0
2023-09-05,19.44,19.54,19.24,19.29,75709.0
2023-09-06,19.32,19.59,19.1,19.29,60264.0
2023-09-07,19.18,19.505,19.09,19.32,79707.0
2023-09-08,19.16,19.62,19.0,19.49,50883.0
2023-09-11,19.67,19.84,19.54,19.7,66699.0
2023-09-12,19.32,19.93,19.32,19.69,41698.0
2023-09-13,19.47,19.66,19.195,19.24,85033.0
2023-09-14,19.43,19.83,19.43,19.72,57384.0
2023-09-15,19.75,20.01,18.77,19.23,583299.0
2023-09-18,19.35,19.35,18.16,18.16,69448.0
2023-09-19,18.27,18.66,18.1,18.26,63334.0
2023-09-20,18.52,18.67,18.17,18.19,58964.0
2023-09-21,18.06,18.145,17.79,17.88,40644.0
2023-09-22,17.83,17.91,17.49,17.68,31213.0
2023-09-25,17.58,18.13,17.49,18.04,31105.0
2023-09-26,18.03,18.03,17.71,17.72,40554.0
2023-09-27,17.74,17.94,17.43,17.46,38757.0
2023-09-28,17.31,17.71,17.31,17.39,46429.0
2023-09-29,17.55,17.7357,17.335,17.44,63832.0
2023-10-02,17.48,17.66,17.32,17.45,75226.0
2023-10-03,17.4,17.6,16.99,17.5,47609.0
2023-10-04,17.49,17.6,17.3,17.53,126236.0
2023-10-05,17.58,18.57,17.58,18.49,75782.0
2023-10-06,18.41,18.72,18.0886,18.47,48313.0
2023-10-09,18.21,18.985,18.21,18.89,43698.0
2023-10-10,18.72,19.08,18.72,18.94,36676.0
2023-10-11,18.96,19.35,18.96,19.07,42775.0
2023-10-12,19.02,19.02,18.5,18.69,51737.0
2023-10-13,18.85,19.03,18.25,18.38,38742.0
2023-10-16,18.69,18.99,18.575,18.96,59218.0
2023-10-17,19.05,19.8,18.88,19.47,68392.0
2023-10-18,19.25,19.32,18.77,19.01,40656.0
2023-10-19,18.88,19.32,18.8,18.85,53386.0
2023-10-20,19.74,19.74,16.9,17.22,118515.0
2023-10-23,17.12,17.51,16.93,17.24,49216.0
2023-10-24,17.24,17.24,16.63,17.08,84139.0
2023-10-25,16.92,17.42,16.9,17.4,86987.0
2023-10-26,17.43,18.04,17.43,17.92,50236.0
2023-10-27,17.76,17.92,17.39,17.63,42094.0
2023-10-30,17.93,18.05,17.55,18.02,62623.0
2023-10-31,18.12,18.25,17.81,18.23,55622.0
2023-11-01,18.07,18.37,17.75,18.17,49939.0
2023-11-02,18.47,19.3,18.12,19.25,60011.0
2023-11-03,19.82,20.12,19.75,19.96,66057.0
2023-11-06,19.94,20.73,19.46,19.71,54387.0
2023-11-07,19.58,19.7,19.1,19.41,44462.0
2023-11-08,19.38,19.3806,18.89,19.18,48082.0
2023-11-09,19.12,19.43,18.75,18.94,32713.0
2023-11-10,19.17,19.26,18.76,19.14,35207.0
2023-11-13,18.88,19.24,18.76,19.04,32548.0
2023-11-14,19.85,21.14,19.52,21.07,82743.0
2023-11-15,21.41,21.41,20.69,20.83,74795.0
2023-11-16,20.57,20.71,20.135,20.45,30699.0
2023-11-17,20.75,21.15,20.54,21.1,70516.0
2023-11-20,20.95,21.2,20.91,20.96,54177.0
2023-11-21,20.95,20.95,20.65,20.81,54686.0
2023-11-22,21.12,21.12,20.76,21.08,40071.0
2023-11-24,20.82,21.27,20.82,21.04,17092.0
2023-11-27,21.07,21.09,20.72,21.03,34439.0
2023-11-28,20.96,21.0,20.27,20.68,31861.0
2023-11-29,20.74,21.67,20.65,21.29,48691.0
2023-11-30,21.59,21.59,20.55,20.71,74827.0
2023-12-01,20.54,22.03,20.54,21.89,93794.0
2023-12-04,21.79,22.28,21.69,22.23,53175.0
2023-12-05,22.19,22.19,21.64,22.01,39574.0
2023-12-06,22.01,22.61,21.345,21.75,64843.0
2023-12-07,21.98,22.81,21.57,22.79,62487.0
2023-12-08,22.66,23.24,22.66,23.12,54362.0
2023-12-11,23.24,23.49,22.95,23.35,77426.0
2023-12-12,23.48,23.48,22.97,23.16,33995.0
2023-12-13,23.28,24.92,23.12,24.89,117368.0
2023-12-14,25.61,26.13,24.68,25.0,107238.0
2023-12-15,25.15,25.15,24.05,24.67,203598.0
2023-12-18,24.83,24.83,24.005,24.31,69991.0
2023-12-19,24.38,25.0,24.33,24.75,88594.0
2023-12-20,24.86,25.2819,24.4,24.63,226586.0
2023-12-21,24.83,25.02,24.1,24.56,94600.0
2023-12-22,24.9,25.065,24.595,24.8,46424.0
2023-12-26,24.96,25.73,24.96,25.56,38509.0
2023-12-27,25.5,25.55,25.23,25.43,47501.0
2023-12-28,25.3,25.48,24.94,25.33,80727.0
2023-12-29,25.2,25.21,24.56,24.57,57480.0
2024-01-02,24.43,25.195,24.43,24.87,112818.0
2024-01-03,24.76,24.77,24.15,24.29,74375.0
2024-01-04,24.4,24.66,24.2,24.24,49531.0
2024-01-05,23.95,24.65,23.95,24.34,143094.0
2024-01-08,24.38,24.52,23.955,24.27,73226.0
2024-01-09,24.31,24.31,23.5,23.82,47794.0
2024-01-10,23.67,23.94,23.5,23.92,34644.0
2024-01-11,23.63,23.79,23.15,23.45,74664.0
2024-01-12,23.82,23.82,23.01,23.2,65066.0
2024-01-16,22.94,23.17,22.49,22.74,99085.0
2024-01-17,22.21,22.98,22.19,22.54,71860.0
2024-01-18,22.78,23.02,22.34,22.54,60143.0
2024-01-19,22.76,23.28,22.41,23.25,82914.0
2024-01-22,23.55,24.1,23.3,24.01,71177.0
2024-01-23,24.27,24.27,23.73,23.89,75939.0
2024-01-24,24.14,24.4,23.87,24.17,74694.0
2024-01-25,23.84,24.62,22.81,24.41,172154.0
2024-01-26,23.89,24.36,23.846,24.17,141332.0
2024-01-29,24.37,24.43,23.71,24.01,137000.0
2024-01-30,23.78,23.95,23.24,23.49,82706.0
2024-01-31,23.02,23.51,22.51,22.61,132746.0
2024-02-01,22.67,22.67,21.7983,22.29,110733.0
2024-02-02,21.69,22.32,21.69,22.13,96430.0
2024-02-05,21.76,21.98,21.42,21.79,113964.0
2024-02-06,21.84,22.12,21.79,21.84,118843.0
2024-02-07,21.69,22.065,20.97,21.9,145302.0
2024-02-08,21.75,22.26,21.69,22.16,109881.0
2024-02-09,22.29,22.75,22.13,22.69,103640.0
2024-02-12,22.61,23.29,22.52,23.03,110143.0
2024-02-13,22.19,22.19,21.33,21.52,125875.0
2024-02-14,21.845,21.905,21.4,21.82,73948.0
2024-02-15,22.05,23.14,22.03,22.86,141352.0
2024-02-16,22.49,22.87,22.4,22.49,83424.0
2024-02-20,22.25,22.5,22.02,22.14,88488.0
2024-02-21,22.14,22.14,21.7068,21.79,63920.0
2024-02-22,21.72,21.88,21.45,21.54,102764.0
2024-02-23,21.67,21.95,21.4,21.76,67731.0
2024-02-26,21.56,21.94,21.35,21.51,68499.0
2024-02-27,21.71,21.86,21.235,21.33,75355.0
2024-02-28,21.08,21.39,21.02,21.03,62277.0
2024-02-29,21.47,22.315,21.1,21.19,74206.0
2024-03-01,21.02,21.02,20.36,20.97,86542.0
2024-03-04,21.02,21.27,20.5,20.6,67656.0
2024-03-05,20.55,21.66,20.55,21.55,99143.0
2024-03-06,21.68,22.16,21.15,21.77,111569.0
2024-03-07,21.97,22.295,21.85,22.02,61199.0
2024-03-08,22.44,22.54,22.165,22.26,69975.0
2024-03-11,22.12,22.28,21.99,22.04,85638.0
2024-03-12,21.97,22.115,21.7,21.86,55716.0
2024-03-13,21.8,22.21,21.8,22.04,63149.0
2024-03-14,21.89,21.9925,21.3579,21.7,113860.0
2024-03-15,21.61,22.37,21.61,21.96,201421.0
2024-03-18,21.9,22.2,21.43,21.5,93495.0
2024-03-19,21.49,21.735,21.43,21.43,57098.0
2024-03-20,21.29,22.61,21.135,22.31,60037.0
2024-03-21,22.4,22.99,22.4,22.83,76099.0
2024-03-22,22.91,22.91,22.25,22.25,48372.0
2024-03-25,22.38,22.61,22.27,22.27,33688.0
2024-03-26,22.45,22.45,21.96,21.97,38344.0
2024-03-27,22.2,23.1,22.2,23.08,73252.0
2024-03-28,23.06,23.43,23.02,23.29,106569.0
2024-04-01,23.39,23.39,22.53,22.78,57006.0
2024-04-02,22.43,22.65,22.09,22.29,71668.0
2024-04-03,22.08,22.54,22.08,22.26,68543.0
2024-04-04,22.22,22.75,22.07,22.2,73579.0
2024-04-05,22.19,22.45,22.1,22.31,42376.0
2024-04-08,22.51,23.0,22.51,22.89,98561.0
2024-04-09,22.97,23.0,22.54,22.7,50380.0
2024-04-10,21.94,21.94,21.025,21.25,88423.0
2024-04-11,21.39,21.735,21.075,21.36,57509.0
2024-04-12,21.18,21.295,21.02,21.15,51096.0
2024-04-15,21.26,21.495,20.765,20.99,55364.0
2024-04-16,20.84,21.34,20.66,20.93,43153.0
2024-04-17,21.19,21.26,20.79,20.8,47072.0
2024-04-18,20.64,21.5,20.64,21.29,93766.0
2024-04-19,21.18,22.2,21.18,22.19,103244.0
2024-04-22,22.18,22.61,22.15,22.33,95378.0
2024-04-23,22.21,22.76,22.21,22.72,70545.0
2024-04-24,22.46,22.86,22.34,22.72,83896.0
2024-04-25,21.79,22.31,21.65,22.08,205523.0
2024-04-26,22.13,22.28,21.44,21.58,71645.0
2024-04-29,21.65,21.89,21.61,21.89,82684.0
2024-04-30,21.57,21.76,21.49,21.66,87462.0
2024-05-01,21.88,22.66,21.88,22.35,56376.0
2024-05-02,22.63,22.87,22.49,22.64,81050.0
2024-05-03,22.79,23.04,22.49,22.61,83556.0
2024-05-06,22.69,23.08,22.41,22.62,116026.0
2024-05-07,22.8,23.0125,22.41,22.44,71466.0
2024-05-08,22.17,22.79,22.17,22.77,54875.0
2024-05-09,22.97,23.24,22.72,23.13,67500.0
2024-05-10,23.22,23.22,22.79,22.98,62017.0
2024-05-13,23.19,23.34,22.95,22.98,52464.0
2024-05-14,23.23,23.33,22.9975,23.21,52288.0
2024-05-15,23.5,23.55,22.995,23.22,73910.0
2024-05-16,23.12,23.43,23.09,23.2,87704.0
2024-05-17,23.29,23.525,23.12,23.34,90230.0
2024-05-20,23.3,23.36,23.02,23.02,85468.0
2024-05-21,22.93,23.15,22.91,22.96,69809.0
2024-05-22,22.86,22.95,22.56,22.7,67625.0
2024-05-23,22.76,22.76,22.04,22.13,76614.0
2024-05-24,22.3,22.35,22.13,22.31,49494.0
2024-05-28,22.31,22.44,21.81,21.92,71359.0
2024-05-29,21.54,21.69,21.38,21.38,75217.0
2024-05-30,21.72,21.98,21.64,21.82,55134.0
2024-05-31,21.96,22.15,21.94,22.04,134703.0
2024-06-03,22.35,22.35,21.79,22.16,113941.0
2024-06-04,21.88,21.95,21.57,21.68,86940.0
2024-06-05,21.89,21.975,21.55,21.78,55398.0
2024-06-06,21.83,21.9,21.53,21.78,56833.0
2024-06-07,21.5,21.9,21.5,21.75,54229.0
2024-06-10,21.51,21.61,21.19,21.34,93457.0
2024-06-11,21.15,21.49,21.01,21.39,67724.0
2024-06-12,22.11,22.64,21.8,22.07,106713.0
2024-06-13,21.99,22.07,21.46,21.69,74945.0
2024-06-14,21.32,21.52,21.15,21.31,89245.0
2024-06-17,21.29,21.59,21.06,21.59,109812.0
2024-06-18,21.66,21.73,21.14,21.19,141979.0
2024-06-20,21.0,21.25,20.99,21.05,93442.0
2024-06-21,21.03,21.18,20.76,20.82,258123.0
2024-06-24,21.01,21.33,20.94,21.27,191843.0
2024-06-25,21.16,21.3,20.93,20.94,102589.0
2024-06-26,20.71,21.48,20.71,21.37,125719.0
2024-06-27,21.47,21.845,21.37,21.8,115391.0
2024-06-28,21.91,22.78,21.83,22.7,965610.0
2024-07-01,22.64,22.95,22.26,22.7,134367.0
2024-07-02,22.9,23.0,22.68,22.92,97480.0
2024-07-03,22.84,22.93,22.45,22.5,89348.0
2024-07-05,22.42,22.435,21.94,22.06,86765.0
2024-07-08,22.29,22.51,22.12,22.22,67989.0
2024-07-09,22.34,22.63,22.13,22.5,73786.0
2024-07-10,22.55,23.3,22.55,23.3,101264.0
2024-07-11,23.75,24.23,23.5,24.23,203933.0
2024-07-12,24.58,24.58,24.08,24.32,200358.0
2024-07-15,24.7,25.05,24.49,25.01,313445.0
2024-07-16,25.19,26.0,25.05,25.84,342306.0
2024-07-17,25.53,26.66,25.53,26.61,285381.0
2024-07-18,26.54,26.99,25.87,26.02,219564.0
2024-07-19,26.05,26.47,25.59,25.8,183954.0
2024-07-22,25.8,26.53,25.47,26.31,168258.0
2024-07-23,26.14,27.0,26.07,26.72,226751.0
2024-07-24,26.71,27.0,26.2,26.37,215654.0
2024-07-25,23.86,25.21,23.86,24.27,307535.0
2024-07-26,23.74,23.955,21.97,22.49,265395.0
2024-07-29,22.3,22.56,21.65,21.85,201801.0
2024-07-30,21.87,22.6,21.87,22.34,162684.0
2024-07-31,22.29,23.16,22.03,22.49,216368.0
2024-08-01,22.51,22.65,21.07,21.18,169228.0
2024-08-02,20.83,20.83,19.98,20.02,170575.0
2024-08-05,19.15,19.445,18.58,18.97,226203.0
2024-08-06,19.15,19.51,18.54,19.26,236557.0
2024-08-07,19.56,19.78,18.95,19.05,120708.0
2024-08-08,19.34,19.73,19.34,19.71,89443.0
2024-08-09,19.63,19.78,19.15,19.48,99700.0
2024-08-12,19.58,19.71,19.195,19.34,90072.0
2024-08-13,19.63,19.91,19.47,19.87,88149.0
2024-08-14,20.06,20.085,19.24,19.55,92680.0
2024-08-15,19.97,20.54,19.885,20.22,92362.0
2024-08-16,20.19,20.88,20.04,20.68,78766.0
2024-08-19,20.76,21.18,20.695,21.16,94079.0
2024-08-20,21.06,21.06,20.53,20.6,66298.0
2024-08-21,20.76,20.76,20.51,20.74,51857.0
2024-08-22,20.79,21.13,20.625,20.72,53699.0
2024-08-23,20.93,22.47,20.68,22.07,139817.0
2024-08-26,22.44,22.44,21.61,21.61,136396.0
2024-08-27,21.47,21.752,21.04,21.69,93517.0
2024-08-28,21.51,21.92,21.36,21.62,84572.0
2024-08-29,21.92,21.99,21.505,21.89,62063.0
2024-08-30,22.02,22.17,21.64,22.06,140418.0
2024-09-03,21.92,22.11,21.29,21.49,74100.0
2024-09-04,21.33,21.57,21.06,21.22,48764.0
2024-09-05,21.43,21.43,20.82,20.98,48041.0
2024-09-06,21.1,21.18,20.44,20.73,52346.0
2024-09-09,20.73,21.1,20.65,20.85,75289.0
2024-09-10,20.92,20.98,20.49,20.94,68430.0
2024-09-11,20.66,20.66,19.92,20.54,55447.0
2024-09-12,20.73,20.79,20.13,20.77,57492.0
2024-09-13,21.0,21.62,20.93,21.61,89640.0
2024-09-16,21.73,21.88,21.3,21.71,67686.0
2024-09-17,22.02,22.33,21.38,21.92,73194.0
2024-09-18,21.87,22.9,21.472,22.0,81244.0
2024-09-19,22.64,22.64,22.05,22.56,111317.0
2024-09-20,22.35,22.45,21.5,21.66,335016.0
2024-09-23,21.71,22.06,21.34,21.54,68101.0
2024-09-24,21.51,21.56,21.1,21.22,55867.0
2024-09-25,21.24,21.24,20.805,20.84,80820.0
2024-09-26,19.32,20.6325,19.24,20.48,1385055.0
2024-09-27,20.6,20.86,20.15,20.51,874240.0
2024-09-30,20.725,21.66,20.56,21.37,497607.0
2024-10-01,21.21,21.36,20.24,20.28,254073.0
2024-10-02,20.07,20.42,20.0,20.26,165933.0
2024-10-03,20.02,20.34,20.0,20.18,110802.0
2024-10-04,20.64,20.7,20.37,20.43,134727.0
2024-10-07,20.29,20.425,20.06,20.15,71546.0
2024-10-08,20.28,20.28,19.89,19.92,152975.0
2024-10-09,19.89,20.22,19.81,19.82,136632.0
2024-10-10,19.62,19.79,19.48,19.66,163534.0
2024-10-11,19.82,20.36,19.82,20.17,278411.0
2024-10-14,20.26,20.69,20.125,20.43,153965.0
2024-10-15,20.51,21.15,20.43,20.7,271495.0
2024-10-16,20.99,21.31,20.81,21.16,303813.0
2024-10-17,21.2,21.25,20.94,21.18,142197.0
2024-10-18,21.23,21.23,20.87,20.95,211546.0
2024-10-21,21.02,21.11,20.48,20.53,255546.0
2024-10-22,20.5,20.65,20.29,20.64,199212.0
2024-10-23,20.47,20.67,20.03,20.27,150853.0
2024-10-24,21.26,21.26,20.25,20.66,188559.0
2024-10-25,21.07,21.07,20.5,20.88,225922.0
2024-10-28,21.11,22.0,21.11,22.0,300326.0
2024-10-29,21.78,21.88,21.305,21.53,153915.0
2024-10-30,21.45,22.06,21.29,21.48,383643.0
2024-10-31,21.54,21.94,21.3,21.32,264650.0
2024-11-01,21.55,21.57,20.88,20.94,137029.0
2024-11-04,20.75,21.05,20.5,20.82,150775.0
2024-11-05,20.86,21.42,20.75,21.42,138915.0
2024-11-06,23.1,24.415,23.1,24.17,692372.0
2024-11-07,24.01,24.625,23.49,23.81,339999.0
2024-11-08,23.98,24.26,23.5113,24.0,191343.0
2024-11-11,24.375,24.93,24.2145,24.42,312425.0
2024-11-12,24.32,24.555,24.14,24.32,256635.0
2024-11-13,24.52,24.65,23.9,24.06,245042.0
2024-11-14,24.01,24.24,23.78,24.0,265283.0
2024-11-15,24.15,24.27,23.585,23.86,144267.0
2024-11-18,23.86,24.18,23.49,23.52,134572.0
2024-11-19,23.33,23.86,23.25,23.71,144569.0
2024-11-20,23.585,24.1,23.3606,23.9,319962.0
2024-11-21,24.24,25.0,24.16,24.92,385106.0
2024-11-22,24.97,25.7,24.82,25.69,435786.0
2024-11-25,26.0,26.235,25.45,25.55,429562.0
2024-11-26,25.13,25.7,25.03,25.05,201048.0
2024-11-27,25.28,25.53,24.9,25.08,220159.0
2024-11-29,25.03,25.24,24.79,24.87,122673.0
2024-12-02,24.79,25.49,24.58,25.19,273861.0
2024-12-03,25.2,25.575,24.97,25.05,154888.0
2024-12-04,25.28,25.59,24.95,25.44,292647.0
2024-12-05,25.32,25.6,24.99,25.19,260494.0
2024-12-06,25.335,25.78,25.23,25.61,259458.0
2024-12-09,25.67,25.85,24.89,25.04,178370.0
2024-12-10,25.085,25.75,24.84,25.29,385510.0
2024-12-11,25.36,25.68,25.02,25.08,237731.0
2024-12-12,25.115,25.2,24.63,24.83,201865.0
2024-12-13,24.81,24.865,24.38,24.52,157821.0
2024-12-16,24.51,25.03,24.33,24.89,187498.0
2024-12-17,24.69,24.9,24.18,24.29,195729.0
2024-12-18,24.48,24.59,22.69,22.86,312441.0
2024-12-19,23.25,24.11,22.35,22.41,261463.0
2024-12-20,22.28,23.0,22.13,22.32,1318904.0
2024-12-23,22.385,22.64,22.16,22.62,286843.0
2024-12-24,22.77,22.86,22.38,22.62,90937.0
2024-12-26,22.32,22.73,22.32,22.65,108358.0
2024-12-27,22.6,22.68,22.04,22.33,144793.0
2024-12-30,22.4,22.49,22.02,22.44,101503.0
2024-12-31,22.5,22.59,22.125,22.41,157574.0
2025-01-02,22.57,22.65,21.56,21.56,135022.0
2025-01-03,21.66,21.93,21.3,21.78,176125.0
2025-01-06,21.75,22.165,21.54,21.59,181894.0
2025-01-07,21.66,21.85,20.99,21.36,237002.0
2025-01-08,21.465,21.48,20.785,21.08,185599.0
2025-01-10,20.55,20.6,19.91,20.14,197419.0
2025-01-13,20.12,20.57,19.84,20.55,194267.0
2025-01-14,20.695,21.33,20.63,21.31,136644.0
2025-01-15,21.975,22.4,21.78,22.01,126381.0
2025-01-16,21.89,22.0,21.65,21.86,158504.0
2025-01-17,22.175,22.285,21.92,22.21,125015.0
2025-01-21,22.37,22.94,22.37,22.73,222625.0
2025-01-22,22.62,22.7425,22.3,22.4,227476.0
2025-01-23,24.195,24.4,22.73,23.48,402166.0
2025-01-24,23.25,23.72,22.78,23.23,249836.0
2025-01-27,23.49,24.21,23.33,23.53,364017.0
2025-01-28,23.66,23.71,22.99,23.22,151925.0
2025-01-29,22.82,23.47,22.66,23.13,130987.0
2025-01-30,23.36,23.51,22.83,23.08,192764.0
2025-01-31,22.91,23.41,22.9,23.2,260348.0
2025-02-03,22.66,22.99,22.47,22.62,239859.0
2025-02-04,22.48,22.975,22.48,22.92,190061.0
2025-02-05,23.0,23.17,22.79,23.15,147526.0
2025-02-06,23.0,23.3,23.0,23.17,182945.0
2025-02-07,23.03,23.33,22.56,23.14,298836.0
2025-02-10,23.16,23.4,23.04,23.2,159319.0
2025-02-11,23.015,23.97,23.01,23.95,141996.0
2025-02-12,23.9,23.9,23.16,23.36,173976.0
2025-02-13,23.5,23.815,23.43,23.71,184661.0
2025-02-14,24.171,24.3,23.66,23.85,117680.0
2025-02-18,23.875,23.9525,23.61,23.84,253632.0
2025-02-19,23.581,23.87,23.47,23.75,120943.0
2025-02-20,23.695,23.83,23.42,23.65,144861.0
2025-02-21,23.801,24.02,22.67,22.69,208476.0
2025-02-24,22.94,22.94,22.45,22.47,165066.0
2025-02-25,22.64,22.89,22.44,22.63,167074.0
2025-02-26,22.686,22.845,22.43,22.55,121361.0
2025-02-27,22.491,22.84,22.491,22.56,187609.0
2025-02-28,22.76,23.115,22.675,22.96,188533.0
2025-03-03,22.96,23.17,22.64,22.77,150970.0
2025-03-04,22.46,22.58,21.97,22.14,198386.0
2025-03-05,22.155,22.3,21.755,21.9,223669.0
2025-03-06,21.662,21.97,21.4,21.72,146776.0
2025-03-07,21.75,21.75,21.18,21.58,187546.0
2025-03-10,21.31,21.47,20.6475,20.71,220336.0
2025-03-11,20.78,20.99,20.52,20.66,171816.0
2025-03-12,20.855,21.1,20.61,20.79,142465.0
2025-03-13,20.9,20.97,20.525,20.6,125292.0
2025-03-14,20.935,21.19,20.705,21.05,133726.0
2025-03-17,21.225,21.42,20.92,21.13,115442.0
2025-03-18,21.11,21.31,20.85,21.26,95375.0
2025-03-19,21.325,21.56,21.12,21.41,113125.0
2025-03-20,21.26,21.54,21.11,21.14,98846.0
2025-03-21,21.1,21.29,20.86,21.04,338118.0
2025-03-24,21.48,21.59,21.2343,21.49,114856.0
2025-03-25,21.295,21.59,21.295,21.33,134081.0
2025-03-26,21.72,21.72,21.2,21.27,110263.0
2025-03-27,21.26,21.44,20.88,21.27,92309.0
2025-03-28,21.325,21.34,20.55,20.59,278511.0
2025-03-31,20.38,20.88,20.36,20.64,251839.0
2025-04-01,20.44,20.765,20.35,20.65,118282.0
2025-04-02,20.435,20.91,20.28,20.89,119674.0
2025-04-03,19.975,19.975,18.32,18.35,274113.0
2025-04-04,17.36,17.695,16.55,17.59,301917.0
2025-04-07,17.13,18.59,16.89,17.65,219367.0
2025-04-08,18.23,18.43,17.06,17.34,210806.0
2025-04-09,17.04,19.04,16.69,18.46,294024.0
2025-04-10,18.03,18.15,17.33,17.95,355971.0
2025-04-11,17.74,18.1,17.44,17.74,180585.0
2025-04-14,18.1,18.14,17.51,17.95,163356.0
2025-04-15,18.19,18.67,18.15,18.48,215284.0
2025-04-16,18.5,18.69,18.24,18.48,146182.0
2025-04-17,18.66,18.77,18.47,18.61,149183.0
2025-04-21,18.48,18.57,18.18,18.33,182886.0
2025-04-22,18.66,19.32,18.51,19.14,177275.0
2025-04-23,19.86,20.1,19.4,19.48,125878.0
2025-04-24,17.17,18.47,16.21,16.93,534928.0
2025-04-25,16.69,17.15,16.47,16.81,341163.0
2025-04-28,16.885,16.97,16.6,16.94,224945.0
2025-04-29,16.945,17.18,16.515,17.06,158073.0
2025-04-30,16.65,16.92,16.44,16.84,238389.0
2025-05-01,16.53,17.05,16.46,16.86,268090.0
2025-05-02,17.08,17.7,17.02,17.55,253138.0
2025-05-05,17.25,17.7699,17.09,17.46,208223.0
2025-05-06,17.3,17.6,17.12,17.44,155657.0
2025-05-07,17.455,17.705,17.195,17.28,200998.0
2025-05-08,17.39,17.815,17.34,17.71,188864.0
2025-05-09,17.82,17.86,17.46,17.81,199132.0
2025-05-12,18.47,18.7,17.94,17.95,368028.0
2025-05-13,17.955,18.33,17.78,18.31,275996.0
2025-05-14,18.13,18.42,18.12,18.29,160418.0
2025-05-15,18.2,18.305,18.05,18.26,169416.0
2025-05-16,18.12,18.22,17.94,18.09,155271.0
2025-05-19,17.895,18.05,17.84,18.02,118505.0
2025-05-20,17.6701,18.08,17.6701,18.04,166567.0
2025-05-21,17.62,17.78,17.23,17.24,157819.0
2025-05-22,17.152,17.42,17.05,17.2,116124.0
2025-05-23,16.887,17.14,16.887,17.06,229622.0
2025-05-27,17.295,17.71,17.145,17.68,198075.0
2025-05-28,17.66,17.66,17.28,17.41,127729.0
2025-05-29,18.48,18.49,17.35,17.75,130783.0
2025-05-30,17.63,17.67,17.2,17.53,170112.0
2025-06-02,17.3,17.58,17.11,17.25,180693.0
2025-06-03,17.31,17.585,17.18,17.34,325827.0
2025-06-04,17.43,17.49,17.03,17.14,167848.0
2025-06-05,17.035,17.1398,16.92,17.0,108753.0
2025-06-06,17.24,17.55,17.14,17.38,415520.0
2025-06-09,17.31,17.89,17.27,17.65,201485.0
2025-06-10,17.59,18.195,17.59,18.12,385472.0
2025-06-11,18.125,18.35,17.85,17.88,159933.0
2025-06-12,17.675,17.76,17.5001,17.65,106361.0
2025-06-13,17.375,17.375,16.89,17.01,109566.0
2025-06-16,17.105,17.26,16.84,16.94,170706.0
2025-06-17,16.805,16.96,16.58,16.6,138970.0
2025-06-18,16.56,16.75,16.495,16.58,125350.0
2025-06-20,16.775,16.93,16.61,16.69,232286.0
2025-06-23,16.805,17.32,16.58,17.31,155404.0
2025-06-24,17.515,17.945,17.44,17.69,164845.0
2025-06-25,17.67,17.67,17.45,17.5,132024.0
2025-06-26,17.53,18.02,17.43,18.01,160276.0
2025-06-27,18.065,18.18,17.92,18.09,630980.0
2025-06-30,18.11,18.24,17.98,18.23,253183.0
2025-07-01,18.065,18.96,18.025,18.9,260045.0
2025-07-02,18.89,19.27,18.82,19.19,215771.0
2025-07-03,19.5,19.8,19.28,19.64,149162.0
2025-07-07,19.54,19.735,19.14,19.26,256578.0
2025-07-08,19.27,19.8775,19.2672,19.73,259301.0
2025-07-09,19.86,19.86,19.5907,19.72,126460.0
2025-07-10,19.745,20.1,19.65,19.99,242028.0
2025-07-11,19.595,19.855,19.595,19.73,157273.0
2025-07-14,19.715,20.02,19.37,20.02,221331.0
2025-07-15,19.98,20.105,19.27,19.35,251396.0
2025-07-16,19.41,19.51,19.0,19.44,177433.0
2025-07-17,19.6175,19.95,19.335,19.85,264063.0
2025-07-18,19.84,20.085,19.6,19.95,268460.0
2025-07-21,20.0,20.24,19.83,19.83,148222.0
2025-07-22,20.805,20.805,19.645,19.95,173085.0
2025-07-23,20.16,20.2,19.78,20.12,149106.0
2025-07-24,20.84,21.35,20.22,20.24,425059.0
2025-07-25,20.29,20.5,19.97,20.27,240217.0
2025-07-28,20.635,20.635,20.145,20.17,191221.0
2025-07-29,20.304,20.495,19.995,20.06,216741.0
2025-07-30,20.21,20.25,19.54,19.6,235695.0
2025-07-31,19.57,19.6317,19.12,19.3,221879.0
2025-08-01,19.06,19.18,18.495,18.61,232177.0
2025-08-04,18.33,19.03,18.24,18.94,224597.0
2025-08-05,19.015,19.07,18.64,19.04,196040.0
2025-08-06,18.96,19.02,18.78,18.79,120079.0
2025-08-07,18.935,18.99,18.53,18.56,132998.0
2025-08-08,18.52,18.95,18.5,18.86,175192.0
2025-08-11,18.9,19.1,18.82,19.07,117296.0
2025-08-12,19.56,20.01,19.23,19.96,159733.0
2025-08-13,20.005,20.44,20.005,20.44,217302.0
2025-08-14,20.18,20.585,20.1,20.49,247657.0
2025-08-15,20.45,20.5,19.82,19.85,287377.0
2025-08-18,19.78,20.13,19.77,20.09,162351.0
2025-08-19,20.36,20.6,19.96,20.01,191159.0
2025-08-20,20.055,20.15,19.89,20.13,143304.0
2025-08-21,19.92,20.175,19.83,19.96,93197.0
2025-08-22,20.12,21.35,20.1,21.28,335226.0
2025-08-25,21.021,21.38,21.021,21.2,167274.0
2025-08-26,21.29,21.56,21.22,21.37,162220.0
2025-08-27,21.435,21.65,21.27,21.43,142944.0
2025-08-28,21.53,21.66,21.25,21.5,169255.0
2025-08-29,21.59,21.675,21.45,21.5,125321.0
2025-09-02,21.22,21.475,21.01,21.25,121463.0
2025-09-03,21.12,21.39,21.03,21.19,113907.0
2025-09-04,21.38,21.65,21.29,21.65,92463.0
2025-09-05,21.455,22.05,21.165,21.28,164262.0
2025-09-08,21.23,21.46,21.085,21.44,117763.0
2025-09-09,21.34,21.45,20.96,21.1,113546.0
2025-09-10,21.06,21.335,21.05,21.09,72571.0
2025-09-11,20.98,21.32,20.875,21.29,95816.0
2025-09-12,21.18,21.29,20.86,21.07,79548.0
2025-09-15,21.15,21.21,20.81,20.9,139172.0
2025-09-16,20.61,20.82,20.435,20.6,198982.0
2025-09-17,20.765,21.325,20.62,20.7,204071.0
2025-09-18,20.72,21.3,20.68,21.29,411979.0
2025-09-19,22.79,22.79,20.7,20.7,478180.0
2025-09-22,20.455,20.95,20.22,20.35,186007.0
2025-09-23,20.555,20.875,20.29,20.36,118952.0
2025-09-24,20.415,20.52,20.01,20.16,109465.0
2025-09-25,19.98,20.21,19.79,20.1,87712.0
2025-09-26,20.18,20.19,19.88,19.94,246245.0
2025-09-29,19.97,20.0,19.25,19.33,100968.0
2025-09-30,19.335,19.335,18.92,19.27,256131.0
2025-10-01,19.2775,19.325,18.9,19.21,412905.0
2025-10-02,18.96,19.23,18.75,18.78,152688.0
2025-10-03,18.815,19.36,18.55,18.6,237845.0
2025-10-06,18.86,19.05,18.4701,18.99,270083.0
2025-10-07,18.9265,19.16,18.655,18.86,204637.0
2025-10-08,18.9,19.055,18.5847,18.97,182265.0
2025-10-09,18.74,19.055,18.645,19.0,242532.0
2025-10-10,19.12,19.15,18.21,18.23,256224.0
2025-10-13,18.6,18.64,18.24,18.56,133328.0
2025-10-14,18.32,19.13,18.32,19.05,140727.0
2025-10-15,19.0317,19.16,18.58,18.86,175300.0
2025-10-16,18.78,18.91,17.55,17.74,239179.0
2025-10-17,17.98,18.02,17.66,17.96,261117.0
2025-10-20,18.22,18.44,17.975,18.41,191592.0
2025-10-21,18.24,18.565,18.23,18.34,126180.0
2025-10-22,18.24,18.705,17.39,17.71,633111.0
2025-10-23,17.42,17.84,16.99,16.99,515722.0
2025-10-24,17.07,17.91,17.07,17.56,577546.0
2025-10-27,17.65,17.705,17.4,17.53,404766.0
2025-10-28,16.835,17.3,15.62,16.89,515270.0
2025-10-29,17.06,17.68,16.555,16.73,390680.0
2025-10-30,16.54,17.26,16.53,16.99,363475.0
2025-10-31,16.88,17.08,16.72,16.77,294943.0
2025-11-03,16.78,17.13,16.61,17.12,281179.0
2025-11-04,16.98,17.31,16.9,17.15,324209.0
2025-11-05,17.255,17.56,17.23,17.44,217715.0
2025-11-06,16.8,17.51,16.68,16.7,479265.0
2025-11-07,16.78,17.11,16.7,17.09,405265.0
2025-11-10,17.285,17.58,17.12,17.4,460979.0
2025-11-11,17.59,17.98,17.51,17.83,473284.0
2025-11-12,18.05,18.17,17.865,18.0,470018.0
2025-11-13,18.03,18.1,17.61,17.78,281052.0
2025-11-14,17.56,17.7,17.345,17.6,254325.0
2025-11-17,17.68,17.74,16.81,16.94,326990.0
2025-11-18,16.99,17.2,16.83,17.1,318089.0
2025-11-19,17.22,17.26,17.04,17.2,275914.0
2025-11-20,17.505,17.67,17.22,17.28,336071.0
2025-11-21,17.34,18.14,17.34,18.03,361703.0
2025-11-24,17.945,18.27,17.69,18.22,331266.0
2025-11-25,18.47,19.01,18.32,18.94,344531.0
2025-11-26,19.01,19.055,18.7,18.85,329125.0
2025-11-28,18.84,18.975,18.75,18.81,157767.0
2025-12-01,18.76,19.19,18.7,19.08,241317.0
2025-12-02,18.97,19.1999,18.765,18.85,223409.0
2025-12-03,18.865,19.45,18.8275,19.41,172505.0
2025-12-04,19.22,19.59,19.05,19.35,251036.0
2025-12-05,19.305,19.45,19.13,19.28,168364.0
2025-12-08,19.365,19.69,19.29,19.59,193237.0
2025-12-09,19.78,20.07,19.485,19.86,208527.0
2025-12-10,20.06,20.7,19.6361,20.52,344154.0
2025-12-11,20.515,20.8,20.4,20.49,242736.0
2025-12-12,20.545,20.72,20.31,20.48,193153.0
2025-12-15,20.51,21.0,20.355,20.48,192033.0
2025-12-16,20.32,20.58,20.26,20.38,171351.0
2025-12-17,20.22,20.665,20.22,20.43,176606.0
2025-12-18,20.5,20.785,20.41,20.67,212496.0
2025-12-19,20.5,20.85,20.09,20.16,592506.0
2025-12-22,20.19,20.47,20.19,20.37,247111.0
2025-12-23,20.37,20.5,20.12,20.15,172880.0
2025-12-24,20.02,20.3091,20.005,20.23,80966.0
2025-12-26,20.08,20.29,19.925,20.06,132573.0
2025-12-29,19.89,20.1,19.79,20.03,180111.0
2025-12-30,19.82,20.01,19.7675,19.78,173917.0
2025-12-31,19.27,19.7,19.27,19.51,430151.0
2026-01-02,19.73,19.8,19.29,19.71,315047.0
2026-01-05,19.89,20.775,19.79,20.52,403306.0
2026-01-06,20.48,20.5,20.205,20.42,217128.0
2026-01-07,20.51,20.63,19.91,20.19,214939.0
2026-01-08,19.98,20.9599,19.98,20.78,290408.0
2026-01-09,20.94,21.0,20.175,20.35,250574.0
2026-01-12,20.075,20.19,19.57,19.88,272207.0
2026-01-13,19.795,20.01,19.72,19.99,159604.0
2026-01-14,20.0,20.47,19.815,20.47,167521.0
2026-01-15,20.78,21.16,20.45,21.0,190257.0
2026-01-16,20.655,21.0,20.655,20.84,162205.0
2026-01-20,20.515,20.71,20.2,20.37,188124.0
2026-01-21,20.46,21.665,20.46,21.6,259150.0
2026-01-22,21.85,22.48,21.635,22.21,419025.0
2026-01-23,22.28,22.71,20.9,21.26,478866.0
2026-01-26,21.34,21.39,20.43,20.82,263841.0
2026-01-27,20.84,21.0,20.56,20.85,265911.0
2026-01-28,20.81,21.1,20.59,20.88,292707
2026-01-29,21.125,21.74,21.125,21.73,293326
2026-01-30,21.62,21.925,21.49,21.7,344068
2026-02-02,21.71,22.2,21.645,21.89,581263
2026-02-03,21.7,22.36,21.66,22.28,464026
2026-02-04,22.5,23.21,22.07,22.75,430786
2026-02-05,22.59,23.1199,22.52,22.99,257834
2026-02-06,23.105,23.48,23.07,23.22,248034
2026-02-09,22.98,23.545,22.97,23.14,179026
2026-02-10,23,23.36,22.7,23.05,186719
