date,open,high,low,close,volume
2021-06-30,102.388,107.617,83.4828,83.4828,309355.408458769
2021-07-01,78.3269,78.6194,66.0037,70.9769,93372.29396674248
2021-07-02,68.9657,73.0978,64.2851,72.9149,51236.4041305749
2021-07-06,66.9545,73.1343,65.8212,69.0022,26419.330637481275
2021-07-07,69.8067,72.0373,61.9082,62.7858,10437.23266303112
2021-07-08,61.25,61.2866,55.0701,56.734,6719.689802337175
2021-07-09,58.4709,58.5623,54.9239,54.997,7287.9591906351025
2021-07-12,54.8507,57.5933,54.8507,57.0082,15274.085728875889
2021-07-13,57.7396,58.6903,55.5821,58.2881,9329.134702788964
2021-07-14,57.8127,59.056,55.3627,56.2403,11915.334705259364
2021-07-15,55.6918,55.6918,54.0646,54.1925,9479.542866197944
2021-07-16,53.1321,54.7776,52.6201,54.4485,23016.551042394127
2021-07-19,53.0955,54.997,52.1082,53.7903,53553.51025523723
2021-07-20,53.9731,55.253,51.6694,51.6694,44883.98371634364
2021-07-21,51.6328,53.1387,49.4388,51.7425,7965.889803527575
2021-07-22,52.1082,55.7284,49.9507,52.0351,11158.918378006205
2021-07-23,52.0351,52.1082,49.0731,52.0351,9903.693887011264
2021-07-26,52.1082,53.0224,49.4022,50.4627,13929.436747999607
2021-07-27,50.9746,52.1082,46.7913,46.7913,7166.538782355853
2021-07-28,47.1716,48.4515,42.8567,48.4515,15658.310219038824
2021-07-29,48.0858,49.9507,46.2209,47.8299,17418.085730923885
2021-07-30,47.2448,48.2869,45.9649,46.9888,8579.00817146018
2021-08-02,48.4511,50.4627,45.6724,50.4627,14427.42450357734
2021-08-03,50.2067,50.2067,47.8299,49.256,7481.575517350661
2021-08-04,49.841,50.4627,47.0985,48.9634,14681.20409565649
2021-08-05,48.8537,51.1575,46.0746,48.1955,7761.881640067397
2021-08-06,49.4754,50.5358,47.0619,48.5612,5143.41224981107
2021-08-09,47.4093,49.8045,46.3672,47.5373,7287.9591906351025
2021-08-10,47.3179,47.5373,44.6642,47.5007,9675.346948017632
2021-08-11,47.5373,49.6948,46.7131,47.5373,14018.587768492933
2021-08-12,46.6963,49.7313,46.6963,49.7313,23236.14696097124
2021-08-13,48.4515,48.521,45.709,45.709,9909.710213547623
2021-08-16,44.16,46.294,43.8806,45.709,6410.122455102694
2021-08-17,45.0873,47.5373,43.3687,46.55,18654.98777292173
2021-08-18,48.2153,48.2687,44.5754,46.4403,64112.98373471164
2021-08-19,44.2934,49.0914,44.1366,46.8791,21791.13471469297
2021-08-20,43.8806,47.7933,43.0761,45.2701,23991.19594128431
2021-08-23,44.941,48.5429,42.1254,43.003,19788.518386249405
2021-08-24,43.844,46.6432,43.003,43.8806,80635.73068927009
2021-08-25,43.7343,45.5261,41.6866,44.2463,60714.03271105672
2021-08-26,44.3377,54.8507,44.1731,51.3403,35290.95105411892
2021-08-27,50.3896,66.5522,46.8794,64.3582,32445.77554119706
2021-08-30,65.7478,66.5888,55.9112,61.7254,17129.84899595468
2021-08-31,62.3104,69.4772,57.1182,62.4933,17135.044914326987
2021-09-01,62.1276,68.4903,54.051,66.4791,34200.62860409783
2021-09-02,63.4806,70.6843,63.4806,68.0881,15094.963279725192
2021-09-03,67.3933,83.2634,64.1022,73.0978,41714.47350923442
2021-09-07,74.3776,78.3817,70.209,73.4634,52713.68576463909
2021-09-08,72.659,78.0709,72.0007,75.5843,33841.83676702041
2021-09-09,74.9993,80.4821,72.1836,72.9881,32741.395949642712
2021-09-10,74.0485,79.9724,73.4451,76.4254,38014.43268937352
2021-09-13,75.5843,84.7993,73.6828,82.2396,33394.98778700173
2021-09-14,83.6291,83.6291,72.2201,76.2791,39144.681670045
2021-09-15,79.753,83.5004,74.2313,78.8388,75669.52660289359
2021-09-16,77.9612,80.4478,71.891,77.4493,72889.71027370763
2021-09-17,76.3157,81.0328,70.7209,73.7194,411514.273862476
2021-09-20,73.1343,73.1343,51.1209,54.5948,99264.46540094224
2021-09-21,54.6313,56.6425,52.291,55.6187,50973.32657930319
2021-09-22,55.2896,59.2388,54.1541,57.7761,17620.45307805597
2021-09-23,58.8366,59.7873,56.8985,59.0925,7908.187762656131
2021-09-24,57.5933,61.4694,55.9478,61.0306,16390.38777075853
2021-09-27,65.9306,76.5351,60.9209,75.95,38185.89799565976
2021-09-28,74.2313,80.009,72.5858,76.4985,30020.375538880264
2021-09-29,76.791,77.0653,73.5549,76.5716,12437.661236370546
2021-09-30,76.7545,78.2172,73.8291,76.7179,30079.991865467822
2021-10-01,76.7179,76.7179,71.9642,73.0246,13753.048992729078
2021-10-04,75.0358,75.0358,65.6015,68.5634,27513.755128322613
2021-10-05,69.0388,77.8259,69.0388,76.3522,19027.726548787985
2021-10-06,73.5731,74.341,69.441,69.5142,9418.01225389427
2021-10-07,69.1851,70.5746,62.5299,63.6269,10880.526541005584
2021-10-08,63.1149,74.4873,63.1149,73.4634,10931.39184717662
2021-10-11,72.2201,72.2201,67.6127,68.5269,5619.248984959479
2021-10-12,67.5761,68.7463,59.8239,63.3709,22460.58777655693
2021-10-13,63.2612,68.1612,62.2373,66.7716,13087.151032909323
2021-10-14,67.8321,69.5142,61.25,63.5172,15620.297974104556
2021-10-15,63.0052,63.0052,51.194,51.6694,29214.18778300813
2021-10-18,54.997,79.7164,54.997,61.7619,607057.4658859982
2021-10-19,57.447,60.6649,51.4866,52.1813,57794.47352459442
2021-10-20,52.3642,54.8138,46.0746,48.6343,54316.489847802775
2021-10-21,47.647,47.903,45.1612,47.5739,26277.946963876835
2021-10-22,46.8425,49.0366,45.709,48.4881,18581.42450754534
2021-10-25,48.9634,51.0843,47.2996,50.8649,16952.36736313208
2021-10-26,49.6582,54.6313,49.0366,54.4851,16692.571444516572
2021-10-27,54.7045,56.2403,51.7425,52.2545,11140.869398397128
2021-10-28,51.2672,57.4836,51.2672,57.1545,16676.163281235593
2021-10-29,56.6791,60.2261,51.6843,58.2515,19156.530630543675
2021-11-01,57.5933,62.1276,56.0757,57.2642,13285.142869833144
2021-11-02,57.959,60.6284,54.997,58.1418,11062.930622812471
2021-11-03,58.3246,61.0306,54.7776,60.3724,8339.995926333911
2021-11-04,60.5552,63.1881,59.641,61.9813,8775.359192055903
2021-11-05,61.7254,67.4664,61.6157,67.4664,15832.236749817208
2021-11-08,67.2104,68.6549,64.3238,67.2104,29670.8816609954
2021-11-09,65.9672,65.9672,60.1896,63.4806,9353.473478322418
2021-11-10,62.8224,69.4776,60.2993,69.4776,19796.44899850188
2021-11-11,69.2582,69.2582,62.7493,64.5045,14964.244912253387
2021-11-12,64.2851,80.7769,64.2851,78.7657,27698.620434621647
2021-11-15,70.7209,79.2045,62.1642,63.8463,37357.01228058227
2021-11-16,63.8463,63.8463,50.353,51.2306,37208.79187227742
2021-11-17,51.2306,53.5343,48.5612,51.1209,52087.71433546971
2021-11-18,50.4261,55.1067,48.2321,51.3769,53996.53066382367
2021-11-19,52.291,53.5343,50.6455,52.1813,12391.171440407774
2021-11-22,52.2179,54.7045,50.9563,51.3403,15991.942872418742
2021-11-23,52.2545,54.5582,49.49,52.9493,14487.861238328947
2021-11-24,52.8396,54.3022,52.1448,53.0955,5703.477556468507
2021-11-26,51.8157,52.9127,48.2687,48.3052,5864.824495398138
2021-11-29,50.097,53.1321,48.6343,50.2433,28994.591864431022
2021-11-30,49.256,50.4993,48.1955,50.1336,27247.12247500669
2021-12-01,50.2799,50.6272,48.6709,49.0366,27078.39186260062
2021-12-02,48.3052,50.1884,43.1858,47.7567,41892.22861144503
2021-12-03,48.159,50.3164,43.3321,45.9649,16501.963281069195
2021-12-06,45.7455,45.7455,40.2239,42.0522,34267.0816653858
2021-12-07,42.2351,45.5257,40.8821,41.5403,15907.16736213368
2021-12-08,40.8821,43.2224,38.6515,42.0157,10013.902050381846
2021-12-09,41.7597,42.6922,39.7851,40.7358,7971.632660675919
2021-12-10,40.2239,44.7216,39.1042,44.1731,12188.257154499655
2021-12-13,44.1,45.6724,40.8821,41.7231,21848.289816788376
2021-12-14,41.3209,45.1604,36.7866,38.7978,27373.73880165825
2021-12-15,38.8343,48.5246,38.8343,45.1239,54747.20413392849
2021-12-16,45.453,46.0746,32.985,33.4224,65298.20006237441
2021-12-17,33.4955,35.4701,32.2888,33.9526,73736.09802961817
2021-12-20,34.0075,37.4813,32.9104,35.397,34516.21227786867
2021-12-21,35.9455,36.494,34.7388,34.7388,30518.363294457995
2021-12-22,34.9216,38.359,34.6657,36.8597,35925.12656492878
2021-12-23,36.6769,40.3336,36.6769,37.9567,3871.506126147135
2021-12-27,37.4082,39.8582,37.1157,38.2493,4740.591841263021
2021-12-28,38.2127,38.7978,36.2929,36.75,13984.951033766924
2021-12-29,34.0443,37.6642,34.0443,37.4082,6383.048985689077
2021-12-30,37.0791,42.0522,37.0791,40.9187,10284.089805741976
2021-12-31,40.1142,43.844,40.1142,43.1127,8569.436742879609
2022-01-03,44.3194,44.3194,38.7246,39.9679,12232.559195358304
2022-01-04,40.8455,40.8455,37.1522,37.5545,12393.3591955119
2022-01-05,36.0918,38.9806,35.1776,38.3955,50894.02045677845
2022-01-06,37.1522,38.3224,36.4026,37.1522,8508.726538739984
2022-01-07,36.6769,38.4321,36.1284,36.6037,5235.297964184555
2022-01-10,36.6037,37.4448,34.3366,36.8597,5339.21633163076
2022-01-11,37.0791,37.7007,35.1045,36.5672,8993.58776369293
2022-01-12,36.1649,36.9328,35.7627,35.909,5798.918372886204
2022-01-13,35.6164,36.8963,34.1903,34.3366,3573.424493209339
2022-01-14,34.0806,36.3478,32.5082,34.7022,7328.432660061519
2022-01-18,33.8246,35.397,32.9104,33.2396,14994.873483711215
2022-01-19,33.0201,33.5321,32.9104,32.9104,3844.1591873455022
2022-01-20,33.7881,33.8246,31.3381,31.7403,10119.18776476813
2022-01-21,30.7896,33.8612,28.303,30.1679,11670.579602984752
2022-01-24,28.5224,33.4224,28.5224,32.1791,5455.7142909257145
2022-01-25,32.2157,34.4463,31.4115,34.1537,5369.844903088588
2022-01-26,34.3731,36.9328,32.8739,35.1776,4569.4000043648
2022-01-27,36.0187,36.6403,34.4828,35.653,4496.110208376424
2022-01-28,35.4336,36.9328,35.0679,36.9328,2644.7224515058942
2022-01-31,36.6769,50.097,35.8541,43.2224,35602.43268706952
2022-02-01,43.259,43.652,38.4687,38.7978,12944.946951140832
2022-02-02,37.2619,38.3955,34.044,34.5194,15948.734709112165
2022-02-03,33.1664,34.4463,33.1664,33.8978,6929.714292333714
2022-02-04,33.4955,36.6403,32.947,35.397,6047.228577205029
2022-02-07,34.0075,39.4925,33.0933,35.141,14743.00817734818
2022-02-08,33.9343,36.494,33.4224,35.141,8544.551028570122
2022-02-09,34.4828,35.6896,34.4097,35.1045,4998.746943550433
2022-02-10,33.8612,35.0679,33.6418,34.3731,9172.98368223164
2022-02-11,35.9455,40.1142,35.397,37.6642,12300.106134198337
2022-02-14,34.9582,36.4575,34.2086,34.556,3296.4000031488
2022-02-15,34.4828,37.591,33.916,37.1157,10674.877561217309
2022-02-16,38.2127,39.4084,33.1664,33.3127,15458.40409639889
2022-02-17,32.8739,33.7515,31.6306,33.0933,8890.763273798793
2022-02-18,31.594,33.0201,30.4604,31.594,15176.730626742075
2022-02-22,31.4112,35.5067,31.4112,35.2873,12906.387767430531
2022-02-23,35.1045,35.8724,32.5082,34.8851,11982.061235935347
2022-02-24,33.3858,35.5799,30.6067,35.5799,6173.571434468571
2022-02-25,36.6037,36.6037,33.3127,34.7388,10336.59592824111
2022-02-28,34.1172,36.6769,34.1172,35.7627,14835.714299885714
2022-03-01,35.2507,37.591,34.8119,35.4701,5248.424494809339
2022-03-02,35.7952,38.0664,33.3675,38.0664,7373.281639696196
2022-03-03,38.2493,41.1746,38.1761,39.9313,7946.473476978416
2022-03-04,39.8948,39.8948,38.5052,39.5291,4472.044902230989
2022-03-07,40.2239,44.6851,40.169,41.0649,13028.62858387383
2022-03-08,40.4799,48.8903,40.4799,45.5627,55753.29801244055
2022-03-09,45.6724,47.6104,44.6851,45.709,13533.726543539984
2022-03-10,44.5388,46.9888,40.7358,43.9537,10197.946948516832
2022-03-11,45.6724,48.7806,40.6993,43.9172,13957.330625577277
2022-03-14,42.8933,47.3545,42.8933,44.356,7559.514292935315
2022-03-15,45.7455,46.3672,43.6246,43.8806,11130.751031040523
2022-03-16,44.2463,45.709,44.0634,44.9776,8450.20408970449
2022-03-17,44.4657,47.0254,44.4657,46.5134,5446.963270509192
2022-03-18,47.2082,53.8451,45.9284,47.3545,99375.7674418649
2022-03-21,47.9761,56.498,47.3545,53.3515,28938.80410927569
2022-03-22,53.0224,56.8985,51.194,56.8985,13807.742870332342
2022-03-23,56.4597,67.2678,56.4597,58.5075,13227.714298349714
2022-03-24,57.959,60.1896,52.1813,57.0448,11169.857153526857
2022-03-25,57.3373,60.6284,56.35,58.2149,6269.559189662303
2022-03-28,56.7522,59.2388,55.6918,55.7284,4661.559188126303
2022-03-29,55.5455,65.6015,55.1799,62.0545,10749.534704145764
2022-03-30,62.5664,72.1104,62.5664,65.6015,19385.697977701355
2022-03-31,65.8209,68.9108,65.8209,67.0276,9637.061233695347
2022-04-01,67.4299,68.4903,56.094,58.1418,93882.0409060049
2022-04-04,57.5201,59.6045,56.2037,59.0925,25776.67757564291
2022-04-05,58.7634,60.9575,56.3866,60.9575,17817.62450681574
2022-04-06,59.2388,60.9575,56.9351,59.3485,24045.342880111544
2022-04-07,59.5679,60.9575,56.9351,60.2261,25370.575534438663
2022-04-08,59.9336,60.9209,59.5679,60.9209,5227.367351932082
2022-04-11,60.3724,60.9575,58.9463,60.6649,10689.097969394155
2022-04-12,61.8351,61.8351,57.8858,60.7746,17280.80409813969
2022-04-13,61.5425,62.4933,60.0981,61.8351,8991.126539200784
2022-04-14,62.2007,63.3709,59.7873,61.5791,7176.930619100473
2022-04-18,60.4821,61.3231,59.0194,60.4821,5364.648984716278
2022-04-19,62.3104,62.3104,60.8295,61.3963,2600.693880035265
2022-04-20,62.859,62.859,60.4455,61.3597,15026.048993945078
2022-04-21,63.0772,63.0772,53.8269,54.5582,6507.751026624523
2022-04-22,54.6313,56.9716,50.3896,51.9254,12469.930624156474
2022-04-25,51.45,54.6862,50.353,53.7903,7532.714292909714
2022-04-26,52.5836,55.8746,49.5485,51.2306,14608.734707832164
2022-04-27,49.256,52.547,49.256,51.2672,27829.33880209345
2022-04-28,52.0716,52.9493,48.013,50.9381,9413.363274297992
2022-04-29,50.2799,52.2179,43.9537,46.6231,15020.306136796737
2022-05-02,45.7455,47.8299,43.7709,47.8299,24728.742880764345
2022-05-03,46.2575,48.7257,44.9776,47.5373,7088.326537383184
2022-05-04,48.1955,48.6251,45.9649,48.0127,21842.82042902805
2022-05-05,46.7328,47.5373,41.65,42.3448,25822.893902217667
2022-05-06,41.9425,41.9425,38.4504,39.4925,16139.069403171528
2022-05-09,40.809,41.9791,40.2239,41.5403,38722.99187372382
2022-05-10,42.4179,45.709,40.7358,42.6739,39610.67350722481
2022-05-11,41.7597,42.3813,40.2239,41.7597,16789.106138486335
2022-05-12,40.9187,45.9284,40.9187,43.1493,7794.42449724134
2022-05-13,43.6246,50.7187,43.6246,47.7933,12493.448991525878
2022-05-16,46.2209,47.0619,41.7597,42.4179,7017.497965886955
2022-05-17,42.9299,44.941,41.6866,44.7948,31047.253090881568
2022-05-18,43.7343,47.0802,43.1493,43.259,16116.64491335419
2022-05-19,43.2224,49.2194,43.1493,46.6963,11884.159195025504
2022-05-20,47.391,48.4515,46.4403,48.1224,5829.000005568
2022-05-23,49.0,52.4007,44.2828,45.7821,22554.38777664653
2022-05-24,45.0873,46.2757,42.8201,43.7343,21372.17961225195
2022-05-25,47.1716,47.1716,44.7948,45.5261,8598.424498009339
2022-05-26,46.422,46.6597,45.1239,45.2336,9995.579601384752
2022-05-27,45.709,47.647,45.0142,46.4769,11674.681643804995
2022-05-31,49.1097,50.3164,44.1,44.4291,18170.126547968783
2022-06-01,44.4291,44.8313,41.4306,44.3194,14589.04491189499
2022-06-02,44.1,45.4347,42.491,45.3799,11678.23674584921
2022-06-03,44.8313,47.8847,44.5022,45.453,10660.110214264429
2022-06-06,46.3672,46.3672,43.1127,43.8806,19610.489814650777
2022-06-07,44.3377,45.2153,43.7526,44.8679,15055.310218462824
2022-06-08,43.9537,46.7146,43.9537,45.6724,16852.551036506124
2022-06-09,45.3433,49.0731,45.1056,46.806,9224.942865954745
2022-06-10,45.709,45.8369,41.2478,45.0142,18502.118385020603
2022-06-13,43.4052,44.8679,41.3943,41.7231,28973.808190941774
2022-06-14,41.6866,42.9664,40.6993,42.2168,19244.314304096915
2022-06-15,41.7049,45.8552,41.4672,44.9776,24602.946962276837
2022-06-16,44.6485,44.8313,43.4235,44.6485,15821.571443684572
2022-06-17,44.6485,48.8172,43.4418,44.5388,27067.179617691952
2022-06-21,41.7597,45.2701,41.7231,44.8313,27357.33063837728
2022-06-22,45.0507,53.0224,44.8679,49.3657,27810.742883708343
2022-06-23,49.9873,50.8284,47.391,49.6948,17319.089812461974
2022-06-24,49.7313,61.9813,47.903,60.5187,157351.00423193807
2022-06-27,60.6284,61.2866,54.8873,55.3993,28258.41227189107
2022-06-28,55.7284,57.959,51.9619,54.741,12689.526542733583
2022-06-29,54.156,57.2276,49.3657,56.5328,12545.40817524898
2022-06-30,55.3993,62.859,53.3881,57.1545,17751.444914915788
2022-07-01,57.5567,62.1642,57.5567,61.9082,9393.126539584784
2022-07-05,60.8478,63.9194,56.3134,56.4597,28985.8408440145
2022-07-06,56.094,57.3007,55.6918,56.35,8588.853069428767
2022-07-07,56.9716,59.2388,55.2896,56.6425,29368.97145662537
2022-07-08,56.6791,65.8209,55.8381,64.2851,14702.808177309782
2022-07-11,64.3948,67.0638,56.35,57.8127,12819.971440817371
2022-07-12,57.447,57.447,52.2545,55.0701,7133.722455793894
2022-07-13,53.7537,56.4231,52.9127,55.8746,16329.40409723089
2022-07-14,54.5948,67.3267,54.1194,62.5299,18937.20818135458
2022-07-15,64.5045,67.247,63.3709,65.8209,16041.167362261682
2022-07-18,60.7381,64.7604,55.1799,57.6299,83469.42048789524
2022-07-19,57.3739,60.7381,56.9351,59.3851,24361.2000232704
2022-07-20,58.6172,65.053,58.4343,64.6142,58529.55923958231
2022-07-21,65.0713,69.5873,63.0784,67.3201,63260.85312165277
2022-07-22,66.5522,69.1119,65.0896,66.1866,42058.49799935895
2022-07-25,67.6493,77.4858,67.4664,69.5507,117222.9266425864
2022-07-26,68.1978,71.4522,63.8463,69.5873,51771.58372292285
2022-07-27,69.7701,79.3142,69.7701,74.0485,81527.51436359133
2022-07-28,73.0612,79.0948,72.2567,76.0963,36405.61227967347
2022-07-29,76.0231,81.7642,74.1688,81.3619,92692.44906813388
2022-08-01,81.3619,88.2,79.0582,83.8119,56989.92658505039
2022-08-02,84.1045,84.8724,81.8373,83.9948,29934.506151043133
2022-08-03,85.5306,90.8694,82.1664,86.5545,15949.555117276212
2022-08-04,86.4082,101.766,86.4082,91.3082,33871.918399702205
2022-08-05,89.8455,96.7933,89.4067,91.4179,28493.322476197096
2022-08-08,91.2716,97.1224,87.0299,90.5037,11092.19184733022
2022-08-09,89.0045,90.9791,82.6052,89.4433,15787.661239570549
2022-08-10,91.9664,91.9664,85.4209,88.8582,18175.04899695308
2022-08-11,88.7119,90.3209,85.7866,87.2493,8937.253069761568
2022-08-12,88.5657,96.2448,87.8288,94.3067,9794.03266241672
2022-08-15,92.2224,97.4881,92.2224,93.3925,13454.967359791282
2022-08-16,89.553,89.7724,80.1552,81.3985,33437.10207275625
2022-08-17,80.8866,87.2858,79.4604,80.4478,18128.28573160229
2022-08-18,79.2776,82.1481,75.694,80.1187,13632.448992613878
2022-08-19,79.1313,80.594,75.9683,77.9978,10779.61633682756
2022-08-22,76.1328,79.3507,68.3806,69.8433,15674.444912931787
2022-08-23,69.0754,72.3664,68.7828,70.8306,10036.053070811167
2022-08-24,70.2455,75.3649,70.2455,72.7687,29951.18778371213
2022-08-25,73.6097,81.4716,73.1343,75.9134,12523.80409359569
2022-08-26,76.2791,80.0638,73.4269,75.4746,32141.40411233489
2022-08-29,74.853,78.3634,70.8306,75.7672,26153.791861717425
2022-08-30,74.9627,77.3396,70.3552,72.0739,16590.56736278648
2022-08-31,72.0739,76.791,71.4522,72.5127,21915.56328624039
2022-09-01,71.9276,73.756,71.1231,72.9149,7739.183680862041
2022-09-02,73.8657,73.8657,70.3918,71.306,5884.78776072333
2022-09-06,69.4776,73.5366,64.2119,65.0896,13738.82858455223
2022-09-07,65.0164,68.6366,61.4328,67.6127,12242.677562714907
2022-09-08,66.406,68.1608,64.541,66.406,4419.265310343837
2022-09-09,63.9925,68.5634,62.3836,63.8828,6940.926537242383
2022-09-12,64.2119,71.8545,60.7746,66.991,10245.804091419692
2022-09-13,66.9179,71.2328,62.6578,64.0291,8694.138783815053
2022-09-14,64.3216,71.2694,61.25,69.3679,9640.342866351544
2022-09-15,68.856,69.3679,57.0813,57.9224,25347.330636457275
2022-09-16,56.8254,58.3612,52.7299,57.5201,15092.775524621062
2022-09-19,59.5313,59.5313,54.997,57.5567,152098.47769630852
2022-09-20,56.6791,57.4653,50.4996,57.0448,50266.681680669
2022-09-21,54.8507,57.8858,52.1085,54.4119,53049.23270373511
2022-09-22,54.4851,55.5821,52.419,54.5948,17342.60817983138
2022-09-23,53.1321,55.1433,51.2672,54.0097,13618.775523213062
2022-09-26,54.4851,57.7391,52.9493,56.5694,78091.09803377817
2022-09-27,56.8254,59.0925,53.3881,58.6903,32321.073500261617
2022-09-28,58.4709,67.7041,58.4709,65.2358,6349.959189739102
2022-09-29,62.7127,68.6666,56.1306,57.4836,10485.089805933976
2022-09-30,56.5328,66.5522,55.0701,60.6284,13821.41633973316
2022-10-03,60.9209,67.6127,55.6918,58.2149,11606.0408274129
2022-10-04,58.9097,62.1642,58.2881,60.994,10702.497969406955
2022-10-05,59.2754,61.5425,56.8802,60.2993,9330.502049729046
2022-10-06,60.6649,64.4131,54.8507,58.544,17832.665323156638
2022-10-07,58.1418,60.7746,56.0575,59.9701,15556.306137308737
2022-10-10,58.5075,66.0037,58.5075,61.0672,6845.7591902127015
2022-10-11,60.8112,61.9996,58.5806,60.994,4843.142861769143
2022-10-12,58.8366,63.7914,58.8366,61.5791,15996.865321403036
2022-10-13,59.641,69.8799,59.641,69.0022,10535.955112105012
2022-10-14,69.5142,75.4381,67.3201,70.8306,7903.265313671837
2022-10-17,72.0007,75.3649,69.1851,73.4634,10602.681642780995
2022-10-18,76.4254,79.1675,75.5478,77.3396,12578.771440586972
2022-10-19,76.8276,80.8134,74.9286,77.3396,17334.951036966922
2022-10-20,77.8881,78.6194,72.4988,73.7925,4440.595922609111
2022-10-21,67.6493,74.2679,67.1922,74.1582,26259.89798426776
2022-10-24,75.0358,79.9083,70.794,75.8403,6581.314292000914
2022-10-25,76.6082,80.0821,76.0049,76.791,8969.79592693551
2022-10-26,75.9866,78.6194,73.6989,73.9022,8678.551028698123
2022-10-27,74.8896,74.9993,67.3201,68.6366,65899.01230784628
2022-10-28,68.5269,80.4478,68.5269,71.9276,30565.126559808785
2022-10-31,72.5858,73.1343,70.1724,71.3425,12394.726542451985
2022-11-01,71.306,75.1638,66.15,70.794,7566.624497023738
2022-11-02,70.9403,71.1231,66.0403,69.4045,5316.244903037387
2022-11-03,69.2582,73.4086,68.0515,69.6604,19749.959202539103
2022-11-04,70.4284,78.2172,68.5634,74.9627,13239.473482034417
2022-11-07,74.9993,77.7966,61.2866,65.309,56252.92658434639
2022-11-08,65.0896,71.4957,64.1937,66.6254,12570.293889558468
2022-11-09,65.309,67.6493,62.5299,65.0164,33159.25717453166
2022-11-10,65.8209,74.7067,65.8209,73.6828,5309.681637724996
2022-11-11,74.9261,82.1299,69.5507,70.794,16980.534710097763
2022-11-14,70.209,73.2806,68.0515,70.8306,14728.2408303953
2022-11-15,72.2201,72.2201,63.9925,71.1963,17080.077567335706
2022-11-16,71.1963,72.659,69.9164,72.2201,5482.240821563299
2022-11-17,71.2328,74.2496,69.0754,70.5015,9901.779601295151
2022-11-18,71.3791,74.2313,64.1937,65.7843,79638.11436178653
2022-11-21,65.4552,67.5396,64.2485,64.3948,8690.03674299481
2022-11-22,64.7239,70.2455,64.7239,69.0754,90037.06131049534
2022-11-23,70.3918,72.9881,65.4918,66.7716,123443.26134240576
2022-11-25,70.1358,70.1358,66.5522,68.2709,8148.840824110498
2022-11-28,66.15,68.3989,57.2642,58.4709,12908.848991922678
2022-11-29,58.5806,65.8209,58.5257,61.9813,12774.302053018646
2022-11-30,60.7015,70.0993,56.8985,68.8925,82545.91436456412
2022-12-01,65.8209,68.5269,63.3712,67.3567,50403.9633134532
2022-12-02,66.406,67.8687,63.0418,66.9545,19670.65308001437
2022-12-05,65.4918,66.6254,62.1642,65.8209,24963.379615682352
2022-12-06,65.7843,68.7828,52.4007,65.9306,218722.1838823981
2022-12-07,64.9799,75.4381,63.7731,73.7194,20090.15512123141
2022-12-08,72.8052,90.6683,72.8052,88.9313,42025.681672797
2022-12-09,92.9172,94.6724,86.0791,90.65,32026.82043875605
2022-12-12,94.4164,112.59,94.0325,111.603,144948.89401600967
2022-12-13,109.007,111.53,83.3731,96.1716,192303.1267143048
2022-12-14,95.294,95.9522,89.9187,94.0507,79858.53068852768
2022-12-15,90.1015,96.9396,89.5164,93.7948,32545.591867823023
2022-12-16,91.4179,98.1828,85.9328,95.0746,101365.25723968366
2022-12-19,95.8791,100.413,92.8075,95.4769,34900.436768031606
2022-12-20,95.1112,95.9522,90.7597,94.3067,26134.37553516826
2022-12-21,94.9649,99.5724,93.0817,96.6104,28097.61227173747
2022-12-22,95.9157,100.69,94.709,96.2448,6297.179597851951
2022-12-23,98.1463,102.461,94.2701,102.059,11820.440827617698
2022-12-27,102.425,104.107,95.3306,102.096,14924.865320379038
2022-12-28,102.425,105.313,99.481,99.8284,21610.09797982616
2022-12-29,100.779,106.026,95.8425,104.07,18187.355119413813
2022-12-30,103.741,110.579,101.072,107.142,37648.8041175957
2023-01-03,107.507,108.166,95.9157,98.841,45550.42861493943
2023-01-04,95.8425,100.487,95.8425,98.3657,25155.0816566818
2023-01-05,96.0254,98.4754,95.8425,98.256,18737.02858932663
2023-01-06,99.1336,100.377,91.6373,93.7582,32908.48574572069
2023-01-09,94.3067,95.8791,87.3955,91.0522,33870.55105276212
2023-01-10,90.0284,97.4149,90.0284,95.0381,22153.755123202613
2023-01-11,94.6724,100.157,91.2351,92.5149,26076.946963684837
2023-01-12,92.5881,95.0746,82.7152,85.8597,49692.39596583472
2023-01-13,84.6164,91.7836,83.1903,91.6007,18199.38777248653
2023-01-17,90.1381,91.8019,84.8724,91.1985,29109.722476785893
2023-01-18,91.7104,95.806,84.8895,87.2127,29852.73880402625
2023-01-19,85.75,86.847,85.1649,85.7134,10757.465316398237
2023-01-20,87.3955,89.4067,84.2142,87.3224,18502.391854408623
2023-01-23,87.3224,87.7612,79.4604,84.4701,10129.579601512753
2023-01-24,83.5925,87.0299,78.656,86.3716,13912.481645942597
2023-01-25,85.9328,89.553,82.7149,87.7246,16277.718382895804
2023-01-26,88.456,89.1507,81.7276,84.397,20853.40818318498
2023-01-27,83.9582,88.7485,78.8022,86.7007,56160.76740058488
2023-01-30,86.591,89.3884,84.0313,86.6276,9991.204091176489
2023-01-31,86.8836,88.584,82.6052,83.556,8068.167354645682
2023-02-01,82.8978,85.8963,78.528,84.2507,377850.1921976663
2023-02-02,86.3716,90.0284,84.0313,89.1873,97567.31437891292
2023-02-03,87.2493,91.2716,86.2985,89.6261,14646.746952766434
2023-02-06,88.2366,93.0634,86.7922,91.4179,20683.036754450808
2023-02-07,92.6612,94.5993,87.9075,93.5022,16238.61226040947
2023-02-08,94.453,96.7933,92.0578,93.5022,9116.102049524245
2023-02-09,93.9776,93.9776,84.7228,88.3463,20529.07348899762
2023-02-10,88.3828,88.7485,84.8724,88.1269,11694.097970354156
2023-02-13,87.944,88.3646,84.6164,86.2985,9915.726540083984
2023-02-14,87.7612,93.356,86.7007,89.5896,7676.01225223027
2023-02-15,86.7739,96.9396,86.7739,96.4276,10061.759193284704
2023-02-16,96.3179,99.3164,93.4291,97.9634,10738.048989849078
2023-02-17,98.841,103.522,95.0381,101.291,8484.114293818515
2023-02-21,99.9015,103.96,96.4825,99.1701,13694.526543693584
2023-02-22,99.0604,103.492,93.0634,93.4291,7141.653068046368
2023-02-23,93.941,96.2448,90.0284,92.003,34866.800033305604
2023-02-24,86.927,92.6978,86.927,92.4784,36229.49799379096
2023-02-27,93.8313,93.9776,87.8343,89.4433,9815.636744070009
2023-02-28,89.2604,90.906,87.103,89.8455,11945.41633794116
2023-03-01,93.8679,94.709,82.1664,82.1664,15728.59185175902
2023-03-02,81.3619,86.0425,80.4478,85.6403,14132.62450329574
2023-03-03,85.3478,92.9903,83.4097,91.9299,13041.20817572258
2023-03-06,91.2716,91.2716,84.8724,87.3955,17905.134710980965
2023-03-07,88.1269,89.5164,82.9343,84.2142,5483.881637891395
2023-03-08,84.397,91.2168,84.397,88.8216,20071.83267223432
2023-03-09,87.5418,89.0593,80.4478,81.8373,55199.52250170749
2023-03-10,82.2761,82.2761,75.822,80.1187,16054.293892886464
2023-03-13,78.8754,82.6052,76.6996,80.4112,6943.387761734531
2023-03-14,82.5687,84.9821,79.8261,83.7022,10089.653070862369
2023-03-15,81.6545,83.1172,75.694,80.3746,42518.74697939044
2023-03-16,79.497,86.1705,76.4349,77.9612,8136.261232261747
2023-03-17,77.9612,78.8388,71.2328,73.0978,28850.47349694641
2023-03-20,73.2806,76.9739,72.659,75.95,18026.00818048418
2023-03-21,76.7545,83.8485,76.0049,80.9231,10069.142866761144
2023-03-22,81.1791,81.1791,75.8769,77.0836,15619.477565940506
2023-03-23,77.0836,79.241,74.6153,79.241,12560.99593036591
2023-03-24,78.4366,78.4366,74.6427,77.1933,24786.17145224777
2023-03-27,77.0104,80.9597,75.2918,76.8276,14198.80409519569
2023-03-28,76.5351,78.1075,66.8082,70.0993,13941.742870460344
2023-03-29,72.4396,72.4396,64.3948,70.5381,25093.551044378124
2023-03-30,71.306,72.8052,63.956,70.5746,24096.4816556706
2023-03-31,70.0627,75.566,70.0627,73.756,56777.98780933773
2023-04-03,73.8657,76.791,66.991,71.306,35906.80411593169
2023-04-04,71.891,71.891,65.0896,69.0754,32814.9592150191
2023-04-05,69.1119,71.3425,64.4679,67.8321,15259.59185131102
2023-04-06,66.8448,68.0515,63.9925,66.8448,27600.44492432379
2023-04-10,66.6254,66.7351,62.2373,66.3328,20331.0816520738
2023-04-11,66.1134,70.209,65.1627,68.5634,19645.493896316864
2023-04-12,69.7336,69.7336,64.7239,65.7843,9919.281642128197
2023-04-13,65.4918,68.6366,64.3948,65.9672,13052.146951243234
2023-04-14,66.2597,66.406,59.2388,61.7619,29508.987783289733
2023-04-17,62.1642,67.0276,62.1642,66.3694,15821.02450490854
2023-04-18,66.3694,67.8687,65.2724,67.2836,17406.326547239183
2023-04-19,66.991,67.5396,64.3582,66.406,9838.061233887349
2023-04-20,65.894,67.9418,65.8209,66.9545,13343.118380092605
2023-04-21,66.8082,76.1694,66.8082,71.3425,17789.45715985006
2023-04-24,64.6142,71.8545,64.6142,71.0866,13945.844911280588
2023-04-25,70.6843,73.7377,65.3821,68.6366,31375.689825889174
2023-04-26,68.5269,69.8799,67.2836,69.0388,8250.024497676539
2023-04-27,69.4776,78.2903,69.4776,77.7418,35732.87758515331
2023-04-28,77.3761,78.0343,74.4873,76.6813,15452.661239250549
2023-05-01,75.4015,77.7784,73.3172,77.3396,63639.60822405538
2023-05-02,77.3396,85.6769,75.8769,75.8769,21885.75512294661
2023-05-03,76.0231,82.6418,75.5478,79.497,46418.967391279286
2023-05-04,79.1313,79.1313,67.8687,76.6813,16540.795934167512
2023-05-05,77.3396,80.9597,73.9388,80.4843,13911.114299002516
2023-05-08,79.8261,84.7627,77.2299,80.2649,14206.734707448164
2023-05-09,79.8261,80.6306,74.9993,79.8261,6972.375516864261
2023-05-10,80.8866,80.8866,75.0358,77.303,11827.277562318106
2023-05-11,76.2791,77.1201,74.4507,75.95,8003.081640297796
2023-05-12,72.4396,77.559,72.4396,77.1933,19580.134712580963
2023-05-15,76.4619,83.1537,75.4746,77.0836,6109.853067060768
2023-05-16,74.0485,75.4746,69.3313,71.3425,12217.518379017403
2023-05-17,71.306,72.6224,66.1134,71.1597,24327.01634976836
2023-05-18,71.0134,71.0134,66.0586,70.0993,7490.6000071552
2023-05-19,71.306,71.306,67.6493,67.7955,7131.261231301747
2023-05-22,68.0515,68.9108,62.859,65.8209,18920.25307929757
2023-05-23,65.6381,66.3328,63.2978,64.3216,27469.453087463968
2023-05-24,63.5537,65.7843,61.9813,62.859,10537.322459045095
2023-05-25,62.7858,66.3694,54.8927,63.7366,7102.273476172017
2023-05-26,63.2612,65.3455,62.1459,64.3582,14180.20817681058
2023-05-30,65.0164,65.8209,57.5933,57.9224,26527.897984523755
2023-05-31,57.6299,62.9687,55.253,59.4216,24938.767370760885
2023-06-01,59.4582,63.3343,57.191,61.3963,33799.44901187788
2023-06-02,62.2373,62.8955,59.7873,61.1037,23458.75104281652
2023-06-05,61.1403,61.1403,57.2276,58.2515,14096.526544077586
2023-06-06,58.2149,62.7127,57.0448,59.6045,26141.21226986867
2023-06-07,59.6045,62.0545,57.9224,60.8478,28265.24900659148
2023-06-08,60.8478,63.0784,58.7086,60.8843,34796.24493119739
2023-06-09,61.1037,62.7127,57.4495,57.9224,50722.55515049222
2023-06-12,58.1418,58.8731,56.7522,57.2276,38614.69799606936
2023-06-13,58.3795,63.9231,57.7761,63.7,83011.63273235592
2023-06-14,65.7843,65.7843,61.2866,61.9448,33334.55105225013
2023-06-15,62.4201,62.6396,61.1037,61.7985,24920.44492176379
2023-06-16,63.3709,63.3709,59.4582,60.3358,14560.877564929307
2023-06-20,60.4821,61.7619,57.4763,59.9701,21698.42859215543
2023-06-21,59.0925,61.2317,57.959,61.0672,14279.477564660509
2023-06-22,60.7746,60.7746,58.5075,59.1291,8875.99592684591
2023-06-23,58.6537,59.8239,56.9351,58.5075,181430.8042549397
2023-06-26,60.1164,61.4877,58.4343,60.7381,15831.142872265144
2023-06-27,60.5187,61.3231,56.4597,57.1545,18799.926548570384
2023-06-28,57.0448,59.4216,54.8507,59.056,25211.142881225143
2023-06-29,58.7269,61.3231,57.7213,58.4343,8836.342865583543
2023-06-30,58.6537,63.1881,57.4104,62.7127,37990.093913840064
2023-07-03,62.6396,68.0881,62.6396,67.4299,11014.526541133584
2023-07-05,66.4425,66.4425,62.0545,62.2373,7433.718374447804
2023-07-06,60.994,63.1149,59.056,60.4455,16868.685730399087
2023-07-07,61.25,63.9925,60.5187,63.5172,36824.8408515025
2023-07-10,63.8828,68.6366,63.8463,66.1134,22921.38369536444
2023-07-11,66.5157,69.4045,65.053,65.5649,27339.82859754423
2023-07-12,66.6619,68.1978,65.6015,67.1739,33562.89799124376
2023-07-13,67.4664,69.3496,67.1647,69.0388,5943.036740370809
2023-07-14,68.3806,69.8067,65.8757,66.7351,7413.481639734597
2023-07-17,65.9306,67.8321,58.3612,59.5679,18792.542875093943
2023-07-18,59.3485,61.7985,56.5694,57.8858,13552.322461925096
2023-07-19,57.447,63.8828,57.4104,59.2754,17452.542873813945
2023-07-20,59.0194,61.0306,57.703,59.5313,24893.37145235017
2023-07-21,59.9701,62.7493,58.672,62.1276,13949.946952100834
2023-07-24,61.9448,62.5116,58.672,62.1276,13616.314298720914
2023-07-25,60.3358,62.9687,59.7873,60.6284,9740.979601141553
2023-07-26,60.7015,61.7254,60.3358,61.1403,5921.432658717518
2023-07-27,62.2739,63.1881,59.7325,60.7015,11842.59184804702
2023-07-28,61.6888,66.8631,60.2993,63.6634,16125.122464382695
2023-07-31,63.8828,64.6873,61.1037,63.8097,7805.910211538025
2023-08-01,61.5791,62.2373,59.7142,61.3231,19821.8816515874
2023-08-02,60.5552,61.6211,59.8422,60.4455,41756.040856212894
2023-08-03,60.3724,61.8534,58.1235,60.2993,12844.310216350828
2023-08-04,60.2993,61.122,59.2937,59.7873,29548.093905776062
2023-08-07,60.2261,60.2261,55.4724,55.8381,41180.93473321456
2023-08-08,55.8381,57.575,54.7045,56.094,16532.59185252702
2023-08-09,55.6552,57.5567,55.3627,56.6791,18114.06532342544
2023-08-10,56.4597,57.191,54.3754,55.1433,5622.257148227657
2023-08-11,55.0701,56.094,54.1377,55.9843,11316.163276115592
2023-08-14,54.7776,57.4653,51.2306,54.6679,27865.43676131161
2023-08-15,54.8507,56.3866,50.4627,54.0463,33305.5632971204
2023-08-16,54.6679,55.2164,53.6806,54.7776,27853.951047014925
2023-08-17,55.1067,56.3317,54.0828,54.4119,25038.583697386843
2023-08-18,53.7537,55.6552,52.5104,52.6201,21564.15512263941
2023-08-21,52.6201,53.4612,51.8157,53.0224,22892.66940962273
2023-08-22,53.8269,55.9478,53.4612,55.7649,20777.38369331644
2023-08-23,56.1672,56.7888,54.8142,55.253,15588.302055706648
2023-08-24,54.8507,57.7761,54.4851,57.0813,16898.22042430485
2023-08-25,57.4836,58.0687,55.5455,56.1306,12543.22042014485
2023-08-28,56.5328,58.8,56.094,56.3134,12927.718379695803
2023-08-29,57.3373,60.3724,57.191,58.4343,9793.485723640686
2023-08-30,57.3373,60.1164,57.3373,58.5075,12077.228582965028
2023-08-31,58.5075,61.4328,57.9224,58.1052,25663.461249004147
2023-09-01,58.3246,59.3119,55.8015,57.4104,11190.640827016095
2023-09-05,56.3134,57.5567,54.997,55.5455,21316.66532648464
2023-09-06,55.9112,55.9112,53.644,54.8507,19222.43675305561
2023-09-07,54.8873,54.8873,51.3769,51.4134,10945.065316577437
2023-09-08,51.45,52.0351,49.3474,50.0604,13633.542870165944
2023-09-11,50.4993,50.9381,48.616,48.744,11719.257154051658
2023-09-12,49.256,50.9381,48.3784,50.4261,14481.571442404573
2023-09-13,49.841,51.2672,49.841,49.9507,14487.314299552916
2023-09-14,50.2067,52.2179,49.5119,51.2672,23815.62859417783
2023-09-15,50.8649,51.0478,47.0619,48.0858,70028.94700566883
2023-09-18,48.159,50.3164,47.4276,49.1828,15335.342871791545
2023-09-19,50.097,50.3164,47.903,49.256,19328.269406217925
2023-09-20,50.0239,50.0239,46.2575,47.7201,25875.126555328785
2023-09-21,47.5739,47.647,44.941,47.1716,23595.7592062127
2023-09-22,47.6836,49.1097,47.0283,48.8537,16032.41634184516
2023-09-25,48.8172,49.1097,47.3545,48.2321,17856.457159914058
2023-09-26,47.4642,48.8172,47.4642,47.903,30351.27349838002
2023-09-27,47.5739,50.2067,47.5739,49.8045,8024.138783175053
2023-09-28,51.0843,51.0843,49.1097,50.1336,8631.514293959315
2023-09-29,49.9873,50.5358,48.2321,49.6216,9480.363274361993
2023-10-02,49.6582,50.1701,47.9213,48.5612,48181.4775970445
2023-10-03,48.2321,49.9507,46.3338,48.7806,22863.40818510498
2023-10-04,49.0731,50.0604,47.7201,49.0731,10026.755111618611
2023-10-05,49.4022,50.4993,48.5246,49.841,33819.41227720307
2023-10-06,48.9634,50.5175,48.3418,49.1097,14892.04899381708
2023-10-09,48.3784,48.3784,46.3767,47.5373,23829.84900235468
2023-10-10,47.5007,48.0127,45.0507,46.4037,34710.375543360264
2023-10-11,47.0619,47.9396,43.6612,43.844,19942.755121090613
2023-10-12,43.1858,43.6978,38.4321,39.2731,59828.538832659855
2023-10-13,39.4925,42.2716,38.838,40.2239,16320.926546202383
2023-10-16,40.1142,41.2112,38.5601,38.9806,23151.097981298157
2023-10-17,39.0172,41.394,39.0172,41.1381,20511.571448164574
2023-10-18,40.553,42.0445,40.553,41.5403,13258.342869807544
2023-10-19,41.394,42.8201,40.2604,41.5769,11915.881644035397
2023-10-20,41.6866,43.6246,40.4799,40.6993,11927.914297108116
2023-10-23,40.6993,41.8328,38.4687,40.3336,14400.077564775704
2023-10-24,40.1507,42.6739,40.1507,40.7724,13678.665319188638
2023-10-25,40.3701,40.9918,36.0552,36.4209,18471.763282950797
2023-10-26,35.8358,38.3041,35.397,36.75,16388.2000156544
2023-10-27,36.5672,36.6586,34.4463,35.0313,18376.869405309128
2023-10-30,34.4097,36.8231,34.4097,36.494,15109.45715729006
2023-10-31,36.8963,38.9075,36.8963,38.7978,11893.183684830045
2023-11-01,38.103,39.8582,36.4026,38.9075,13487.783686353245
2023-11-02,39.7119,41.4306,38.4138,40.5347,32172.853091956767
2023-11-03,41.6134,43.6978,40.1876,41.9425,19789.33879441345
2023-11-06,42.491,45.197,40.6627,41.7597,15709.99593337391
2023-11-07,42.6556,44.7948,41.4306,44.7582,19635.648998348275
2023-11-08,44.941,44.9776,39.9558,42.7836,15453.481647414595
2023-11-09,42.3996,42.6373,38.944,40.2239,14958.228585717028
2023-11-10,39.2183,42.966,38.5784,41.5403,14515.481646518596
2023-11-13,41.2112,46.1807,40.5896,45.0507,38808.314322784914
2023-11-14,48.5978,51.9254,46.0015,51.7425,35887.934728158565
2023-11-15,52.803,54.1194,50.8649,53.2784,21699.522469707492
2023-11-16,53.3515,54.4485,50.0604,50.8284,21292.6000203392
2023-11-17,51.1575,53.3515,49.3657,52.9858,20436.36736646008
2023-11-20,51.5231,53.8269,51.5231,53.059,11381.522459851494
2023-11-21,52.1082,54.156,51.6694,53.0224,11759.183684702042
2023-11-22,53.9731,56.5694,53.9183,55.8746,18205.130629634878
2023-11-24,56.3134,58.9828,54.9604,58.1052,7381.21225194867
2023-11-27,57.3373,60.9575,57.3373,58.4709,25532.469412144328
2023-11-28,58.5075,59.3485,56.35,58.2881,21484.57553072666
2023-11-29,58.6903,60.866,58.0687,58.3612,17145.16328168359
2023-11-30,58.5075,59.1291,56.4597,57.447,66907.84088023851
2023-12-01,57.959,60.153,56.1672,59.0925,28728.77961927915
2023-12-04,58.4343,62.219,58.4343,60.6284,11341.869398589128
2023-12-05,60.2627,60.5187,58.6903,58.9463,11201.306133148735
2023-12-06,58.8,60.0799,57.447,59.3485,16058.669403094727
2023-12-07,59.9701,61.1769,57.959,60.8843,11335.853072052769
2023-12-08,61.506,64.2851,60.2993,62.3104,18882.2408343633
2023-12-11,62.2739,62.4201,60.6649,60.7746,7718.4000073728
2023-12-12,60.5187,62.3836,58.0687,60.9209,10936.861234936949
2023-12-13,61.2134,71.306,61.2134,69.9896,33902.00003238401
2023-12-14,71.306,74.0668,69.0571,71.3791,57274.8816873634
2023-12-15,72.5493,72.5493,64.8336,65.8209,94522.23274335112
2023-12-18,65.8575,70.8672,61.9448,62.1642,60771.73475192816
2023-12-19,62.1642,70.8489,62.1642,70.8306,16657.840832238497
2023-12-20,70.7575,75.8403,68.0149,68.1978,15199.975524723464
2023-12-21,69.2948,76.3522,69.2948,73.5731,17468.677567706905
2023-12-22,74.7433,80.9597,74.7433,76.4985,18505.673487064814
2023-12-26,77.5955,85.4209,76.7362,84.8358,23672.60410424529
2023-12-27,85.9694,89.5896,84.5433,88.6754,22207.0816538658
2023-12-28,88.5657,88.5657,81.7642,86.1888,28307.910231122027
2023-12-29,86.1522,88.2731,78.8022,82.7515,21627.6000206592
2024-01-02,82.2761,84.8724,77.7052,79.753,13694.526543693584
2024-01-03,80.009,80.009,74.1582,74.9993,14976.277565326109
2024-01-04,75.3284,76.2791,72.1104,74.1948,13293.346951473632
2024-01-05,72.6955,73.4269,66.5522,71.7082,18674.130630082876
2024-01-08,72.0007,72.8418,67.7955,72.4761,33693.06941993953
2024-01-09,70.6843,75.95,70.0261,74.3776,10542.244908029388
2024-01-10,74.1216,78.7287,71.0134,73.756,22493.13063373087
2024-01-11,72.5858,77.3944,70.3004,75.4015,8619.20817149858
2024-01-12,77.1933,80.2284,73.4269,73.4634,9364.41225384307
2024-01-16,72.4761,73.4269,70.6112,71.9642,14168.722462513892
2024-01-17,70.3918,77.0217,70.1358,73.756,10356.285724178286
2024-01-18,73.8291,77.047,70.1358,71.4522,8344.097967154155
2024-01-19,72.3299,74.4325,70.5746,74.1216,10278.073479205616
2024-01-22,73.9022,76.206,70.9586,73.1343,17772.22858840503
2024-01-23,74.9627,77.5955,71.306,74.0851,14844.465320302235
2024-01-24,75.6209,75.6209,68.3989,70.0261,22787.383695236444
2024-01-25,70.794,73.0978,65.8575,67.1007,193041.2205925609
2024-01-26,67.6493,69.4776,62.3287,64.6507,50121.46943563232
2024-01-29,64.7604,67.0276,63.6634,66.1683,26786.053086811167
2024-01-30,65.3455,69.7519,65.3455,68.8377,15490.946953572831
2024-01-31,69.4776,75.4746,68.8051,70.6112,19291.89797761176
2024-02-01,70.5015,71.306,66.7168,68.344,17205.6000164352
2024-02-02,66.8082,67.5761,61.2134,65.6381,38508.86534290704
2024-02-05,63.7731,67.6493,61.9631,66.3328,14635.80817724578
2024-02-06,65.6381,73.9754,65.6381,73.0246,13845.20817649058
2024-02-07,73.0612,77.0104,71.3582,75.2918,14330.069401443528
2024-02-08,76.0963,80.4478,69.441,75.0724,16747.265322119838
2024-02-09,74.3776,81.1791,74.3776,78.4366,24115.89798221976
2024-02-12,76.791,81.1791,73.4451,74.597,25051.983697399643
2024-02-13,71.05,74.4142,68.344,69.4776,24739.681656285
2024-02-14,70.8672,72.6224,66.1134,70.3918,11775.318378595006
2024-02-15,71.2694,79.3142,67.5396,79.1313,17989.910221266025
2024-02-16,79.0582,81.4716,76.0963,76.4619,21947.01226586227
2024-02-20,74.853,76.8276,65.9672,68.7463,59940.66128174655
2024-02-21,68.356,71.0866,66.2231,68.9291,50502.95923191511
2024-02-22,68.0881,70.209,67.247,68.8194,26201.64900462028
2024-02-23,68.7682,73.5,68.7682,71.7813,22442.26532755984
2024-02-26,70.794,79.0948,66.1134,75.8403,19330.730630710077
2024-02-27,77.559,89.553,73.0978,86.9201,44728.65310395037
2024-02-28,85.6769,88.456,81.2409,84.4336,14049.489809338776
2024-02-29,86.847,88.3646,81.6545,84.397,14215.759197252704
2024-03-01,84.5067,88.6388,81.1974,87.1396,29666.779620175155
2024-03-04,87.6149,87.6149,81.9836,82.2396,13952.955115369014
2024-03-05,80.85,84.909,80.6672,83.5194,12109.497970750956
2024-03-06,81.7825,88.1269,81.7825,87.2858,11677.142868297144
2024-03-07,88.2366,94.5261,85.7866,89.2239,39284.97146609737
2024-03-08,89.5896,99.4444,86.006,96.9761,28737.257170307657
2024-03-11,96.3545,96.3545,88.2183,90.5769,34175.469420400324
2024-03-12,90.2112,92.1493,85.1101,88.2731,82650.92660956239
2024-03-13,88.3828,101.73,84.3239,98.6582,28487.57961904875
2024-03-14,98.256,98.256,87.5784,88.8216,20553.959203307106
2024-03-15,89.2604,100.084,89.2604,97.6343,28881.922476568296
2024-03-18,97.8172,99.1519,92.2772,96.5007,52351.33882551746
2024-03-19,95.3306,98.6034,91.6556,94.0507,27372.64492410619
2024-03-20,93.6485,99.9837,92.7343,94.6724,28153.67349628082
2024-03-21,95.7694,98.7313,93.9228,95.0746,51561.28576353828
2024-03-22,95.0746,97.9269,92.8806,94.2701,24752.53471752176
2024-03-25,96.9396,103.796,96.0254,98.5485,61421.49801785495
2024-03-26,97.0858,99.9106,88.7485,93.7948,74205.09803006616
2024-03-27,100.157,107.361,93.6851,104.216,252234.4900368588
2024-03-28,106.081,109.665,99.097,108.129,59319.61230156147
2024-04-01,111.274,118.532,103.449,112.444,80879.11844460461
2024-04-02,106.63,109.592,104.034,108.166,46298.09392177607
2024-04-03,106.045,110.616,103.229,106.484,49124.67351631282
2024-04-04,108.312,110.762,105.204,106.41,42063.42044834325
2024-04-05,102.388,102.388,89.3336,91.6007,67353.32251331709
2024-04-08,92.8806,97.1955,89.6261,96.8299,32762.726561907984
2024-04-09,96.5739,104.948,96.5739,102.571,36132.96329982119
2024-04-10,96.9396,101.62,95.8791,98.7679,61090.60005835521
2024-04-11,97.2321,99.097,97.0127,98.3291,38983.33473111536
2024-04-12,97.4149,99.1336,89.3701,92.2955,36402.057177629256
2024-04-15,92.6612,92.6978,88.7485,92.5149,29202.15512993541
2024-04-16,90.8694,93.5388,85.8231,86.3716,36345.44901430988
2024-04-17,87.6515,87.6515,79.753,82.2761,43533.86534770704
2024-04-18,82.0567,82.0567,76.6448,78.9851,59151.15515854341
2024-04-19,77.3761,81.947,75.8037,80.6306,59664.73066923807
2024-04-22,80.8134,83.6108,78.0709,81.0694,29961.853089844768
2024-04-23,80.4478,86.847,78.1257,84.909,40544.02452852455
2024-04-24,85.1284,87.6749,77.1567,77.5224,83218.10212030825
2024-04-25,75.7672,80.9231,72.5127,78.8754,32769.836765996406
2024-04-26,79.2045,81.8739,77.2299,79.5336,20238.64899892428
2024-04-29,80.594,80.594,74.9993,75.1455,15337.257157507656
2024-04-30,74.3776,75.6757,71.8545,73.1709,20493.24899916748
2024-05-01,72.8052,79.5336,72.147,76.206,41797.8816725794
2024-05-02,77.1567,77.559,73.9022,75.8769,34885.942890466744
2024-05-03,76.791,81.691,73.0978,74.1948,27332.99186284382
2024-05-06,74.597,76.2791,73.8657,75.4015,30368.502069825045
2024-05-07,75.5112,76.0963,72.3481,74.7433,38973.48983314678
2024-05-08,73.8291,77.5224,72.4396,76.9373,37501.95105623092
2024-05-09,76.4985,79.6799,74.597,78.8388,35130.42452335334
2024-05-10,79.2776,79.2776,71.6168,72.5127,21639.359204343906
2024-05-13,72.3664,72.9881,68.856,69.9896,63118.37557049627
2024-05-14,70.8672,75.1817,67.1739,70.5015,67508.65312571036
2024-05-15,73.244,77.1201,72.147,76.8276,91237.86539327505
2024-05-16,77.6321,82.203,76.128,80.1187,68934.52251482749
2024-05-17,79.9358,80.0821,74.0851,75.2187,37411.43268879752
2024-05-20,74.5239,76.4254,73.1343,73.756,75378.00823526818
2024-05-21,74.341,75.1455,72.0007,72.3664,31056.277580686103
2024-05-22,71.7448,71.7448,62.1642,65.8209,98406.318461347
2024-05-23,66.3328,66.3328,61.506,62.6396,79721.79599451952
2024-05-24,63.444,66.1683,60.7381,62.4933,58799.47352555442
2024-05-28,63.8097,63.8097,58.6537,58.7634,40852.771467594976
2024-05-29,57.4104,62.2739,56.7522,62.1642,64953.35516408581
2024-05-30,63.0418,66.2231,61.25,64.5776,58303.12658630479
2024-05-31,65.0896,67.7041,61.6888,63.8097,81733.71028215562
2024-06-03,64.4313,67.119,62.1276,63.5172,88043.19600246832
2024-06-04,62.7127,63.5903,59.5679,59.7507,60135.9184247902
2024-06-05,60.3358,70.9769,57.6299,69.1119,117821.27766356611
2024-06-06,68.3075,72.8418,63.9925,72.8052,134907.09808805017
2024-06-07,70.7209,78.016,70.7209,75.8403,125729.46542622225
2024-06-10,75.109,82.1299,74.597,79.9358,105868.20418276048
2024-06-11,79.4239,82.6784,78.2537,81.3619,83607.5225288435
2024-06-12,85.494,87.2127,79.7164,84.1776,81794.14701690724
2024-06-13,84.1776,90.586,82.3127,89.8821,68379.65312654237
2024-06-14,87.944,92.4601,86.9567,90.0284,99980.95519754502
2024-06-17,8.81269,9.17836,5.48507,6.03358,6893549.059646107
2024-06-18,5.88731,5.96045,5.1194,5.15597,1384640.8707103971
2024-06-20,4.97313,5.33881,4.5709,5.33881,1315665.0543179791
2024-06-21,5.85075,6.21642,5.52164,5.70448,1532265.3892187586
2024-06-24,5.52164,5.59478,5.04627,5.48507,765236.5354248497
2024-06-25,5.33881,5.52164,5.24739,5.30224,328016.13908883906
2024-06-26,5.33881,5.36221,4.97313,5.26567,387547.4166967252
2024-06-27,5.15597,6.47239,5.06455,6.10672,995011.2580933158
2024-06-28,5.96045,6.32612,5.55821,6.07015,696209.0333180967
2024-07-01,5.99701,6.47239,5.92388,6.21642,346945.69012732914
2024-07-02,6.28955,6.30784,5.9056,5.92388,222203.72266123389
2024-07-03,5.99701,6.21642,5.74104,6.17985,165320.7226068979
2024-07-05,6.07015,6.10672,5.77761,5.88731,193148.69406205128
2024-07-08,5.96045,6.69179,5.92388,6.36269,502382.13517376495
2024-07-09,6.32612,6.39925,5.96045,6.14328,130179.63277741193
2024-07-10,5.99701,6.39925,5.99701,6.39925,148881.65728507246
2024-07-11,6.58209,7.05746,6.54552,6.87463,226775.8573594789
2024-07-12,6.94776,7.09769,6.61866,6.61866,153440.1185139166
2024-07-15,6.76493,6.94776,6.58209,6.94776,91535.94702621285
2024-07-16,6.87463,7.31343,6.87463,7.27687,130153.37971616237
2024-07-17,7.27687,7.31343,6.91119,6.91119,119174.67766485891
2024-07-18,6.94776,7.09403,6.36269,6.65522,118987.89807284376
2024-07-19,6.69179,6.87463,6.47239,6.50896,68507.91026952202
2024-07-22,6.43582,6.76493,6.3444,6.72836,107008.29806140056
2024-07-23,6.69179,6.91119,6.54552,6.56381,84420.27355002801
2024-07-24,6.50896,7.09403,6.50896,6.91119,99688.61642175556
2024-07-25,6.83806,7.18545,6.80149,7.0209,59545.22454667494
2024-07-26,7.20373,7.60597,6.39925,7.35,382821.04526363895
2024-07-29,7.31343,7.3862,6.87463,6.91119,70222.83680177241
2024-07-30,6.91119,7.0209,6.58209,6.65522,167015.9593432111
2024-07-31,6.76493,7.00261,6.50896,6.65522,122829.04909692108
2024-08-01,6.69179,6.72836,6.44021,6.54552,89134.33886065346
2024-08-02,6.28955,6.58209,6.15828,6.32612,78662.9225241203
2024-08-05,5.92388,6.25299,5.88731,5.99701,116020.7552128666
2024-08-06,5.96045,6.28955,5.88731,5.99701,111236.681738909
2024-08-07,6.10672,6.14328,5.92388,6.10672,106983.41234709109
2024-08-08,6.10672,6.25299,5.96447,6.21642,69924.20823005858
2024-08-09,6.25299,6.36269,5.97873,6.17985,96935.05315381916
2024-08-12,6.17985,6.32612,6.03358,6.28955,47015.67759593091
2024-08-13,6.25299,6.47239,6.21642,6.39925,55963.59597182511
2024-08-14,6.39925,6.43582,6.125,6.28955,26315.685739423086
2024-08-15,6.47239,6.80149,6.32612,6.54552,39066.19595568432
2024-08-16,6.54552,6.69179,6.32612,6.50896,39517.42044591125
2024-08-19,6.60037,6.80149,6.50896,6.72836,51076.97147736137
2024-08-20,6.72836,6.80149,6.50896,6.65522,22285.293898838463
2024-08-21,6.69179,6.91119,6.69179,6.87463,50587.46127281215
2024-08-22,6.98433,7.04649,6.67351,6.72836,36169.8816672034
2024-08-23,6.94776,6.98433,6.69179,6.83806,48111.19596432431
2024-08-26,6.83806,7.16716,6.76493,7.1306,118842.9592971951
2024-08-27,7.1306,7.1306,6.76493,6.87463,39900.82452791014
2024-08-28,6.76493,6.83806,6.63694,6.80149,45185.89392071367
2024-08-29,6.87463,7.0209,6.72836,6.76493,63309.25720333166
2024-08-30,6.76493,7.05746,6.63694,7.05746,52233.74698867044
2024-09-03,6.98433,7.20373,6.69179,6.80149,56012.82046166805
2024-09-04,6.76493,6.94776,6.69179,6.94776,44766.66534888464
2024-09-05,6.83806,7.09403,6.80149,7.09403,118711.14705217125
2024-09-06,7.0209,7.18545,6.76493,6.94776,46668.644942538194
2024-09-09,6.80149,7.14888,6.80149,7.0209,31197.38778490253
2024-09-10,6.98433,7.09403,6.83806,6.91119,43174.25310246557
2024-09-11,6.94776,7.07575,6.76493,7.0209,56651.09801329816
2024-09-12,7.09403,7.09403,6.83806,6.87463,41986.30208092264
2024-09-13,6.91119,7.20373,6.89291,6.94776,69814.82047485205
2024-09-16,6.94776,7.1306,6.85634,6.98433,43848.90208270185
2024-09-17,7.0209,7.16972,6.87463,6.98433,61991.681691869
2024-09-18,6.87463,7.31343,6.87463,6.98433,64802.67353128882
2024-09-19,7.16716,7.31343,6.87463,7.2403,66417.23679813721
2024-09-20,7.20373,7.2765,6.94776,6.94776,137013.90625332794
2024-09-23,7.0209,7.0209,6.72836,6.91119,64992.73475596017
2024-09-24,7.1306,7.2403,6.94776,7.14888,92622.98784357774
2024-09-25,7.16716,7.25858,7.0209,7.20373,76182.82864420023
2024-09-26,7.2403,7.60597,7.03223,7.60597,42213.82861175224
2024-09-27,7.5694,7.71567,7.49627,7.53284,36511.99187161183
2024-09-30,7.49627,7.7186,7.42313,7.64254,20810.2000198784
2024-10-01,7.5694,7.78881,7.2403,7.5694,36655.28983093238
2024-10-02,7.5694,7.6791,7.42313,7.5694,24727.375533824263
2024-10-03,7.71567,7.71567,7.1306,7.27687,46207.302084954645
2024-10-04,7.42313,7.53284,7.27687,7.49627,55850.10617579833
2024-10-07,7.42313,7.60597,7.31343,7.60597,65562.6449605862
2024-10-08,7.53284,7.60597,7.36682,7.49627,28286.85308824477
2024-10-09,7.4597,7.51455,7.35,7.4597,35614.46534014223
2024-10-10,7.42313,7.49627,7.31343,7.4597,38985.522486219495
2024-10-11,7.38657,7.82537,7.2403,7.78881,231982.16756853368
2024-10-14,7.75224,7.88022,7.58732,7.82537,26168.83267805832
2024-10-15,7.86194,7.86194,7.35,7.71567,41244.106161846335
2024-10-16,7.71567,8.77612,7.52223,8.62985,57761.65719803246
2024-10-17,8.55672,8.66642,8.30075,8.48358,18816.061242463347
2024-10-18,8.55672,8.75784,8.33731,8.66642,35760.77146273097
2024-10-21,8.66642,8.66642,8.37571,8.55672,25509.77145293897
2024-10-22,8.44701,8.52015,7.88022,7.93507,25971.661249298548
2024-10-23,7.82537,8.13619,7.82537,8.04478,27089.05716873326
2024-10-24,8.11791,8.11791,7.60597,7.6791,20605.371448254173
2024-10-25,7.6791,7.77052,7.5694,7.75224,45298.28983918838
2024-10-28,7.75224,8.04478,7.75224,7.97164,36334.510238789226
2024-10-29,7.93507,8.39216,7.93507,8.26418,49165.14698573924
2024-10-30,8.22761,8.31903,8.00821,8.00821,14309.01225856627
2024-10-31,10.1657,10.9701,8.95896,8.95896,9026242.74331596
2024-11-01,9.10522,10.2388,9.10522,10.2022,764489.4170567892
2024-11-04,10.2022,10.2754,9.65373,9.94627,182435.25731712367
2024-11-05,9.98284,10.0194,9.50746,9.87313,88056.86947186914
2024-11-06,10.0194,10.4765,9.65373,10.0925,157970.6858651831
2024-11-07,10.1657,10.2388,9.9097,10.0194,86330.18375593403
2024-11-08,9.94627,10.056,9.76343,9.94627,40455.14697741923
2024-11-11,9.94627,9.98284,9.50746,9.61716,50602.22861976503
2024-11-12,9.8,9.8,9.58791,9.72687,43155.38371469244
2024-11-13,9.76343,9.83657,9.47126,9.61716,91432.84906693068
2024-11-14,9.54403,9.63545,9.30634,9.36119,121004.18787068814
2024-11-15,9.39776,9.43433,9.25149,9.25149,143366.87360633523
2024-11-18,9.28806,9.65373,9.25149,9.25149,64548.89393920967
2024-11-19,9.21493,9.76343,9.21493,9.76343,127661.8001219456
2024-11-20,9.76343,9.92799,9.61716,9.72687,106063.46132580416
2024-11-21,9.6903,9.8,9.39776,9.54403,35081.74697228643
2024-11-22,9.54403,9.83657,9.45261,9.72687,60718.681690653
2024-11-25,9.72687,9.96455,9.65373,9.8,65538.57965444075
2024-11-26,9.65373,9.96455,9.58133,9.8,45137.48983903478
2024-11-27,9.87313,9.87313,9.5806,9.65373,58558.27352532402
2024-11-29,9.61716,9.70858,9.50746,9.61716,29214.461252396148
2024-12-02,9.72687,9.83657,9.54403,9.72687,20641.19593808431
2024-12-03,9.72687,9.72687,9.52575,9.5806,27532.62451609574
2024-12-04,9.65373,9.6903,9.28806,9.32463,93713.58376298683
2024-12-05,9.4709,9.50746,9.25149,9.36119,39896.449017701874
2024-12-06,9.43433,9.76343,9.43433,9.76343,54132.17148027978
2024-12-09,9.8,9.9097,9.74515,9.83657,51951.52658023759
2024-12-10,9.8,9.8,9.54074,9.61716,25373.583697706843
2024-12-11,9.65373,9.65373,9.43433,9.50746,24823.363289017994
2024-12-12,9.54403,9.54403,9.17836,9.36119,44231.7592259247
2024-12-13,9.36119,9.41604,9.21493,9.25149,54673.09392977607
2024-12-16,9.32463,9.4709,9.19664,9.36119,36293.21636119876
2024-12-17,9.32463,9.61716,9.22407,9.36119,25229.46533022224
2024-12-18,9.43433,9.6296,9.14179,9.25149,45885.42861525943
2024-12-19,9.28806,9.4709,9.16007,9.25149,58941.404137934886
2024-12-20,9.25149,9.65373,8.95896,9.25149,210175.99203749985
2024-12-23,9.25149,9.4709,9.25149,9.36119,73959.5225196275
2024-12-24,9.36119,9.54403,9.26978,9.50746,20589.23675436121
2024-12-26,9.4709,9.78172,9.29391,9.61716,35449.5632991684
2024-12-27,9.61716,9.83657,9.36119,9.76343,30274.97553912346
2024-12-30,9.6903,9.87313,9.61716,9.72687,16553.102056628246
2024-12-31,9.65373,9.87313,9.54403,9.6903,22772.889817671577
2025-01-02,9.8,9.89142,9.70858,9.81828,42161.04901986507
2025-01-03,9.9097,9.98284,9.72687,9.8,85271.31028553483
2025-01-06,9.8,9.9097,9.79122,9.87313,76723.4776243085
2025-01-07,9.9097,9.9097,9.6903,9.8,23777.069410467528
2025-01-08,9.8,9.8,9.43433,9.65373,34010.02044065045
2025-01-10,9.65373,9.65373,9.14179,9.32463,230856.29409807047
2025-01-13,9.21493,9.32463,9.10522,9.14179,61023.05311951517
2025-01-14,9.17836,9.17836,8.88509,9.01381,171707.87363340723
2025-01-15,9.10522,9.10522,8.95896,9.01381,75361.87354137521
2025-01-16,9.06866,9.21493,8.77612,8.88582,28609.273496716018
2025-01-17,8.92239,9.50746,8.92239,9.43433,68334.8041469077
2025-01-21,9.39776,9.39776,8.95896,9.32463,87073.47355256241
2025-01-22,9.25149,9.39776,9.06866,9.25149,41771.62861132984
2025-01-23,9.28806,9.41604,8.99552,9.36119,22366.240837691297
2025-01-24,9.39776,9.61716,9.25113,9.4709,22500.51430720732
2025-01-27,9.43433,9.76343,9.32463,9.37948,29424.21227300467
2025-01-28,9.32463,9.32463,8.92239,8.99552,138511.15115271733
2025-01-29,9.03209,9.54403,8.92239,9.41604,163470.15525819143
2025-01-30,9.54403,9.65373,9.32463,9.5806,34404.08982878198
2025-01-31,9.5806,9.87313,9.36119,9.5806,38729.2816696482
2025-02-03,9.54403,9.65373,9.37911,9.4709,27589.23267941512
2025-02-04,9.54403,9.8,9.21493,9.39776,18364.83675223641
2025-02-05,9.43433,9.65373,8.99552,9.48918,16492.938791264656
2025-02-06,9.54403,9.61716,9.25149,9.39776,10713.98368370364
2025-02-07,9.28806,9.65373,8.95896,9.03209,17408.78777173133
2025-02-10,9.10522,9.10522,8.88582,8.88582,19864.542876117943
2025-02-11,8.88582,9.03209,8.73955,9.03209,15993.85715813486
2025-02-12,8.99552,9.10522,8.84925,8.95896,18091.914302996112
2025-02-13,8.99552,9.12351,8.81269,8.99552,17117.26940410593
2025-02-14,9.10522,9.14179,8.88582,8.95896,31223.093907376067
2025-02-18,8.95896,9.02441,8.62985,8.66642,82892.4000791808
2025-02-19,8.59328,9.10522,8.59328,8.81269,20805.551040282124
2025-02-20,8.81269,8.81269,8.70299,8.73955,12914.59184907102
2025-02-21,8.88582,8.95896,8.52015,8.66642,33623.06125660735
2025-02-24,8.77612,9.21493,8.73955,8.84925,34067.99595090991
2025-02-25,8.95896,9.10522,8.77612,8.81269,20636.82042787605
2025-02-26,8.84925,8.95896,8.77612,8.88582,21022.13879559105
2025-02-27,8.95896,9.03209,8.7944,8.84925,15610.179606747954
2025-02-28,8.77612,9.03209,8.73955,8.88582,33181.681664348995
2025-03-03,8.95896,8.95896,8.73955,8.77612,35292.59187044702
2025-03-04,8.95896,8.95896,8.77612,8.84925,24241.42043131925
2025-03-05,8.95896,9.10522,8.84889,9.03209,17391.5592002863
2025-03-06,9.01381,9.28806,9.01381,9.14179,16602.873485247215
2025-03-07,9.17836,9.32463,9.12351,9.25149,29594.31023235083
2025-03-10,9.21493,9.39776,8.95896,9.06866,19272.4816510626
2025-03-11,9.25149,9.28806,8.96627,9.21493,9254.477559860508
2025-03-12,9.39776,9.39776,8.95896,9.14179,19506.571447204573
2025-03-13,9.06866,9.23321,8.92239,9.03209,14816.297973336556
2025-03-14,9.13411,9.39776,8.88582,9.03209,12955.612257273471
2025-03-17,9.06866,9.19335,8.9041,8.99552,16423.477566708505
2025-03-18,8.95896,9.17836,8.19104,9.10522,16938.146954955235
2025-03-19,9.14179,9.32463,9.10522,9.21493,13982.763278662793
2025-03-20,9.34913,9.34913,9.14179,9.14179,14032.80817666978
2025-03-21,8.92239,9.36119,8.92239,9.21493,20923.68981590517
2025-03-24,9.21493,9.4709,9.17836,9.32463,8600.61225311347
2025-03-25,9.21493,9.32463,9.17836,9.17836,21452.03267355272
2025-03-26,9.21493,9.23321,9.14179,9.17836,16498.134709636965
2025-03-27,9.25149,9.36119,9.14179,9.25149,16285.102056372249
2025-03-28,9.32463,9.32463,9.14179,9.25149,17461.567363618484
2025-03-31,9.14179,9.25149,8.95896,9.17836,25702.02043271445
2025-04-01,9.14179,9.32463,9.10522,9.17836,14743.82858551223
2025-04-02,9.14179,9.36119,9.10522,9.21493,13810.20409482449
2025-04-03,8.99552,9.21493,8.99552,9.17836,30113.628600193828
2025-04-04,9.03209,9.41604,8.95896,9.10522,25865.55512674821
2025-04-07,9.10522,9.39776,9.10522,9.21493,46420.60820760738
2025-04-08,9.36119,9.36119,9.14179,9.17836,54605.00005216
2025-04-09,9.14179,9.43433,9.03209,9.10522,120746.85317656478
2025-04-10,9.14179,9.61716,9.14179,9.43433,125342.23277279112
2025-04-11,9.43433,10.3119,9.43433,9.72687,291972.05334012315
2025-04-14,9.94627,10.0925,9.5806,9.9097,69945.81231171187
2025-04-15,10.0194,10.0743,9.63545,9.83657,52847.41229537907
2025-04-16,9.87313,9.87313,9.54403,9.8,29937.51431431132
2025-04-17,9.8,10.2022,9.61716,10.056,48708.17963836395
2025-04-21,10.0925,10.3851,9.9097,10.1291,244431.58798858896
2025-04-22,10.2388,10.4582,9.98284,10.0925,273313.5104651573
2025-04-23,10.2022,10.3485,9.94663,10.0194,139881.50625606714
2025-04-24,10.0194,10.1825,9.5806,9.94627,1324721.540040916
2025-04-25,9.76343,9.83657,9.39776,9.8,306049.71049642767
2025-04-28,9.72687,10.1291,9.6157,9.8,281108.7553705626
2025-04-29,12.74,13.5011,9.41,10.14,185426.0
2025-04-30,10.0,10.61,9.06,9.5,283197.0
2025-05-01,9.66,10.55,9.02,10.0,220731.0
2025-05-02,10.18,13.4716,9.6601,12.48,235465.0
2025-05-05,12.51,13.0,11.422,11.5,564403.0
2025-05-06,11.4,11.58,9.74,10.09,424316.0
2025-05-07,10.15,10.4088,9.25,9.26,212443.0
2025-05-08,9.51,9.76,8.82,9.0,310795.0
2025-05-09,8.75,9.4,8.47,8.65,63694.0
2025-05-12,8.77,9.3135,8.2,8.58,120761.0
2025-05-13,8.16,8.95,7.69,8.61,81973.0
2025-05-14,8.66,8.66,7.42,7.55,81756.0
2025-05-15,7.5,7.5,7.05,7.4,271381.0
2025-05-16,7.5,7.59,7.11,7.345,302580.0
2025-05-19,7.28,7.64,7.05,7.42,301506.0
2025-05-20,7.73,8.1354,7.41,7.715,285101.0
2025-05-21,7.74,7.83,7.3,7.49,121441.0
2025-05-22,7.59,7.615,6.98,7.32,226035.0
2025-05-23,7.03,7.44,6.71,7.03,398026.0
2025-05-27,7.04,7.6437,6.98,7.37,446937.0
2025-05-28,7.09,7.61,7.09,7.25,504908.0
2025-05-29,7.44,7.625,6.99,7.09,372015.0
2025-05-30,7.25,7.4,6.88,7.25,375346.0
2025-06-02,7.24,7.5,7.015,7.2,285076.0
2025-06-03,7.16,7.9115,7.13,7.25,390996.0
2025-06-04,7.23,8.01,7.12,7.21,232818.0
2025-06-05,7.15,7.45,6.89,6.89,143861.0
2025-06-06,6.88,7.72,6.785,7.19,567200.0
2025-06-09,8.08,8.4531,7.265,7.71,674022.0
2025-06-10,7.59,7.845,6.925,7.06,409650.0
2025-06-11,6.99,7.33,6.96,7.03,297915.0
2025-06-12,6.93,7.3,6.87,6.94,271750.0
2025-06-13,6.98,7.26,6.565,6.76,240117.0
2025-06-16,7.25,7.25,6.61,6.99,327062.0
2025-06-17,6.9,8.3438,6.9,8.29,517723.0
2025-06-18,8.23,9.51,7.925,9.41,886905.0
2025-06-20,9.84,10.09,9.435,9.89,2139909.0
2025-06-23,9.85,10.2951,9.44,9.87,631787.0
2025-06-24,9.9,10.6655,9.3339,10.48,511893.0
2025-06-25,10.45,10.89,10.13,10.51,271204.0
2025-06-26,10.14,10.82,9.1,9.25,243265.0
2025-06-27,9.29,9.83,8.61,9.19,4173710.0
2025-06-30,8.98,10.16,8.69,9.99,535609.0
2025-07-01,9.95,11.19,9.85,10.845,331325.0
2025-07-02,10.83,11.275,10.47,10.8,197525.0
2025-07-03,10.79,11.3263,10.1373,11.14,110749.0
2025-07-07,11.0,11.31,10.382,10.45,275629.0
2025-07-08,10.57,10.645,9.69,10.48,215676.0
2025-07-09,10.79,11.1,10.4172,10.51,378549.0
2025-07-10,10.42,10.83,10.16,10.52,130839.0
2025-07-11,10.36,10.6367,9.78,9.82,154591.0
2025-07-14,9.92,10.05,8.82,9.0,240868.0
2025-07-15,8.98,9.1,8.46,8.58,130214.0
2025-07-16,8.68,9.065,8.49,8.81,132797.0
2025-07-17,8.87,9.55,8.82,9.51,171880.0
2025-07-18,9.63,9.7,9.355,9.47,222632.0
2025-07-21,9.4,9.5693,8.55,8.69,121393.0
2025-07-22,8.62,9.0,8.42,8.98,153280.0
2025-07-23,9.03,9.06,8.5,8.71,123799.0
2025-07-24,8.68,8.71,8.29,8.33,130060.0
2025-07-25,8.46,8.46,7.9,8.28,74574.0
2025-07-28,8.31,8.3349,7.74,7.75,117673.0
2025-07-29,7.85,7.85,7.3,7.53,121879.0
2025-07-30,7.6,7.74,6.69,6.88,146854.0
2025-07-31,6.77,7.31,6.77,7.19,143540.0
2025-08-01,7.14,7.56,6.87,6.89,143073.0
2025-08-04,6.93,7.5,6.73,7.29,102759.0
2025-08-05,7.26,8.15,7.18,7.94,127026.0
2025-08-06,7.92,8.13,7.78,7.83,99183.0
2025-08-07,7.74,8.0011,7.2,7.32,116595.0
2025-08-08,7.39,7.5779,7.12,7.49,77779.0
2025-08-11,7.41,7.72,7.205,7.4,69957.0
2025-08-12,7.55,8.0036,7.29,7.39,79258.0
2025-08-13,7.25,7.402,7.09,7.33,70945.0
2025-08-14,7.76,7.76,6.71,6.77,79151.0
2025-08-15,6.79,7.39,6.67,7.36,186080.0
2025-08-18,7.42,7.62,7.25,7.5,106061.0
2025-08-19,7.52,7.64,7.28,7.36,84262.0
2025-08-20,7.38,7.38,6.8,6.85,318726.0
2025-08-21,7.0,7.45,6.71,7.38,100416.0
2025-08-22,7.52,8.3,7.18,8.23,124811.0
2025-08-25,8.21,8.21,7.65,7.9,111930.0
2025-08-26,7.91,8.12,7.69,8.03,73960.0
2025-08-27,8.04,8.375,7.83,7.95,68897.0
2025-08-28,7.98,8.168,7.84,8.08,55598.0
2025-08-29,8.12,8.12,7.79,7.9,47960.0
2025-09-02,7.9,8.111,7.57,7.62,78629.0
2025-09-03,7.56,7.9765,7.43,7.495,50135.0
2025-09-04,7.56,7.8709,7.32,7.78,46506.0
2025-09-05,7.86,8.075,7.61,7.77,57825.0
2025-09-08,7.83,7.935,7.33,7.48,53005.0
2025-09-09,7.42,7.665,7.1827,7.62,30588.0
2025-09-10,7.53,7.751,7.5,7.575,35897.0
2025-09-11,7.66,7.94,7.66,7.76,53233.0
2025-09-12,7.72,7.96,7.55,7.7,37906.0
2025-09-15,7.78,7.8,6.985,7.07,130873.0
2025-09-16,7.05,7.35,6.91,7.14,36083.0
2025-09-17,7.17,7.3719,6.93,6.95,70741.0
2025-09-18,7.07,7.85,7.0001,7.71,65127.0
2025-09-19,7.8,7.88,7.38,7.42,189557.0
2025-09-22,7.48,8.17,7.29,7.92,88377.0
2025-09-23,7.95,8.38,7.2979,7.61,91104.0
2025-09-24,7.61,8.19,7.5772,8.12,47757.0
2025-09-25,8.04,8.31,7.6944,8.06,41112.0
2025-09-26,8.06,8.51,7.7742,8.48,55558.0
2025-09-29,8.49,8.87,8.37,8.62,40847.0
2025-09-30,8.47,8.725,8.2,8.63,67059.0
2025-10-01,8.63,9.13,8.53,9.11,54841.0
2025-10-02,9.1,9.3287,8.16,8.33,56099.0
2025-10-03,8.46,8.99,8.2,8.86,41280.0
2025-10-06,8.82,9.26,8.765,9.14,61978.0
2025-10-07,9.31,9.38,8.52,9.04,942231.0
2025-10-08,9.01,9.335,8.776,9.08,256864.0
2025-10-09,9.78,9.78,9.21,9.4,219054.0
2025-10-10,9.54,9.775,8.97,9.08,190631.0
2025-10-13,8.84,9.25,8.84,9.09,194355.0
2025-10-14,8.95,9.405,8.88,9.15,241962.0
2025-10-15,9.17,10.285,9.17,9.9,109326.0
2025-10-16,9.88,10.365,9.6828,9.785,156103.0
2025-10-17,9.73,9.843,8.98,9.37,156303.0
2025-10-20,9.56,10.23,9.5,10.0,148185.0
2025-10-21,9.97,10.47,9.8001,10.03,329581.0
2025-10-22,10.03,10.155,9.3,9.65,213773.0
2025-10-23,9.75,10.1675,9.63,9.93,109828.0
2025-10-24,10.06,10.2,9.83,10.0,94319.0
2025-10-27,10.05,10.52,9.88,10.19,143567.0
2025-10-28,10.14,10.2312,9.7,9.79,191724.0
2025-10-29,9.78,10.28,9.36,9.49,139438.0
2025-10-30,9.43,10.2799,9.3501,9.85,136596.0
2025-10-31,9.72,9.96,9.52,9.8,484560.0
2025-11-03,9.94,9.9708,9.26,9.47,168369.0
2025-11-04,9.42,9.51,8.895,9.0,169256.0
2025-11-05,9.05,9.88,8.97,9.6,313189.0
2025-11-06,9.59,9.605,8.8,8.95,369599.0
2025-11-07,8.95,9.275,8.36,9.19,100673.0
2025-11-10,9.42,9.7,8.825,9.28,144930.0
2025-11-11,9.32,10.05,8.9501,9.8,172402.0
2025-11-12,9.84,10.27,9.755,10.0,145253.0
2025-11-13,9.85,10.09,9.51,9.68,77023.0
2025-11-14,9.6,11.0,9.6,10.7,580870.0
2025-11-17,11.0,13.57,10.975,12.59,569313.0
2025-11-18,12.84,12.92,12.1001,12.65,171929.0
2025-11-19,12.73,13.23,12.225,12.46,185979.0
2025-11-20,12.65,13.249,11.42,11.48,144118.0
2025-11-21,11.43,12.89,11.02,12.0,286671.0
2025-11-24,11.95,12.86,11.675,12.15,270989.0
2025-11-25,12.48,12.979,12.01,12.54,209360.0
2025-11-26,12.5,13.035,12.3,12.48,136019.0
2025-11-28,12.51,13.21,12.51,12.82,100425.0
2025-12-01,12.56,12.82,12.045,12.1,102176.0
2025-12-02,12.09,12.2,11.5123,11.62,228949.0
2025-12-03,11.7,12.395,11.32,12.0,246525.0
2025-12-04,11.95,13.08,11.56,12.4,341535.0
2025-12-05,12.42,14.24,12.1,13.5,534928.0
2025-12-08,13.63,13.94,13.13,13.48,382402.0
2025-12-09,13.46,13.85,13.255,13.5,154870.0
2025-12-10,13.4,13.91,13.39,13.49,343767.0
2025-12-11,13.54,14.92,13.33,14.84,459955.0
2025-12-12,14.96,15.3332,14.6401,14.98,285169.0
2025-12-15,15.31,16.0,14.97,15.25,508543.0
2025-12-16,15.15,16.25,15.01,16.04,402130.0
2025-12-17,16.19,16.59,15.58,15.68,379047.0
2025-12-18,15.87,16.77,15.87,16.56,401804.0
2025-12-19,16.73,17.71,16.55,17.03,2262007.0
2025-12-22,16.98,17.09,15.9,16.87,353075.0
2025-12-23,16.59,17.1,16.16,16.35,207576.0
2025-12-24,16.48,17.27,16.4325,16.53,130400.0
2025-12-26,16.51,16.825,16.02,16.45,226065.0
2025-12-29,16.42,16.8099,15.78,16.22,236714.0
2025-12-30,16.23,16.435,15.4264,15.555,121353.0
2025-12-31,15.6,15.93,14.93,15.43,435256.0
2026-01-02,15.43,15.93,13.875,14.16,237291.0
2026-01-05,13.74,14.1254,12.52,13.12,652985.0
2026-01-06,12.94,13.33,12.77,13.17,315027.0
2026-01-07,13.72,14.1299,12.91,13.185,399378.0
2026-01-08,13.05,13.535,12.8,13.25,228568.0
2026-01-09,13.32,13.6496,13.1,13.53,186768.0
2026-01-12,13.55,14.0,12.45,13.86,640424.0
2026-01-13,13.84,14.06,13.4594,13.8,206060.0
2026-01-14,13.83,14.8,13.1401,14.66,160247.0
2026-01-15,14.8,15.34,14.28,14.7,164435.0
2026-01-16,14.64,15.49,13.39,14.7,271861.0
2026-01-20,14.3,15.58,14.3,15.25,247054.0
2026-01-21,15.45,16.3,14.57,15.94,357314.0
2026-01-22,15.96,17.11,15.95,17.02,160107.0
2026-01-23,16.87,16.95,15.8,16.305,307292.0
2026-01-26,16.15,16.15,14.75,15.18,331368.0
2026-01-27,15.19,16.46,15.08,16.05,138184.0
2026-01-28,16.04,16.2712,15.41,15.64,130751
2026-01-29,15.59,15.965,14.895,15.38,136397
2026-01-30,15.1,15.66,14.71,15.61,488544
2026-02-02,15.62,16.8627,15.62,16.65,221491
2026-02-03,16.49,17.32,16.2766,17.03,246994
2026-02-04,17.16,17.505,15.65,16,203314
2026-02-05,16.01,16.77,14.32,14.39,277605
2026-02-06,14.82,15.99,14.54,15.32,230799
2026-02-09,15.31,15.355,14.055,14.47,274609
2026-02-10,14.47,15.135,14.07,14.51,240014
2026-02-11,14.76,15.1,13.55,15.06,207908
2026-02-12,15.2,15.26,14.01,14.81,229950
2026-02-13,14.61,15.9926,13.78,15.03,165952
2026-02-17,14.92,16.44,13.7,13.905,142707
2026-02-18,14.21,15.11,14,14.46,145908
2026-02-19,14.41,15.5999,14.01,14.55,209021
2026-02-20,14.57,15.24,14.081,14.27,265078
2026-02-23,14.25,14.5898,13.105,14.04,324800
2026-02-24,14.17,14.445,13.52,13.865,158400
2026-02-25,13.97,14.66,13.81,14.5,250515
2026-02-26,14.49,14.92,14.28,14.56,231488
2026-02-27,14.22,14.92,14,14.86,425136
2026-03-02,14.45,15,13.8,14.095,186886
2026-03-03,13.75,14.18,13.57,13.9,172375
2026-03-04,14.23,14.335,13.88,13.96,415626
2026-03-05,13.87,14.15,13.5,13.86,211033
2026-03-06,13.44,14.3399,13.44,14.05,299346
