date,open,high,low,close,volume
2010-08-23,3.14,3.2,3.05,3.07,55911
2010-08-24,3.02,3.06,2.97,3.0,48564
2010-08-25,3.09,3.09,2.96,3.0,57854
2010-08-26,3.05,3.07,2.92,2.99,71115
2010-08-27,2.99,3.05,2.97,3.03,116624
2010-08-30,3.09,3.09,3.05,3.06,23299
2010-08-31,3.1,3.15,3.02,3.06,29999
2010-09-01,3.02,3.13,3.02,3.08,30875
2010-09-02,3.15,3.15,3.06,3.14,65394
2010-09-03,3.15,3.29,3.08,3.25,88051
2010-09-07,3.25,3.26,3.12,3.21,18760
2010-09-08,3.26,3.26,3.08,3.14,35588
2010-09-09,3.16,3.23,3.1,3.16,24312
2010-09-10,3.17,3.25,3.08,3.24,66052
2010-09-13,3.29,3.34,3.16,3.32,110369
2010-09-14,3.27,3.3,3.16,3.24,23569
2010-09-15,3.26,3.26,3.14,3.2,26753
2010-09-16,3.11,3.23,3.1,3.23,25257
2010-09-17,3.29,3.32,3.17,3.25,47514
2010-09-20,3.29,3.29,3.25,3.27,31890
2010-09-21,3.26,3.27,3.16,3.21,31201
2010-09-22,3.26,3.78,3.22,3.67,589099
2010-09-23,3.71,3.94,3.66,3.75,302840
2010-09-24,3.84,3.84,3.63,3.78,131350
2010-09-27,3.88,3.88,3.6,3.65,134034
2010-09-28,3.66,3.77,3.5,3.77,174052
2010-09-29,3.84,4.17,3.79,4.05,328304
2010-09-30,4.19,4.28,4.01,4.22,419741
2010-10-01,4.27,4.3,4.1,4.15,124856
2010-10-04,4.16,4.3,4.15,4.24,210022
2010-10-05,4.43,4.98,4.43,4.58,873506
2010-10-06,4.65,4.75,4.3,4.45,322840
2010-10-07,4.48,4.64,4.32,4.64,185919
2010-10-08,4.67,5.03,4.58,4.85,384137
2010-10-11,4.84,5.21,4.78,5.02,528861
2010-10-12,5.13,5.23,4.92,5.23,473704
2010-10-13,5.32,5.96,5.24,5.79,937221
2010-10-14,5.79,5.97,5.38,5.62,367790
2010-10-15,5.73,5.77,5.4,5.55,194866
2010-10-18,5.73,5.75,5.46,5.72,178070
2010-10-19,5.63,5.7,5.5,5.64,374302
2010-10-20,5.62,5.62,5.35,5.55,217119
2010-10-21,5.65,5.65,5.36,5.43,186120
2010-10-22,5.46,5.93,5.46,5.67,543007
2010-10-25,5.69,6.25,5.61,6.04,783005
2010-10-26,6.03,6.25,5.86,5.98,506850
2010-10-27,5.97,6.04,5.8,5.99,179456
2010-10-28,6.07,6.09,5.8,5.9,178558
2010-10-29,5.86,5.91,5.5,5.62,276861
2010-11-01,5.91,6.14,5.75,6.0,560478
2010-11-02,6.01,6.1,5.88,5.99,154898
2010-11-03,5.97,5.99,5.74,5.95,151784
2010-11-04,6.0,6.49,5.9,6.41,698726
2010-11-05,6.45,6.45,6.13,6.22,235760
2010-11-08,6.2,6.68,6.01,6.47,483751
2010-11-09,6.58,6.65,6.19,6.32,233813
2010-11-10,6.52,6.52,6.03,6.32,308726
2010-11-11,6.2,6.48,6.12,6.36,222572
2010-11-12,6.27,6.27,5.58,5.84,464807
2010-11-15,5.85,7.25,5.75,6.3,820656
2010-11-16,6.24,6.34,5.82,6.01,309862
2010-11-17,6.0,6.18,5.86,6.05,198475
2010-11-18,6.13,6.26,5.93,5.98,190110
2010-11-19,5.98,5.98,5.45,5.69,398172
2010-11-22,5.7,6.15,5.6,5.77,420070
2010-11-23,5.73,5.8,5.4,5.48,237400
2010-11-24,5.56,5.94,5.42,5.93,323481
2010-11-26,5.95,6.14,5.92,6.07,259133
2010-11-29,6.15,6.24,5.78,6.05,192102
2010-11-30,5.97,6.0,5.56,5.75,373990
2010-12-01,5.93,5.95,5.35,5.52,530257
2010-12-02,5.55,5.71,5.55,5.63,201064
2010-12-03,5.83,5.89,5.6,5.82,191787
2010-12-06,5.82,5.9,5.6,5.75,203499
2010-12-07,5.89,5.96,5.73,5.82,272414
2010-12-08,5.9,5.97,5.64,5.74,279378
2010-12-09,5.75,5.87,5.47,5.62,311976
2010-12-10,5.75,5.93,5.64,5.85,328891
2010-12-13,6.05,6.15,5.84,5.88,319833
2010-12-14,5.93,5.93,5.45,5.58,324709
2010-12-15,5.6,5.64,5.12,5.2,329117
2010-12-16,5.2,5.25,5.0,5.25,199450
2010-12-17,5.3,6.15,5.22,6.15,1129589
2010-12-20,6.33,6.75,6.3,6.7,926212
2010-12-21,5.7,5.7,5.25,5.28,3168400
2010-12-22,5.5,5.52,5.3,5.35,913261
2010-12-23,5.46,5.54,5.27,5.35,445870
2010-12-27,5.4,5.43,5.11,5.24,495894
2010-12-28,5.3,5.38,5.2,5.26,484507
2010-12-29,5.28,5.29,5.15,5.21,321706
2010-12-30,5.2,5.25,4.96,5.1,675822
2010-12-31,5.13,5.33,5.13,5.27,359985
2011-01-03,5.35,5.37,5.16,5.27,273057
2011-01-04,5.34,5.34,5.12,5.19,372798
2011-01-05,5.24,5.29,5.1,5.19,462478
2011-01-06,5.2,5.23,4.93,4.95,712690
2011-01-07,5.02,5.04,4.49,4.52,1189948
2011-01-10,4.54,4.9,4.37,4.72,668468
2011-01-11,4.75,4.92,4.66,4.7,476410
2011-01-12,4.72,4.8,4.63,4.73,355600
2011-01-13,5.11,5.35,4.98,5.26,1227524
2011-01-14,5.15,5.22,4.81,4.98,866102
2011-01-18,5.03,5.3,4.94,4.97,458192
2011-01-19,5.01,5.15,4.8,4.99,1023723
2011-01-20,4.94,4.95,4.36,4.52,968427
2011-01-21,4.6,4.75,4.58,4.66,327141
2011-01-24,4.68,4.86,4.62,4.71,250418
2011-01-25,4.75,4.75,4.53,4.59,168043
2011-01-26,4.59,4.62,4.27,4.43,656675
2011-01-27,4.63,4.7,4.48,4.51,365286
2011-01-28,4.53,4.57,4.35,4.37,170106
2011-01-31,4.48,4.48,4.1,4.16,469421
2011-02-01,4.17,4.19,4.05,4.09,527656
2011-02-02,4.06,4.24,4.01,4.18,278688
2011-02-03,4.15,4.25,4.08,4.15,294282
2011-02-04,4.14,4.14,3.82,3.9,480821
2011-02-07,3.88,3.9,3.55,3.78,753530
2011-02-08,3.88,4.15,3.8,3.9,533306
2011-02-09,3.96,4.09,3.95,4.07,185550
2011-02-10,4.08,4.1,3.93,3.98,159652
2011-02-11,3.94,4.1,3.92,4.05,159879
2011-02-14,4.02,4.12,3.97,4.04,199085
2011-02-15,4.04,4.13,4.02,4.09,143208
2011-02-16,4.09,4.22,3.97,4.06,254936
2011-02-18,4.08,4.1,3.98,4.03,79346
2011-02-22,3.95,3.99,3.65,3.7,294236
2011-02-23,3.68,3.77,3.36,3.48,383463
2011-02-24,3.46,3.57,3.35,3.47,191065
2011-02-25,3.55,3.69,3.53,3.66,157049
2011-02-28,3.7,3.75,3.55,3.59,205448
2011-03-01,3.62,3.64,3.38,3.56,317984
2011-03-02,3.61,4.08,3.61,4.07,584732
2011-03-03,4.09,4.48,4.07,4.33,571387
2011-03-04,4.35,4.37,3.91,4.1,392807
2011-03-07,4.15,4.3,4.1,4.22,326687
2011-03-08,4.27,4.38,4.2,4.35,200373
2011-03-09,4.38,4.45,4.12,4.2,368510
2011-03-10,4.1,4.12,3.94,3.96,262600
2011-03-11,3.92,4.01,3.76,3.89,196906
2011-03-14,3.98,4.02,3.62,3.71,306695
2011-03-15,3.51,3.63,3.42,3.43,495336
2011-03-16,3.5,3.63,3.31,3.35,474590
2011-03-17,3.41,3.51,3.33,3.5,308073
2011-03-18,3.52,3.74,3.5,3.62,158341
2011-03-21,3.7,3.78,3.63,3.66,123068
2011-03-22,3.75,3.75,3.57,3.6,64348
2011-03-23,3.65,3.7,3.47,3.68,81526
2011-03-24,3.69,3.81,3.59,3.8,122630
2011-03-25,3.83,3.9,3.69,3.72,104564
2011-03-28,3.73,3.79,3.55,3.62,94160
2011-03-29,3.61,3.62,3.43,3.43,228617
2011-03-30,3.44,3.58,3.36,3.37,253717
2011-03-31,3.48,3.61,2.86,3.07,1395210
2011-04-01,3.1,3.12,2.92,2.99,289002
2011-04-04,3.03,3.04,2.74,2.8,461951
2011-04-05,2.8,2.94,2.7,2.76,323247
2011-04-06,2.8,2.93,2.71,2.84,211138
2011-04-07,2.83,2.89,2.72,2.81,161662
2011-04-08,2.81,2.9,2.72,2.84,126300
2011-04-11,2.85,2.88,2.64,2.69,183809
2011-04-12,2.67,2.69,2.42,2.44,299600
2011-04-13,2.45,2.47,2.22,2.3,335457
2011-04-14,2.3,2.47,2.28,2.39,155532
2011-04-15,2.4,2.52,2.4,2.52,115244
2011-04-18,2.48,2.69,2.39,2.68,207195
2011-04-19,2.71,2.99,2.69,2.95,279905
2011-04-20,3.01,3.14,2.9,3.03,303421
2011-04-21,3.09,3.14,2.73,2.89,229592
2011-04-25,2.91,3.23,2.83,3.19,220021
2011-04-26,3.21,3.21,3.03,3.06,117974
2011-04-27,3.04,3.17,3.03,3.09,139414
2011-04-28,3.07,3.07,2.7,2.77,618420
2011-04-29,2.75,2.92,2.63,2.9,242533
2011-05-02,2.88,2.94,2.79,2.82,78563
2011-05-03,2.78,2.82,2.66,2.73,87636
2011-05-04,2.23,2.3,1.96,2.08,1376420
2011-05-05,2.07,2.14,1.95,2.1,429810
2011-05-06,2.11,2.17,2.02,2.15,326640
2011-05-09,2.18,2.28,2.09,2.15,374164
2011-05-10,2.16,2.25,2.07,2.13,126446
2011-05-11,2.13,2.13,2.02,2.12,140080
2011-05-12,2.08,2.1,1.86,2.04,265359
2011-05-13,2.03,2.04,1.9,1.98,85451
2011-05-16,2.0,2.3,1.97,2.21,419616
2011-05-17,2.13,2.2,2.03,2.05,145711
2011-05-18,2.07,2.22,2.07,2.12,87601
2011-05-19,2.13,2.2,2.09,2.1,50312
2011-05-20,2.05,2.13,2.0,2.08,98695
2011-05-23,2.01,2.08,1.98,2.01,76569
2011-05-24,2.02,2.02,1.9,1.92,135269
2011-05-25,1.92,1.96,1.91,1.95,54103
2011-05-26,1.98,2.06,1.97,2.03,50393
2011-05-27,2.06,2.08,2.0,2.05,52829
2011-05-31,2.05,2.07,1.97,2.0,54222
2011-06-01,2.0,2.0,1.92,1.96,42741
2011-06-02,1.98,1.98,1.9,1.91,47375
2011-06-03,1.9,1.96,1.88,1.91,90145
2011-06-06,1.85,1.93,1.83,1.85,50879
2011-06-07,1.85,1.86,1.82,1.85,34170
2011-06-08,1.81,1.87,1.72,1.75,76252
2011-06-09,1.75,1.92,1.72,1.92,101656
2011-06-10,1.95,1.95,1.75,1.85,113576
2011-06-13,1.85,1.85,1.75,1.78,75983
2011-06-14,1.76,1.9,1.76,1.9,55632
2011-06-15,1.86,2.08,1.86,1.94,240961
2011-06-16,1.98,2.16,1.9,1.99,198829
2011-06-17,2.03,2.03,1.9,1.96,39294
2011-06-20,1.94,2.08,1.94,2.01,90965
2011-06-21,2.04,2.04,1.95,1.95,24154
2011-06-22,2.0,2.07,1.98,2.05,55660
2011-06-23,2.0,2.02,1.95,2.02,23703
2011-06-24,1.95,2.02,1.91,1.98,26044
2011-06-27,2.02,2.02,1.91,1.95,18485
2011-06-28,1.99,2.02,1.93,1.93,40740
2011-06-29,1.9,1.95,1.81,1.86,86503
2011-06-30,1.86,1.86,1.68,1.81,181229
2011-07-01,1.81,1.86,1.75,1.83,41772
2011-07-05,1.82,1.85,1.75,1.81,23321
2011-07-06,1.76,1.8,1.71,1.73,69655
2011-07-07,1.74,1.87,1.73,1.81,87141
2011-07-08,1.81,1.84,1.8,1.83,29417
2011-07-11,1.92,2.61,1.92,2.19,1602202
2011-07-12,2.19,2.19,1.97,2.02,244367
2011-07-13,2.08,2.24,2.0,2.07,133887
2011-07-14,2.09,2.14,1.93,2.04,104236
2011-07-15,2.07,2.09,2.01,2.06,83386
2011-07-18,2.09,2.09,1.91,1.98,115944
2011-07-19,2.16,2.79,2.1,2.45,1349589
2011-07-20,2.57,2.94,2.26,2.78,860698
2011-07-21,2.81,3.25,2.8,3.2,1100602
2011-07-22,3.2,3.3,2.91,3.07,615214
2011-07-25,2.95,3.1,2.9,3.05,203558
2011-07-26,3.03,3.05,2.9,2.94,224132
2011-07-27,2.92,2.98,2.55,2.6,238694
2011-07-28,2.61,2.87,2.52,2.74,145201
2011-07-29,2.8,2.8,2.58,2.65,87674
2011-08-01,2.78,2.97,2.67,2.91,93931
2011-08-02,2.98,2.98,2.71,2.74,103909
2011-08-03,2.74,2.74,2.56,2.63,125684
2011-08-04,2.53,2.75,2.25,2.68,271903
2011-08-05,2.5,2.69,2.4,2.45,146357
2011-08-08,2.31,2.4,2.2,2.26,147785
2011-08-09,2.2,2.4,2.11,2.24,109794
2011-08-10,2.25,2.25,2.11,2.15,63728
2011-08-11,2.25,2.4,2.2,2.35,93569
2011-08-12,2.46,2.77,2.4,2.56,121574
2011-08-15,2.58,2.77,2.16,2.27,210102
2011-08-16,2.27,2.38,2.22,2.22,80161
2011-08-17,2.34,2.6,2.23,2.58,149552
2011-08-18,2.46,2.7,2.35,2.55,103619
2011-08-19,2.62,2.75,2.36,2.42,102838
2011-08-22,2.47,2.5,2.37,2.4,42648
2011-08-23,2.49,2.5,2.35,2.44,55404
2011-08-24,2.45,2.5,2.36,2.42,27047
2011-08-25,2.38,2.52,2.38,2.48,36353
2011-08-26,2.56,2.56,2.36,2.56,48886
2011-08-29,2.62,2.66,2.46,2.52,121604
2011-08-30,2.51,2.51,2.39,2.47,39356
2011-08-31,2.48,2.6,2.48,2.57,57311
2011-09-01,2.6,2.84,2.6,2.69,163900
2011-09-02,2.77,2.8,2.6,2.65,61209
2011-09-06,2.65,2.68,2.46,2.5,73650
2011-09-07,2.52,2.52,2.43,2.5,28550
2011-09-08,2.46,2.55,2.44,2.53,25738
2011-09-09,2.52,2.52,2.26,2.35,106596
2011-09-12,2.3,2.35,2.24,2.28,65548
2011-09-13,2.27,2.35,2.18,2.33,50495
2011-09-14,2.31,2.4,2.23,2.23,45274
2011-09-15,2.26,2.34,2.25,2.31,56400
2011-09-16,2.4,2.4,2.28,2.36,59712
2011-09-19,2.13,2.35,2.13,2.24,39087
2011-09-20,2.16,2.34,2.16,2.25,39633
2011-09-21,2.22,2.29,2.16,2.16,12319
2011-09-22,2.12,2.17,2.1,2.17,70507
2011-09-23,2.14,2.29,2.12,2.23,33415
2011-09-26,2.22,2.22,2.1,2.17,45101
2011-09-27,2.17,2.3,2.1,2.13,68627
2011-09-28,2.13,2.13,2.1,2.13,38967
2011-09-29,2.11,2.21,2.1,2.15,49067
2011-09-30,2.11,2.16,2.1,2.16,31575
2011-10-03,2.1,2.12,1.98,1.98,80289
2011-10-04,1.96,2.12,1.88,2.0,66462
2011-10-05,1.98,2.06,1.88,2.01,24950
2011-10-06,2.0,2.08,1.96,2.02,23275
2011-10-07,2.02,2.02,1.98,1.98,9370
2011-10-10,2.01,2.08,1.91,2.05,11200
2011-10-11,1.98,2.08,1.98,2.0,39767
2011-10-12,2.08,2.17,2.01,2.17,118481
2011-10-13,2.12,2.37,2.02,2.28,105043
2011-10-14,2.32,2.41,2.27,2.41,55673
2011-10-17,2.4,2.42,2.22,2.27,35839
2011-10-18,2.24,2.47,2.24,2.35,17889
2011-10-19,2.33,2.34,2.06,2.19,60074
2011-10-20,2.23,2.24,2.13,2.15,12300
2011-10-21,2.19,2.28,2.14,2.23,23360
2011-10-24,2.23,2.3,2.18,2.28,36983
2011-10-25,2.18,2.32,2.15,2.27,18273
2011-10-26,2.29,2.38,2.2,2.37,31279
2011-10-27,2.39,2.44,2.28,2.39,73390
2011-10-28,2.44,2.89,2.43,2.81,213391
2011-10-31,2.61,2.75,2.46,2.55,60802
2011-11-01,2.55,2.6,2.46,2.53,47769
2011-11-02,2.6,2.69,2.5,2.64,34681
2011-11-03,2.71,3.18,2.71,2.86,291120
2011-11-04,2.92,3.07,2.79,3.04,62004
2011-11-07,3.04,3.05,2.9,3.03,75619
2011-11-08,3.05,3.3,2.97,3.17,225812
2011-11-09,3.15,3.15,3.0,3.08,76517
2011-11-10,3.1,3.1,2.84,2.86,82343
2011-11-11,2.93,2.95,2.8,2.87,28640
2011-11-14,2.96,2.99,2.7,2.82,54130
2011-11-15,2.75,3.02,2.57,2.98,92023
2011-11-16,2.89,2.99,2.85,2.95,43190
2011-11-17,2.95,3.03,2.95,2.98,32589
2011-11-18,3.03,3.03,2.88,2.93,31655
2011-11-21,2.91,2.95,2.8,2.9,79947
2011-11-22,2.92,3.0,2.86,2.9,37840
2011-11-23,2.94,2.96,2.9,2.94,33996
2011-11-25,2.93,2.99,2.77,2.92,19045
2011-11-28,3.01,3.08,2.95,3.0,61472
2011-11-29,3.0,3.14,2.96,3.0,125240
2011-11-30,3.1,3.11,2.83,2.92,109310
2011-12-01,2.95,3.0,2.87,2.87,47496
2011-12-02,2.99,3.05,2.9,2.95,23226
2011-12-05,2.88,3.0,2.87,2.93,30221
2011-12-06,2.94,2.99,2.92,2.97,28174
2011-12-07,2.96,3.01,2.9,3.01,47802
2011-12-08,2.99,2.99,2.87,2.91,31352
2011-12-09,2.91,3.15,2.91,3.1,149080
2011-12-12,3.1,3.1,3.02,3.04,63089
2011-12-13,3.02,3.56,3.02,3.16,404653
2011-12-14,3.11,3.14,2.77,2.91,161139
2011-12-15,3.07,3.1,2.9,2.96,82733
2011-12-16,2.98,3.08,2.87,2.92,55718
2011-12-19,2.91,2.94,2.82,2.89,36150
2011-12-20,2.9,3.14,2.9,3.11,83884
2011-12-21,3.14,3.39,3.05,3.29,151692
2011-12-22,3.28,3.62,3.25,3.42,219517
2011-12-23,3.46,3.58,3.4,3.55,101559
2011-12-27,3.61,4.19,3.53,4.04,632254
2011-12-28,4.19,4.19,3.61,3.73,302295
2011-12-29,3.65,3.75,3.57,3.74,83393
2011-12-30,3.69,3.79,3.54,3.7,110490
2012-01-03,3.73,3.74,3.32,3.51,174012
2012-01-04,3.55,3.56,2.95,3.18,550391
2012-01-05,3.11,3.21,3.04,3.12,170924
2012-01-06,3.12,3.19,3.07,3.19,59326
2012-01-09,3.27,3.44,3.2,3.36,161037
2012-01-10,3.39,3.84,3.36,3.84,322251
2012-01-11,3.85,3.98,3.66,3.8,225591
2012-01-12,3.72,3.72,3.45,3.47,229500
2012-01-13,3.42,3.55,3.38,3.55,75711
2012-01-17,3.58,3.7,3.33,3.49,112172
2012-01-18,3.44,3.64,3.42,3.49,77322
2012-01-19,3.47,3.55,3.35,3.39,107715
2012-01-20,3.4,3.4,3.2,3.21,119367
2012-01-23,3.3,3.34,3.25,3.31,67220
2012-01-24,3.34,3.62,3.29,3.5,120674
2012-01-25,3.59,3.59,3.33,3.45,51880
2012-01-26,3.43,3.49,3.32,3.45,49771
2012-01-27,3.34,3.5,3.32,3.5,109314
2012-01-30,3.4,3.5,3.38,3.41,56386
2012-01-31,3.38,3.47,3.38,3.41,33060
2012-02-01,3.43,3.45,3.37,3.44,16533
2012-02-02,3.43,3.47,3.4,3.47,35508
2012-02-03,3.5,3.52,3.3,3.31,122368
2012-02-06,3.26,3.46,3.22,3.37,17903
2012-02-07,3.27,3.39,3.25,3.34,59921
2012-02-08,3.35,3.4,3.34,3.36,39010
2012-02-09,3.34,3.38,3.26,3.33,45118
2012-02-10,3.34,3.38,3.33,3.34,82094
2012-02-13,3.39,3.85,3.33,3.8,350290
2012-02-14,3.56,3.75,3.51,3.53,126045
2012-02-15,3.61,3.68,3.35,3.4,71903
2012-02-16,3.38,3.52,3.38,3.44,69597
2012-02-17,3.43,3.44,3.34,3.37,36133
2012-02-21,3.31,3.49,3.31,3.43,96116
2012-02-22,3.6,3.79,3.5,3.56,212347
2012-02-23,3.53,3.62,3.45,3.47,42953
2012-02-24,3.45,3.52,3.4,3.48,36711
2012-02-27,3.48,3.51,3.37,3.37,144955
2012-02-28,3.37,3.52,3.2,3.33,172949
2012-02-29,3.26,3.38,3.23,3.36,52194
2012-03-01,3.36,3.4,3.3,3.37,33866
2012-03-02,3.37,3.37,3.3,3.31,23485
2012-03-05,3.38,3.4,3.33,3.34,47814
2012-03-06,3.33,3.37,3.21,3.27,49779
2012-03-07,3.27,3.38,3.26,3.34,26650
2012-03-08,3.34,3.38,3.26,3.34,21569
2012-03-09,3.36,3.38,3.33,3.35,12876
2012-03-12,3.36,3.4,3.3,3.34,46736
2012-03-13,3.34,3.38,3.3,3.35,32242
2012-03-14,3.33,3.38,3.31,3.38,15480
2012-03-15,3.38,3.41,3.33,3.41,20991
2012-03-16,3.47,3.58,3.41,3.5,94573
2012-03-19,3.57,3.75,3.52,3.65,109368
2012-03-20,3.63,3.73,3.45,3.59,67713
2012-03-21,3.57,3.57,3.4,3.44,49620
2012-03-22,3.45,3.46,3.35,3.44,39890
2012-03-23,3.38,3.41,3.3,3.34,37740
2012-03-26,3.38,3.41,3.33,3.39,25964
2012-03-27,3.43,3.49,3.39,3.46,27521
2012-03-28,3.46,3.46,3.35,3.4,15587
2012-03-29,3.35,3.4,3.22,3.28,94148
2012-03-30,3.35,3.54,3.344,3.42,131977
2012-04-02,3.45,3.53,3.36,3.5,25549
2012-04-03,3.5,3.59,3.46,3.5,54552
2012-04-04,3.5,3.5,3.25,3.43,48786
2012-04-05,3.4,3.47,3.33,3.4,15295
2012-04-09,3.4,3.5,3.39,3.47,31018
2012-04-10,3.49,3.49,3.26,3.3,39550
2012-04-11,3.3,3.35,3.29,3.35,11160
2012-04-12,3.35,3.58,3.22,3.52,62473
2012-04-13,3.55,3.55,3.42,3.49,10450
2012-04-16,3.48,3.55,3.37,3.38,33345
2012-04-17,3.4,3.46,3.37,3.46,18000
2012-04-18,3.41,3.47,3.36,3.43,26137
2012-04-19,3.41,3.54,3.31,3.33,74448
2012-04-20,3.44,3.49,3.36,3.44,20394
2012-04-23,3.44,3.48,3.33,3.45,69577
2012-04-24,3.48,3.49,3.3,3.49,38070
2012-04-25,3.5,3.74,3.48,3.66,153863
2012-04-26,3.65,3.73,3.58,3.6,71659
2012-04-27,3.61,3.71,3.6,3.61,12126
2012-04-30,3.6,3.7,3.44,3.6307,59456
2012-05-01,3.64,3.7,3.6,3.65,24774
2012-05-02,3.55,3.6,3.54,3.57,18436
2012-05-03,3.6,3.62,3.42,3.59,25396
2012-05-04,3.55,3.57,3.43,3.55,28500
2012-05-07,3.5,3.5,3.35,3.4,70700
2012-05-08,3.35,3.37,3.25,3.3,59723
2012-05-09,3.28,3.34,3.24,3.25,38040
2012-05-10,3.22,3.31,3.22,3.26,42125
2012-05-11,3.22,3.28,3.2,3.2,24234
2012-05-14,3.15,3.19,2.99,3.01,135527
2012-05-15,3.0,3.12,2.75,3.03,258926
2012-05-16,3.03,3.15,2.86,3.0,48752
2012-05-17,3.01,3.04,2.65,2.7,92718
2012-05-18,2.73,2.73,2.54,2.65,53676
2012-05-21,2.62,3.05,2.55,3.05,92027
2012-05-22,3.04,3.04,2.95,2.95,32875
2012-05-23,2.94,2.94,2.85,2.91,8780
2012-05-24,2.93,2.93,2.8,2.89,13750
2012-05-25,2.91,3.02,2.91,3.0,67071
2012-05-29,3.05,3.08,2.95,2.99,15704
2012-05-30,2.93,2.97,2.85,2.95,15626
2012-05-31,2.98,3.0,2.85,2.96,31282
2012-06-01,2.88,2.9,2.8,2.85,22210
2012-06-04,2.84,2.85,2.64,2.72,77648
2012-06-05,2.78,2.84,2.75,2.83,19787
2012-06-06,2.84,2.84,2.7,2.72,19300
2012-06-07,2.76,2.84,2.73,2.78,38645
2012-06-08,2.78,2.88,2.72,2.74,24833
2012-06-11,2.76,2.76,2.68,2.71,24768
2012-06-12,2.71,2.76,2.71,2.72,19241
2012-06-13,2.75,2.76,2.69,2.71,29602
2012-06-14,2.72,2.72,2.33,2.59,71164
2012-06-15,2.58,2.71,2.55,2.63,131739
2012-06-18,2.65,2.75,2.61,2.65,20447
2012-06-19,2.7,2.7,2.59,2.65,26649
2012-06-20,2.7,2.76,2.7,2.72,34085
2012-06-21,2.75,2.88,2.69,2.71,68850
2012-06-22,2.75,3.38,2.75,3.17,228623
2012-06-25,3.35,3.51,3.17,3.36,204094
2012-06-26,3.38,3.46,3.15,3.25,86937
2012-06-27,3.25,3.25,2.92,3.03,83084
2012-06-28,3.03,3.16,2.99,3.05,39810
2012-06-29,3.07,3.12,3.01,3.09,61761
2012-07-02,3.08,3.23,3.08,3.17,49934
2012-07-03,3.22,3.23,3.14,3.14,44528
2012-07-05,3.17,3.4,3.14,3.25,109107
2012-07-06,3.25,3.3,3.2,3.25,79998
2012-07-09,3.17,3.28,3.13,3.14,44895
2012-07-10,3.21,3.21,3.0,3.17,104022
2012-07-11,3.19,3.65,3.04,3.52,337600
2012-07-12,3.63,3.75,3.48,3.64,346844
2012-07-13,3.64,3.8,3.6,3.75,236789
2012-07-16,3.79,3.98,3.72,3.8,266100
2012-07-17,3.81,3.83,3.58,3.66,116231
2012-07-18,3.68,3.81,3.6001,3.69,111612
2012-07-19,3.7,3.78,3.67,3.75,59435
2012-07-20,3.75,3.83,3.74,3.83,36560
2012-07-23,3.8,4.29,3.76,4.2,673613
2012-07-24,4.22,4.329,3.95,4.01,280578
2012-07-25,4.0,4.04,3.66,3.89,142136
2012-07-26,3.93,4.05,3.81,3.87,65182
2012-07-27,3.9,4.0,3.804,3.85,78762
2012-07-30,3.95,4.0,3.85,3.94,66710
2012-07-31,3.94,4.14,3.912,4.09,71984
2012-08-01,4.08,4.3,4.01,4.28,129454
2012-08-02,4.23,4.39,4.15,4.29,115419
2012-08-03,4.32,4.39,4.178,4.37,64972
2012-08-06,4.45,4.64,4.4,4.53,249252
2012-08-07,4.64,4.78,4.55,4.77,271794
2012-08-08,4.81,5.13,4.81,4.96,530166
2012-08-09,5.0,5.1,4.81,4.95,332621
2012-08-10,4.95,4.98,4.71,4.92,159885
2012-08-13,4.95,5.04,4.3,4.75,269125
2012-08-14,4.89,4.95,4.69,4.86,234567
2012-08-15,4.82,4.8799,4.72,4.82,101681
2012-08-16,4.8,4.95,4.8,4.86,134452
2012-08-17,4.92,4.92,4.72,4.92,108698
2012-08-20,4.78,4.88,4.56,4.68,158490
2012-08-21,4.65,4.65,4.3501,4.42,198890
2012-08-22,4.36,4.49,4.32,4.35,120265
2012-08-23,4.42,4.42,3.82,4.06,236666
2012-08-24,4.08,4.37,4.02,4.31,125533
2012-08-27,4.33,4.35,4.07,4.3,63577
2012-08-28,4.29,4.29,4.1,4.19,71906
2012-08-29,4.23,4.54,4.2,4.44,87135
2012-08-30,4.53,4.71,4.45,4.63,139806
2012-08-31,4.64,4.87,4.55,4.78,83903
2012-09-04,4.75,4.84,4.51,4.57,111258
2012-09-05,4.53,4.84,4.52,4.84,71051
2012-09-06,4.84,4.95,4.73,4.85,83958
2012-09-07,4.89,4.94,4.72,4.85,79431
2012-09-10,4.84,4.85,4.63,4.7,62389
2012-09-11,4.7,4.7,4.41,4.43,60586
2012-09-12,4.47,4.58,4.12,4.3,116559
2012-09-13,4.34,4.55,4.3,4.4287,50073
2012-09-14,4.44,4.59,4.34,4.5,51778
2012-09-17,4.44,4.55,4.34,4.37,45300
2012-09-18,4.34,4.39,4.26,4.37,27796
2012-09-19,4.42,4.48,4.365,4.43,35973
2012-09-20,4.43,4.49,4.35,4.45,50946
2012-09-21,4.45,4.93,4.41,4.93,296705
2012-09-24,4.88,4.93,4.6,4.87,157514
2012-09-25,4.91,4.9399,4.66,4.7,49236
2012-09-26,4.66,4.75,4.47,4.55,87305
2012-09-27,4.68,4.8,3.08,4.05,779008
2012-09-28,4.05,4.5,3.84,4.02,656007
2012-10-01,4.25,4.69,4.15,4.25,218830
2012-10-02,4.24,4.41,4.16,4.28,122914
2012-10-03,4.28,4.28,4.15,4.25,49590
2012-10-04,4.27,4.34,4.25,4.3,18385
2012-10-05,4.3,4.6,4.27,4.57,85399
2012-10-08,4.51,4.59,4.4,4.54,36525
2012-10-09,4.52,4.65,4.37,4.42,30899
2012-10-10,4.41,4.41,4.24,4.3099,21534
2012-10-11,4.41,4.51,4.3116,4.49,44619
2012-10-12,4.5,4.52,4.45,4.52,88864
2012-10-15,4.53,4.53,4.46,4.49,35831
2012-10-16,4.46,4.5,4.4,4.44,21186
2012-10-17,4.48,4.5,4.38,4.45,25283
2012-10-18,4.45,4.45,4.3501,4.42,21411
2012-10-19,4.32,4.39,4.24,4.24,69497
2012-10-22,4.24,4.35,4.11,4.29,63215
2012-10-23,4.23,4.36,4.23,4.28,47052
2012-10-24,4.28,4.36,4.23,4.27,28480
2012-10-25,4.26,4.2999,4.15,4.2,81720
2012-10-26,4.18,4.29,4.16,4.27,33172
2012-10-31,4.3,4.31,4.21,4.27,17635
2012-11-01,4.36,4.36,4.16,4.26,30731
2012-11-02,4.25,4.26,4.16,4.2,29165
2012-11-05,4.22,4.35,4.16,4.3,69985
2012-11-06,4.27,4.3,4.21,4.24,64650
2012-11-07,4.18,4.2,4.15,4.198,32819
2012-11-08,4.17,4.2,4.17,4.18,15227
2012-11-09,4.16,4.2,4.16,4.18,49044
2012-11-12,4.22,4.22,4.15,4.2,24870
2012-11-13,4.16,4.1899,3.77,4.05,292451
2012-11-14,3.9,4.2,3.9,4.02,142237
2012-11-15,4.01,4.03,3.8,3.89,120754
2012-11-16,3.85,3.95,3.76,3.95,57000
2012-11-19,3.95,4.09,3.95,4.07,63882
2012-11-20,4.09,4.15,4.04,4.06,41436
2012-11-21,4.03,4.14,4.03,4.07,34499
2012-11-23,4.2,4.2,4.08,4.17,53495
2012-11-26,4.13,4.16,4.03,4.15,101474
2012-11-27,4.09,4.15,4.06,4.08,78971
2012-11-28,4.12,4.12,4.06,4.08,34650
2012-11-29,4.07,4.1,4.03,4.05,58287
2012-11-30,3.95,4.0599,3.95,3.99,28935
2012-12-03,3.99,4.01,3.95,3.98,21850
2012-12-04,4.01,4.02,3.93,3.97,50419
2012-12-05,3.99,4.06,3.95,4.0,102212
2012-12-06,4.01,4.01,3.93,4.01,222229
2012-12-07,4.0,4.01,3.93,3.93,36886
2012-12-10,3.96,3.96,3.81,3.88,47305
2012-12-11,3.97,3.98,3.85,3.87,23255
2012-12-12,3.91,3.91,3.71,3.75,57974
2012-12-13,3.71,3.82,3.7,3.72,36135
2012-12-14,3.7299,3.7299,3.55,3.6,82422
2012-12-17,3.64,3.88,3.52,3.87,98075
2012-12-18,3.91,4.12,3.83,3.94,96475
2012-12-19,4.09,4.16,3.83,3.88,41535
2012-12-20,3.8703,4.07,3.8703,3.97,55604
2012-12-21,3.9,4.0,3.81,4.0,37774
2012-12-24,4.089,4.089,3.88,4.01,17237
2012-12-26,3.96,3.99,3.81,3.95,27434
2012-12-27,3.9,3.95,3.8891,3.94,12602
2012-12-28,3.88,3.93,3.75,3.8996,25890
2012-12-31,3.86,4.05,3.75,3.99,109040
2013-01-02,4.03,4.05,3.85,3.95,67494
2013-01-03,3.91,4.0,3.83,3.98,65636
2013-01-04,3.95,3.97,3.7,3.93,180030
2013-01-07,3.89,3.9299,3.78,3.89,39972
2013-01-08,3.89,3.89,3.68,3.72,52861
2013-01-09,3.72,3.9,3.7,3.88,38912
2013-01-10,3.86,4.0,3.86,3.98,52863
2013-01-11,3.98,4.0,3.85,3.99,51250
2013-01-14,4.0,4.04,3.86,3.93,99109
2013-01-15,3.82,3.97,3.8,3.94,37949
2013-01-16,3.96,3.96,3.86,3.94,16744
2013-01-17,4.0,4.0,3.82,3.91,42603
2013-01-18,3.9,3.91,3.85,3.89,29607
2013-01-22,3.93,3.93,3.75,3.8,76595
2013-01-23,3.766,3.79,3.71,3.7599,26359
2013-01-24,3.77,3.77,3.66,3.72,50813
2013-01-25,3.71,3.75,3.66,3.74,39810
2013-01-28,3.76,3.76,3.64,3.71,24604
2013-01-29,3.65,3.6799,3.43,3.47,89082
2013-01-30,3.5,3.672,3.37,3.6,69490
2013-01-31,3.5999,3.6,3.4399,3.59,26002
2013-02-01,3.6501,4.01,3.63,4.009,202213
2013-02-04,4.11,4.19,3.9305,4.08,169397
2013-02-05,4.1,4.1,4.0,4.05,53072
2013-02-06,4.05,4.08,4.01,4.07,33930
2013-02-07,4.07,4.19,4.02,4.04,44312
2013-02-08,4.05,4.05,3.905,3.98,63715
2013-02-11,3.94,4.0299,3.86,3.88,26631
2013-02-12,3.84,4.1,3.81,4.01,119201
2013-02-13,4.0,4.03,3.87,4.0,21651
2013-02-14,4.0,4.02,3.85,3.92,25285
2013-02-15,4.0,4.0,3.81,3.81,32183
2013-02-19,3.78,3.98,3.78,3.9,74124
2013-02-20,3.91,4.0,3.83,3.98,45956
2013-02-21,4.0,4.05,3.86,3.9,72448
2013-02-22,3.9,3.9,3.7499,3.81,57059
2013-02-25,3.82,3.89,3.72,3.74,45508
2013-02-26,3.74,3.77,3.65,3.7,29043
2013-02-27,3.71,3.76,3.55,3.57,72723
2013-02-28,3.58,3.63,3.471,3.53,55984
2013-03-01,3.5501,3.73,3.5501,3.71,32164
2013-03-04,3.66,3.85,3.66,3.79,32492
2013-03-05,3.82,3.91,3.67,3.72,91042
2013-03-06,3.75,3.7599,3.6,3.64,22980
2013-03-07,3.67,3.95,3.67,3.89,62155
2013-03-08,3.89,3.95,3.8401,3.9,79684
2013-03-11,3.93,3.93,3.69,3.75,72598
2013-03-12,3.74,3.87,3.71,3.74,41971
2013-03-13,3.82,3.89,3.78,3.89,37100
2013-03-14,3.88,3.8899,3.72,3.84,55491
2013-03-15,3.87,3.87,3.66,3.71,119666
2013-03-18,3.68,3.8,3.68,3.76,11420
2013-03-19,3.78,3.78,3.68,3.74,17941
2013-03-20,3.72,3.95,3.68,3.88,47748
2013-03-21,3.85,3.9199,3.8,3.8803,11450
2013-03-22,3.89,3.98,3.88,3.97,40288
2013-03-25,4.0,4.175,3.931,4.01,298144
2013-03-26,4.02,4.04,3.82,3.99,49481
2013-03-27,3.9,3.9367,3.8125,3.84,39148
2013-03-28,3.75,3.93,3.75,3.88,38401
2013-04-01,4.1,4.1,3.88,4.02,98185
2013-04-02,4.0,4.0,3.894,3.97,36935
2013-04-03,3.99,4.03,3.84,3.92,100708
2013-04-04,3.97,3.99,3.89,3.97,40079
2013-04-05,3.89,4.0,3.88,3.95,19779
2013-04-08,4.0,4.04,3.91,3.99,50052
2013-04-09,4.0,4.06,3.96,4.0,47632
2013-04-10,3.96,4.04,3.93,4.02,63608
2013-04-11,4.01,4.04,3.97,4.0,27660
2013-04-12,3.99,4.04,3.95,4.02,31662
2013-04-15,4.0,4.0,3.87,3.89,50348
2013-04-16,3.87,3.9499,3.8,3.9,41132
2013-04-17,3.9,3.9,3.72,3.83,27851
2013-04-18,3.83,3.83,3.7303,3.79,9741
2013-04-19,3.78,3.83,3.78,3.8299,27122
2013-04-22,3.61,3.7,3.55,3.56,137690
2013-04-23,3.6,3.839,3.56,3.68,122083
2013-04-24,3.79,3.89,3.71,3.88,62895
2013-04-25,4.0,4.04,3.9301,3.98,260283
2013-04-26,4.0,4.2,3.99,4.09,222503
2013-04-29,4.1,4.35,4.0,4.24,388832
2013-04-30,4.25,4.31,4.15,4.23,165248
2013-05-01,4.24,4.24,4.1,4.11,54764
2013-05-02,4.13,4.24,4.05,4.13,33275
2013-05-03,4.18,4.25,4.13,4.21,56968
2013-05-06,4.2,4.2599,4.05,4.09,94385
2013-05-07,4.0501,4.08,3.9501,3.97,66532
2013-05-08,4.0,4.1,3.8,3.93,62638
2013-05-09,4.0,4.08,3.91,3.94,77466
2013-05-10,3.95,4.25,3.95,4.2,407442
2013-05-13,4.15,4.17,3.94,4.09,145832
2013-05-14,4.09,4.1,3.76,3.94,147516
2013-05-15,3.9,3.9,3.75,3.87,118465
2013-05-16,3.9,3.938,3.86,3.92,23101
2013-05-17,3.91,4.01,3.84,3.94,32199
2013-05-20,3.9685,3.9798,3.861,3.935,23515
2013-05-21,3.96,3.96,3.78,3.8,58272
2013-05-22,3.78,3.8,3.75,3.78,60904
2013-05-23,3.75,3.89,3.75,3.89,33956
2013-05-24,3.84,3.85,3.75,3.81,19965
2013-05-28,3.79,4.08,3.79,4.03,65514
2013-05-29,4.05,4.05,3.77,3.81,52740
2013-05-30,3.79,3.91,3.77,3.8,40267
2013-05-31,3.83,3.85,3.7,3.75,79120
2013-06-03,3.79,3.79,3.7001,3.73,29875
2013-06-04,3.7,4.19,3.7,3.92,490489
2013-06-05,5.54,6.95,5.15,5.33,18711237
2013-06-06,5.55,5.78,5.05,5.38,4080355
2013-06-07,5.62,5.8,5.42,5.69,1723199
2013-06-10,5.85,8.29,5.77,7.85,9399209
2013-06-11,8.03,8.5,7.51,7.75,9062827
2013-06-12,7.52,7.58,6.25,6.62,4347794
2013-06-13,6.46,6.9,6.06,6.44,2404812
2013-06-14,6.47,6.62,6.21,6.27,1376398
2013-06-17,7.2,8.31,7.11,7.79,11334753
2013-06-18,7.5,7.7,7.01,7.02,3503525
2013-06-19,6.9,7.68,6.72,7.11,3380599
2013-06-20,7.12,7.35,6.8,6.9,2405481
2013-06-21,6.9,7.17,6.11,6.69,3868975
2013-06-24,6.2,6.93,6.2,6.75,1967619
2013-06-25,6.94,7.1799,6.56,6.67,1839551
2013-06-26,6.17,6.28,6.03,6.11,3028647
2013-06-27,6.1,6.42,6.03,6.06,1782640
2013-06-28,6.06,6.07,5.6,5.62,2007914
2013-07-01,5.52,5.89,5.51,5.54,1367047
2013-07-02,5.52,5.64,5.27,5.34,1407351
2013-07-03,5.26,5.57,5.16,5.23,1209081
2013-07-05,5.31,5.35,4.86,5.12,2937055
2013-07-08,5.03,5.49,4.81,5.33,3792026
2013-07-09,5.54,5.67,5.11,5.15,4312719
2013-07-10,5.18,5.18,4.9,5.0,1562429
2013-07-11,4.92,4.94,4.55,4.59,3353187
2013-07-12,4.54,4.7,4.42,4.53,1242263
2013-07-15,4.68,5.25,4.66,4.76,4362347
2013-07-16,4.8,4.83,4.53,4.53,1252371
2013-07-17,4.52,4.8,4.52,4.66,1526506
2013-07-18,4.71,4.82,4.57,4.58,859303
2013-07-19,4.59,4.63,4.48,4.54,655957
2013-07-22,4.54,4.67,4.44,4.45,932358
2013-07-23,4.46,5.05,4.41,4.91,2820316
2013-07-24,4.9,5.18,4.66,4.73,2082608
2013-07-25,4.76,4.94,4.72,4.82,781605
2013-07-26,5.26,5.43,5.12,5.26,4392146
2013-07-29,5.19,5.64,5.13,5.26,2516189
2013-07-30,5.26,5.35,5.0,5.08,1417978
2013-07-31,5.09,5.159,5.0,5.04,811522
2013-08-01,5.1,5.24,5.05,5.07,670997
2013-08-02,5.13,5.18,5.0,5.04,569624
2013-08-05,5.04,5.1,4.8,4.88,1081502
2013-08-06,4.81,5.16,4.81,5.11,1216287
2013-08-07,5.11,5.13,4.9,4.93,571536
2013-08-08,5.0,5.15,4.895,4.93,699975
2013-08-09,4.98,5.34,4.85,4.95,2237610
2013-08-12,4.97,5.04,4.71,4.74,1165140
2013-08-13,4.75,4.9,4.62,4.8,890004
2013-08-14,4.95,4.95,4.65,4.68,916364
2013-08-15,4.68,4.68,4.43,4.43,1002739
2013-08-16,4.43,4.5499,4.36,4.44,575846
2013-08-19,4.44,4.54,4.2,4.22,823841
2013-08-20,4.3,4.55,4.12,4.53,1078651
2013-08-21,4.7,4.72,4.5,4.57,595025
2013-08-22,4.58,4.64,4.45,4.51,303791
2013-08-23,4.48,4.68,4.48,4.61,681459
2013-08-26,4.65,4.67,4.46,4.5,368175
2013-08-27,4.52,4.85,4.44,4.63,1373067
2013-08-28,4.69,4.85,4.67,4.69,493907
2013-08-29,4.71,4.93,4.61,4.65,631562
2013-08-30,4.67,4.72,4.55,4.71,486840
2013-09-03,4.79,4.79,4.65,4.73,802925
2013-09-04,4.75,4.75,4.58,4.61,716818
2013-09-05,4.64,4.94,4.56,4.94,736896
2013-09-06,4.98,5.34,4.77,5.09,1848669
2013-09-09,5.09,5.65,5.09,5.57,2793426
2013-09-10,5.56,5.72,5.25,5.54,1421239
2013-09-11,5.55,5.55,5.28,5.34,834047
2013-09-12,5.38,5.38,5.16,5.21,667381
2013-09-13,5.26,5.46,5.12,5.37,500008
2013-09-16,5.46,5.46,5.0698,5.08,929585
2013-09-17,5.25,5.55,5.21,5.35,1789171
2013-09-18,5.42,5.61,5.21,5.49,1484267
2013-09-19,5.85,6.99,5.75,6.7,7779300
2013-09-20,6.6,7.33,6.47,6.6,4762606
2013-09-23,6.65,7.2,6.6,7.04,3694328
2013-09-24,7.29,8.6,7.29,8.34,7768141
2013-09-25,8.58,9.13,8.25,8.85,6898813
2013-09-26,9.0,9.2,8.38,8.6,5091000
2013-09-27,8.58,8.6,7.88,8.04,2807800
2013-09-30,7.55,8.43,7.51,7.78,3008100
2013-10-01,7.9,8.2,7.34,7.64,3773100
2013-10-02,7.51,7.9,7.4,7.53,1789650
2013-10-03,7.55,7.59,7.02,7.1,2269300
2013-10-04,7.1,7.56,7.1,7.47,2394328
2013-10-07,7.37,7.69,7.23,7.33,1290398
2013-10-08,7.35,7.6,6.81,7.09,2243200
2013-10-09,7.03,7.25,6.71,7.08,1117300
2013-10-10,7.32,7.48,7.13,7.23,892820
2013-10-11,7.11,7.37,7.05,7.29,774500
2013-10-14,7.1,8.18,7.05,8.05,4077300
2013-10-15,8.3,8.54,7.75,7.77,3211800
2013-10-16,7.88,8.0,7.54,7.67,1838800
2013-10-17,7.68,7.85,7.56,7.66,769250
2013-10-18,7.73,8.0,7.59,7.68,1536141
2013-10-21,7.77,8.44,7.74,8.33,2748800
2013-10-22,8.38,8.74,7.7,8.1,1923652
2013-10-23,8.05,8.17,7.76,7.84,910500
2013-10-24,7.82,8.15,7.51,7.64,1797200
2013-10-25,7.68,7.68,7.0,7.13,2065900
2013-10-28,7.57,7.65,7.06,7.19,1523700
2013-10-29,7.17,7.27,6.81,7.09,769500
2013-10-30,7.05,7.1,6.55,6.68,1315800
2013-10-31,6.59,6.77,6.51,6.55,847865
2013-11-01,6.55,6.66,6.32,6.64,806300
2013-11-04,6.73,7.1,6.55,6.98,1141565
2013-11-05,6.79,7.11,6.72,6.85,759000
2013-11-06,7.02,7.02,6.58,6.67,679807
2013-11-07,6.65,6.749,6.2,6.29,1059849
2013-11-08,6.26,6.5,6.15,6.2,1068500
2013-11-11,6.45,7.0,6.36,6.91,1391300
2013-11-12,6.87,7.12,6.63,6.82,997750
2013-11-13,6.71,7.0,6.66,6.88,580500
2013-11-14,7.1,7.45,6.64,6.81,1887100
2013-11-15,7.19,7.19,6.75,7.04,886500
2013-11-18,7.05,7.45,6.95,7.09,1454550
2013-11-19,7.05,7.2,6.75,7.1,753100
2013-11-20,7.01,7.022,6.75,6.78,450444
2013-11-21,6.96,7.17,6.9,6.96,691150
2013-11-22,7.0,7.11,6.85,7.03,560600
2013-11-25,7.03,7.1,6.83,6.87,423700
2013-11-26,6.86,7.0,6.72,6.86,443200
2013-11-27,6.86,7.216,6.86,7.17,850336
2013-11-29,7.2,7.35,7.06,7.17,477467
2013-12-02,7.08,7.21,6.86,6.9,467200
2013-12-03,6.87,6.96,6.76,6.79,369700
2013-12-04,6.77,6.94,6.7,6.83,559499
2013-12-05,6.83,6.96,6.8,6.84,326600
2013-12-06,6.95,7.35,6.9,7.17,2193700
2013-12-09,7.43,7.89,7.25,7.88,2641440
2013-12-10,7.75,7.89,7.51,7.62,852000
2013-12-11,7.61,7.78,7.08,7.15,1060500
2013-12-12,7.2,7.41,7.02,7.26,784100
2013-12-13,7.3,7.8,7.27,7.77,1490700
2013-12-16,7.72,8.28,7.6,7.86,1841700
2013-12-17,7.86,8.14,7.77,7.97,1026000
2013-12-18,8.03,8.27,7.74,7.83,1227851
2013-12-19,7.82,7.82,7.35,7.5,1127200
2013-12-20,7.61,7.62,7.41,7.5,606800
2013-12-23,7.55,7.88,7.5,7.69,829100
2013-12-24,8.19,8.57,7.91,8.0,2683295
2013-12-26,8.3,8.38,8.04,8.21,926300
2013-12-27,8.24,10.48,8.2,10.34,5814875
2013-12-30,12.23,12.79,11.5,11.95,10760240
2013-12-31,11.95,12.1,10.85,11.79,3699600
2014-01-02,11.61,14.28,11.5,13.64,6960584
2014-01-03,13.64,13.94,12.77,13.29,4012939
2014-01-06,13.53,13.55,11.95,12.07,3121933
2014-01-07,12.15,13.65,11.92,12.86,3653800
2014-01-08,12.76,14.35,12.32,13.15,5529101
2014-01-09,13.27,14.09,12.85,13.11,2447300
2014-01-10,13.0,13.35,12.55,12.73,1398400
2014-01-13,12.6,13.55,12.34,12.58,2049900
2014-01-14,12.58,13.32,12.55,12.95,1221900
2014-01-15,13.42,15.15,13.0,15.0,5831122
2014-01-16,14.76,15.39,13.92,14.23,7640600
2014-01-17,14.7,14.83,13.6,13.76,2859200
2014-01-21,14.17,14.17,13.12,13.33,2101800
2014-01-22,13.56,14.3,13.15,13.9,2513413
2014-01-23,13.39,13.87,12.6,13.11,3729865
2014-01-24,12.85,13.06,12.23,12.37,2363950
2014-01-27,12.45,12.5,10.9,11.61,2860900
2014-01-28,11.87,12.47,11.77,12.19,1339065
2014-01-29,11.88,12.69,11.59,11.84,1597800
2014-01-30,12.14,12.49,12.06,12.17,1089830
2014-01-31,11.55,12.08,11.54,11.96,757500
2014-02-03,11.99,12.24,11.11,11.22,1254428
2014-02-04,11.48,11.75,11.0,11.67,937438
2014-02-05,11.39,11.65,10.9,11.62,886337
2014-02-06,11.3,12.72,11.3,12.6,1731814
2014-02-07,12.54,13.15,12.41,13.04,1639962
2014-02-10,13.93,14.75,13.55,13.81,4347770
2014-02-11,13.97,14.17,13.23,13.48,1411239
2014-02-12,13.66,13.75,13.15,13.35,840182
2014-02-13,13.07,13.89,13.02,13.28,1278568
2014-02-14,13.237,13.52,13.05,13.194,785844
2014-02-18,13.25,14.09,13.25,13.88,2243860
2014-02-19,13.77,13.85,13.3,13.35,1326100
2014-02-20,13.9,14.2,13.45,13.67,1800890
2014-02-21,13.79,13.83,13.3,13.36,1049150
2014-02-24,14.26,15.8,13.5,15.56,8732134
2014-02-25,15.6,16.95,15.2,15.57,7115784
2014-02-26,15.78,16.78,15.2,15.82,4132419
2014-02-27,16.1,16.74,15.9,16.46,2574963
2014-02-28,16.54,17.47,16.28,16.69,4088905
2014-03-03,16.38,17.42,16.05,17.33,3003269
2014-03-04,18.35,18.75,17.9,18.35,3815507
2014-03-05,19.05,19.9,18.75,19.9,4398061
2014-03-06,20.65,20.75,19.06,19.3,4491106
2014-03-07,19.66,19.75,18.21,19.4,2548162
2014-03-10,19.22,19.8,18.3,19.05,1855715
2014-03-11,18.97,19.25,17.51,17.82,2366355
2014-03-12,17.18,18.01,17.05,17.98,1397635
2014-03-13,18.12,18.31,17.25,17.64,1328411
2014-03-14,17.5,17.98,16.64,17.36,2416144
2014-03-17,19.38,22.11,19.01,21.41,15079170
2014-03-18,21.95,22.4,20.58,21.16,5310954
2014-03-19,20.14,20.71,18.75,19.04,6182721
2014-03-20,18.65,19.3,18.26,18.37,2632442
2014-03-21,18.72,19.2,17.67,18.9,3377302
2014-03-24,19.09,19.13,16.7,17.6,4647834
2014-03-25,17.63,17.85,16.7,17.45,1955615
2014-03-26,17.86,17.95,16.18,16.22,2335900
2014-03-27,16.11,16.45,15.25,15.7,2657990
2014-03-28,16.1,17.481,15.56,16.14,4325134
2014-03-31,16.52,16.75,16.04,16.4,1443641
2014-04-01,15.56,16.4,15.4,15.8,2483345
2014-04-02,16.25,17.69,16.1,16.57,3515758
2014-04-03,16.5,16.69,15.7,15.73,1871638
2014-04-04,15.83,15.89,13.63,14.08,4380084
2014-04-07,13.5,14.16,12.6,13.19,3903143
2014-04-08,13.46,14.59,13.36,14.34,2979482
2014-04-09,14.5,14.6,13.8,14.38,2034793
2014-04-10,14.45,14.48,12.68,12.74,2939912
2014-04-11,12.22,12.73,11.84,12.26,2775279
2014-04-14,13.14,13.38,11.8,12.16,2937427
2014-04-15,12.33,12.48,10.68,11.77,4055674
2014-04-16,12.09,12.1,11.41,11.88,1865269
2014-04-17,11.7,11.95,11.14,11.9,1979776
2014-04-21,11.9,13.06,11.85,12.62,3074163
2014-04-22,12.71,13.6,12.39,13.46,2738981
2014-04-23,13.32,13.48,12.83,12.88,1488852
2014-04-24,13.13,13.26,12.38,12.61,1190611
2014-04-25,12.4,12.4,11.87,12.15,1052849
2014-04-28,12.2,12.306,10.7,11.08,2092036
2014-04-29,11.32,11.87,11.1,11.6,1747967
2014-04-30,11.43,11.47,10.85,11.21,1030923
2014-05-01,11.19,11.749,11.07,11.39,1022357
2014-05-02,11.37,11.52,11.02,11.31,646867
2014-05-05,11.1,12.43,11.07,12.33,1561323
2014-05-06,12.84,13.46,12.4,13.14,4369138
2014-05-07,13.1,13.22,12.26,12.45,1748090
2014-05-08,11.8,12.19,11.3,11.56,1395201
2014-05-09,11.39,11.66,11.13,11.44,1002705
2014-05-12,11.92,13.94,11.75,13.26,5626725
2014-05-13,13.48,13.88,12.35,12.4,3187837
2014-05-14,12.09,12.19,11.55,11.86,1345668
2014-05-15,12.11,12.18,11.43,12.1,1290346
2014-05-16,12.17,12.21,11.52,11.84,940374
2014-05-19,11.39,11.59,11.15,11.46,1519613
2014-05-20,11.36,11.48,11.0,11.18,1116455
2014-05-21,11.19,11.31,10.85,11.06,1284619
2014-05-22,11.08,11.32,10.94,11.02,1030638
2014-05-23,10.97,11.72,10.96,11.47,1787715
2014-05-27,11.91,12.78,11.91,12.59,2627035
2014-05-28,12.9,13.11,12.45,12.51,1559942
2014-05-29,12.56,12.7,12.2,12.54,1116765
2014-05-30,12.36,12.5,12.0,12.23,758111
2014-06-02,12.15,12.22,11.6,11.75,859962
2014-06-03,11.64,11.95,11.6,11.76,456418
2014-06-04,11.73,12.37,11.56,12.19,834781
2014-06-05,12.24,12.63,12.11,12.2,1100898
2014-06-06,12.18,12.41,11.74,12.09,902937
2014-06-09,12.09,12.7,12.0,12.36,960936
2014-06-10,12.37,12.7,12.25,12.28,693500
2014-06-11,12.18,13.18,12.04,13.15,1575783
2014-06-12,13.2,13.44,12.32,12.64,1449177
2014-06-13,12.64,12.84,12.3,12.75,601888
2014-06-16,12.66,13.36,12.65,13.15,925100
2014-06-17,13.18,14.47,13.07,14.09,2954403
2014-06-18,14.27,14.29,13.66,13.92,1372355
2014-06-19,14.04,14.04,13.42,13.59,856590
2014-06-20,13.58,13.6,12.91,13.23,1210458
2014-06-23,12.7,13.37,12.53,13.09,1359043
2014-06-24,13.2,13.6,12.63,12.73,1053178
2014-06-25,12.61,12.92,12.52,12.89,642315
2014-06-26,12.98,13.35,12.8,13.07,758782
2014-06-27,12.99,14.6,12.99,13.65,3494871
2014-06-30,13.72,14.48,13.65,14.14,1518461
2014-07-01,14.26,15.15,14.11,14.21,2307743
2014-07-02,14.32,14.89,13.8,14.13,1565700
2014-07-03,14.42,14.43,13.9,14.0,648949
2014-07-07,14.88,15.58,14.65,14.85,3680084
2014-07-08,15.03,15.19,14.2,14.7,1498703
2014-07-09,14.88,15.38,14.33,14.8,1432247
2014-07-10,14.2,14.8,13.96,14.51,1036668
2014-07-11,14.44,14.97,14.36,14.72,831039
2014-07-14,16.1,18.71,15.76,18.64,11728407
2014-07-15,19.13,19.92,18.05,18.1,10246238
2014-07-16,18.32,19.44,17.64,19.12,5823268
2014-07-17,18.74,20.94,18.61,18.89,8085434
2014-07-18,19.44,20.14,18.81,19.62,4360914
2014-07-21,20.81,22.22,20.53,21.6,9482614
2014-07-22,22.1,22.49,20.8,20.82,4490809
2014-07-23,20.3,21.31,18.1,18.28,7530428
2014-07-24,18.31,19.18,16.35,16.4,8155019
2014-07-25,16.65,17.8,16.65,17.38,4093851
2014-07-28,17.76,18.17,17.05,17.15,2987781
2014-07-29,17.33,17.45,16.2,16.57,2408718
2014-07-30,16.83,17.29,16.36,17.25,2129410
2014-07-31,16.97,18.06,16.76,16.9,3203393
2014-08-01,17.0,17.58,16.45,16.94,2313662
2014-08-04,17.04,17.92,16.95,17.8,2863330
2014-08-05,17.56,19.38,17.4,18.78,5484589
2014-08-06,18.6,19.45,18.45,19.04,3397310
2014-08-07,19.28,19.75,19.07,19.2,2820448
2014-08-08,19.3,19.87,18.05,18.57,3243700
2014-08-11,19.95,20.52,18.85,19.09,5997178
2014-08-12,19.25,19.27,17.0,17.21,4497154
2014-08-13,17.42,18.13,17.3,17.52,3559714
2014-08-14,17.63,18.02,17.12,17.47,2755488
2014-08-15,17.55,18.09,17.314,17.73,3041526
2014-08-18,18.54,19.18,18.13,18.87,4411037
2014-08-19,19.0,19.94,18.65,19.74,3140831
2014-08-20,19.55,20.87,19.35,20.39,4090815
2014-08-21,21.02,21.18,18.55,19.18,6417276
2014-08-22,19.19,19.7,18.62,19.28,2175388
2014-08-25,19.02,19.48,18.17,18.27,2524039
2014-08-26,19.73,20.38,18.96,19.09,5190881
2014-08-27,19.69,19.75,18.97,19.26,2336483
2014-08-28,19.09,19.44,18.8,19.12,1769718
2014-08-29,19.4,19.58,17.17,17.86,9601496
2014-09-02,17.88,17.9,17.31,17.54,2387486
2014-09-03,18.15,18.25,17.21,17.25,4229453
2014-09-04,17.28,17.59,17.01,17.13,2173978
2014-09-05,17.04,17.43,16.85,17.07,1795684
2014-09-08,17.02,17.17,16.5,16.65,2010451
2014-09-09,16.55,16.64,15.62,15.65,3439194
2014-09-10,15.51,16.3,14.79,16.28,3909266
2014-09-11,15.91,16.07,15.55,15.91,1700623
2014-09-12,15.89,16.1,15.6,15.7,1595437
2014-09-15,15.79,15.8,15.0,15.35,2054878
2014-09-16,15.09,15.73,15.0,15.68,1244519
2014-09-17,15.69,15.94,15.46,15.76,1279615
2014-09-18,15.8,15.89,15.3,15.39,938913
2014-09-19,15.22,15.44,14.8,15.02,1365604
2014-09-22,14.79,14.9,13.97,14.03,2000210
2014-09-23,13.5,14.42,13.04,14.26,2049752
2014-09-24,14.17,14.36,14.02,14.06,867622
2014-09-25,14.0,14.109,13.24,13.43,1590477
2014-09-26,13.57,13.9,13.49,13.84,820547
2014-09-29,13.48,13.81,13.45,13.45,644514
2014-09-30,13.45,13.58,12.98,12.99,1645726
2014-10-01,12.95,12.98,11.89,12.03,2124809
2014-10-02,12.69,14.87,12.5,14.24,6017921
2014-10-03,14.49,14.54,13.2,13.44,3081798
2014-10-06,13.98,15.08,13.3,14.5,3687519
2014-10-07,14.29,14.89,13.5,13.6,2414513
2014-10-08,13.52,13.78,12.78,13.69,1753086
2014-10-09,13.59,13.77,13.0,13.09,1407328
2014-10-10,12.75,13.2,12.07,12.1,1793747
2014-10-13,12.28,12.74,11.91,12.0,1845250
2014-10-14,12.26,12.4,11.5,11.83,1470859
2014-10-15,11.51,12.6,11.2,12.59,1557038
2014-10-16,11.89,13.7,11.8,13.22,2453982
2014-10-17,13.65,13.73,12.81,12.94,1511368
2014-10-20,13.0,13.54,12.91,13.45,1293843
2014-10-21,13.48,13.94,13.01,13.09,2034349
2014-10-22,13.1,13.68,12.8,12.86,1296145
2014-10-23,13.51,13.86,13.15,13.64,1580379
2014-10-24,13.59,14.34,13.51,14.01,1368319
2014-10-27,14.35,15.06,14.0,14.95,1982886
2014-10-28,15.23,15.7,15.13,15.38,1619656
2014-10-29,15.4,15.68,14.85,15.5,1054734
2014-10-30,16.5,16.62,15.88,16.16,1678963
2014-10-31,16.46,16.52,15.94,16.52,1083142
2014-11-03,16.72,17.3,16.61,17.25,1838371
2014-11-04,17.0,17.52,16.9,17.48,1148184
2014-11-05,17.6,17.9,16.01,16.34,1717947
2014-11-06,16.37,17.24,16.35,17.14,1404745
2014-11-07,17.2,17.34,16.65,17.1,1201116
2014-11-10,17.8,18.17,14.8,14.86,5221349
2014-11-11,15.0,15.89,14.88,15.71,1496303
2014-11-12,15.32,15.75,14.52,14.75,1830723
2014-11-13,14.71,14.78,13.05,13.17,3971532
2014-11-14,13.43,13.8,13.18,13.73,1497836
2014-11-17,14.0,14.48,13.76,14.17,1537434
2014-11-18,14.09,14.98,14.09,14.74,1547472
2014-11-19,14.72,14.74,14.11,14.32,1343722
2014-11-20,14.1,14.414,13.86,14.2,1109254
2014-11-21,14.67,14.67,13.9,14.04,1252641
2014-11-24,14.01,14.33,14.0,14.29,641425
2014-11-25,14.53,14.71,14.31,14.38,887966
2014-11-26,14.4,14.44,14.04,14.25,564929
2014-11-28,14.15,14.23,14.003,14.13,392574
2014-12-01,13.99,14.01,13.41,13.62,918642
2014-12-02,13.79,13.818,13.08,13.35,829764
2014-12-03,13.1,13.468,13.07,13.24,730692
2014-12-04,13.17,14.29,13.17,13.71,1145737
2014-12-05,13.79,14.09,13.64,13.71,799323
2014-12-08,13.55,13.65,12.86,13.31,886357
2014-12-09,13.08,13.19,12.56,13.09,1267768
2014-12-10,13.01,13.36,12.85,12.88,566389
2014-12-11,13.23,13.23,12.76,12.85,513206
2014-12-12,12.74,12.83,12.4,12.45,569637
2014-12-15,12.4,12.63,11.52,11.58,1313049
2014-12-16,11.4,11.4,10.3,10.52,2110881
2014-12-17,11.18,11.23,10.6,11.21,1015049
2014-12-18,11.73,11.89,11.36,11.57,1016135
2014-12-19,11.67,11.72,11.22,11.46,812507
2014-12-22,11.47,11.5,11.02,11.23,825633
2014-12-23,11.18,12.0,11.15,11.91,774988
2014-12-24,11.96,13.43,11.801,12.9,1347998
2014-12-26,12.99,13.75,12.99,13.49,1016297
2014-12-29,13.6,13.67,12.88,13.23,718877
2014-12-30,13.7,14.35,13.37,14.24,2054336
2014-12-31,14.49,14.49,13.8,14.01,975599
2015-01-02,14.0,14.0,12.85,13.04,1590756
2015-01-05,12.63,12.97,12.47,12.8,753977
2015-01-06,12.74,12.9,11.31,12.12,1719674
2015-01-07,12.12,13.1,12.12,12.89,865431
2015-01-08,13.3,13.32,12.88,13.05,566131
2015-01-09,13.1,13.14,12.8,13.07,356283
2015-01-12,13.07,13.1,12.55,12.87,583740
2015-01-13,12.92,13.04,12.16,12.31,700254
2015-01-14,11.9,12.61,11.7,12.59,587711
2015-01-15,12.7,12.78,12.41,12.51,479326
2015-01-16,12.52,12.71,12.16,12.3,596719
2015-01-20,12.21,12.4,11.5,11.96,1039032
2015-01-21,12.11,12.7,11.82,12.52,855921
2015-01-22,12.79,12.83,12.26,12.74,738037
2015-01-23,12.75,13.46,12.57,12.94,1104659
2015-01-26,13.18,13.55,12.9,13.37,803747
2015-01-27,13.19,13.22,12.66,12.82,1140301
2015-01-28,12.83,13.17,12.584,12.96,822318
2015-01-29,12.9,13.15,12.71,13.11,453690
2015-01-30,13.03,13.5,12.76,13.32,689214
2015-02-02,13.32,13.58,13.08,13.51,491349
2015-02-03,13.61,13.85,13.35,13.58,508729
2015-02-04,13.48,13.7,13.05,13.21,436779
2015-02-05,13.4,13.7,13.1,13.26,591183
2015-02-06,13.23,13.28,12.69,12.97,600702
2015-02-09,12.97,13.15,12.82,12.85,259739
2015-02-10,12.85,12.99,12.68,12.86,382927
2015-02-11,12.81,12.84,12.2,12.25,721131
2015-02-12,12.27,12.61,12.25,12.37,382748
2015-02-13,12.3,12.55,12.18,12.31,364785
2015-02-17,14.0,14.64,13.8,14.02,3676862
2015-02-18,14.02,14.09,13.25,13.36,1048994
2015-02-19,13.24,13.76,13.1,13.5,539033
2015-02-20,13.72,13.8,13.33,13.62,614906
2015-02-23,13.52,13.6,13.21,13.285,697864
2015-02-24,13.35,13.55,13.07,13.15,475939
2015-02-25,13.11,13.35,13.03,13.205,348943
2015-02-26,13.3,13.95,13.18,13.83,754934
2015-02-27,13.89,14.21,13.64,13.84,617581
2015-03-02,13.9,14.12,13.54,13.61,544200
2015-03-03,13.56,13.65,13.25,13.54,416400
2015-03-04,13.55,13.58,13.28,13.43,356500
2015-03-05,13.54,13.96,13.5,13.69,418000
2015-03-06,13.82,13.98,13.31,13.4,567000
2015-03-09,13.45,13.63,13.23,13.33,307500
2015-03-10,13.5,13.85,13.35,13.62,551000
2015-03-11,13.57,13.71,13.39,13.55,349600
2015-03-12,13.56,13.69,13.3,13.38,314000
2015-03-13,13.4,13.43,12.93,13.23,529700
2015-03-16,14.27,14.85,13.88,14.54,4741800
2015-03-17,14.37,14.51,13.61,13.65,1388000
2015-03-18,13.52,13.68,13.02,13.33,1097700
2015-03-19,13.35,13.39,13.0,13.02,604700
2015-03-20,13.01,13.14,12.45,12.47,1510800
2015-03-23,12.92,12.97,12.52,12.72,858400
2015-03-24,12.68,12.98,12.62,12.85,491000
2015-03-25,12.83,12.86,12.32,12.37,722700
2015-03-26,12.34,12.36,12.02,12.03,669400
2015-03-27,12.07,12.4,11.92,12.19,605000
2015-03-30,12.46,12.47,12.2,12.35,406200
2015-03-31,12.48,12.5,12.303,12.39,320529
2015-04-01,12.36,12.48,12.21,12.32,270700
2015-04-02,12.28,12.54,12.21,12.27,294800
2015-04-06,12.2,12.39,11.97,12.25,473100
2015-04-07,12.27,12.47,12.27,12.32,286713
2015-04-08,12.43,13.0,12.38,12.78,997100
2015-04-09,12.95,13.44,12.88,13.24,1112234
2015-04-10,13.5,13.64,13.08,13.15,528800
2015-04-13,13.65,13.7,12.93,13.04,608100
2015-04-14,12.96,13.04,12.7,12.93,398000
2015-04-15,12.91,13.09,12.72,12.81,452538
2015-04-16,12.72,12.82,12.48,12.5,788935
2015-04-17,12.4,12.46,11.98,12.15,947600
2015-04-20,12.05,12.33,11.98,12.14,500551
2015-04-21,12.18,12.24,12.0,12.11,418566
2015-04-22,12.01,12.339,12.0,12.215,338413
2015-04-23,12.25,12.32,12.09,12.16,290000
2015-04-24,12.19,12.283,12.06,12.2,375298
2015-04-27,12.22,12.88,12.2,12.45,604400
2015-04-28,12.42,12.578,12.15,12.31,353492
2015-04-29,11.89,12.28,11.8,12.22,730900
2015-04-30,12.18,12.18,11.91,12.07,394600
2015-05-01,12.07,12.24,12.02,12.2,257000
2015-05-04,12.25,12.44,12.12,12.16,258500
2015-05-05,12.1,12.34,11.95,12.12,416000
2015-05-06,12.1,12.19,11.92,12.13,294501
2015-05-07,12.04,12.148,11.81,12.08,510116
2015-05-08,12.14,12.61,11.95,12.58,595100
2015-05-11,12.7,12.7,11.56,11.92,1702600
2015-05-12,11.88,11.88,10.36,10.8,2577371
2015-05-13,10.87,10.93,10.37,10.56,968300
2015-05-14,10.65,10.65,8.52,9.07,5422100
2015-05-15,9.07,9.49,9.03,9.13,1512796
2015-05-18,9.06,9.09,8.65,9.06,1337293
2015-05-19,9.1,9.16,8.88,9.0,652191
2015-05-20,8.95,9.09,8.77,8.9,522200
2015-05-21,8.84,9.38,8.84,9.25,953400
2015-05-22,9.32,10.0,9.21,9.96,1326900
2015-05-26,10.0,10.28,9.6,9.79,844414
2015-05-27,9.74,10.0,9.57,9.72,561300
2015-05-28,9.9,9.96,9.64,9.76,489269
2015-05-29,9.72,9.75,9.35,9.47,526400
2015-06-01,9.47,9.69,9.31,9.55,500335
2015-06-02,9.47,9.63,9.4,9.44,385036
2015-06-03,9.45,9.57,9.31,9.33,365700
2015-06-04,9.3,9.37,9.02,9.2,595700
2015-06-05,9.17,9.42,9.04,9.28,481600
2015-06-08,9.28,9.47,9.0,9.19,596400
2015-06-09,9.12,9.25,8.95,9.14,528444
2015-06-10,9.14,9.431,9.1218,9.26,560001
2015-06-11,9.28,9.96,9.24,9.85,1161348
2015-06-12,9.88,10.73,9.8,10.49,1978600
2015-06-15,10.4,10.95,9.91,10.1,1787700
2015-06-16,10.04,10.29,9.66,10.18,841500
2015-06-17,10.35,10.4,9.96,10.02,660900
2015-06-18,10.0,10.02,9.75,9.89,535000
2015-06-19,9.85,9.87,9.44,9.48,906300
2015-06-22,9.44,9.5,8.96,9.32,985700
2015-06-23,9.3,9.48,9.13,9.33,390196
2015-06-24,9.29,9.47,9.19,9.33,336700
2015-06-25,9.37,9.37,9.16,9.19,262800
2015-06-26,9.13,9.13,8.86,9.02,645400
2015-06-29,8.75,8.88,8.44,8.47,859800
2015-06-30,8.68,9.25,8.68,9.04,964801
2015-07-01,9.05,9.17,8.57,8.77,789200
2015-07-02,8.72,8.97,8.65,8.68,446600
2015-07-06,8.88,8.9,8.28,8.36,1197600
2015-07-07,8.32,8.36,6.9,7.78,2036700
2015-07-08,7.45,7.68,7.18,7.2,1006100
2015-07-09,7.71,7.97,7.5,7.64,951300
2015-07-10,8.0,8.0,7.53,7.61,592500
2015-07-13,7.9,8.22,7.7,8.07,895800
2015-07-14,8.08,8.1706,7.8,8.1,535559
2015-07-15,8.01,8.08,7.68,7.73,610577
2015-07-16,7.77,7.9,7.53,7.55,435000
2015-07-17,7.55,7.78,7.5,7.64,480400
2015-07-20,7.6,7.78,7.59,7.66,380300
2015-07-21,7.7,7.96,7.7,7.88,291400
2015-07-22,7.82,7.84,7.59,7.61,282900
2015-07-23,7.72,7.85,7.5,7.57,381000
2015-07-24,7.6,7.64,7.27,7.29,287800
2015-07-27,7.0,7.13,6.8,6.84,576800
2015-07-28,6.9,7.14,6.68,7.13,492500
2015-07-29,7.15,7.41,7.09,7.35,225300
2015-07-30,7.31,7.41,7.09,7.14,263200
2015-07-31,7.13,7.33,7.11,7.29,256000
2015-08-03,7.26,7.36,6.97,7.04,391514
2015-08-04,7.09,7.38,7.09,7.26,293900
2015-08-05,7.39,7.39,7.17,7.2,204200
2015-08-06,7.33,7.59,7.17,7.59,456976
2015-08-07,7.53,7.79,7.36,7.64,572900
2015-08-10,7.68,7.68,6.82,7.09,1144200
2015-08-11,7.23,7.23,6.88,6.93,396223
2015-08-12,6.93,6.99,6.53,6.99,474500
2015-08-13,7.0,7.01,6.75,6.82,257800
2015-08-14,6.78,6.93,6.76,6.84,207200
2015-08-17,6.81,7.11,6.72,7.09,383000
2015-08-18,7.01,7.94,6.92,7.7,1003000
2015-08-19,7.53,8.65,7.36,7.73,1414500
2015-08-20,7.65,7.83,7.21,7.26,551500
2015-08-21,7.13,7.2,6.71,6.8,860600
2015-08-24,6.03,6.44,5.555,6.06,976026
2015-08-25,6.37,6.48,5.88,5.9,582400
2015-08-26,6.05,6.18,5.84,6.05,565600
2015-08-27,6.42,6.68,6.25,6.62,560800
2015-08-28,6.5,6.94,6.49,6.73,356300
2015-08-31,6.66,6.93,6.52,6.76,260800
2015-09-01,6.5,6.7,6.27,6.34,418400
2015-09-02,6.36,6.5,6.16,6.3,301900
2015-09-03,6.3,6.39,6.16,6.16,170300
2015-09-04,6.15,6.28,6.12,6.15,237400
2015-09-08,6.37,6.59,6.25,6.38,254100
2015-09-09,6.49,6.68,6.22,6.22,243900
2015-09-10,6.19,6.28,6.12,6.16,217462
2015-09-11,6.16,6.24,6.06,6.23,160800
2015-09-14,6.21,6.24,5.75,5.84,434000
2015-09-15,5.97,6.15,5.87,6.09,369882
2015-09-16,6.11,6.38,6.1,6.3,330100
2015-09-17,6.32,6.34,6.17,6.24,220473
2015-09-18,6.14,6.28,6.05,6.1,270500
2015-09-21,6.15,6.32,6.07,6.15,330100
2015-09-22,6.05,6.15,5.93,6.03,203900
2015-09-23,6.03,6.12,5.88,5.91,204802
2015-09-24,5.85,5.98,5.77,5.96,233765
2015-09-25,6.02,6.1,5.76,5.77,238900
2015-09-28,5.74,5.74,5.26,5.28,576664
2015-09-29,5.3,5.34,5.05,5.1,563500
2015-09-30,5.24,5.59,5.06,5.25,812400
2015-10-01,5.25,5.44,5.2,5.4,219100
2015-10-02,5.39,5.77,5.27,5.73,413600
2015-10-05,5.78,6.2,5.77,6.16,500314
2015-10-06,6.12,6.49,6.11,6.41,429400
2015-10-07,6.5,6.75,6.22,6.58,436400
2015-10-08,6.53,6.65,6.35,6.56,264000
2015-10-09,6.6,6.98,6.55,6.95,400900
2015-10-12,7.01,7.78,7.01,7.6,848387
2015-10-13,7.6,7.66,6.92,7.21,558700
2015-10-14,7.17,7.65,7.14,7.41,371400
2015-10-15,7.6,7.98,7.45,7.86,695400
2015-10-16,7.83,8.08,7.4,7.78,391700
2015-10-19,7.72,9.29,7.72,9.23,1622583
2015-10-20,9.39,9.65,8.84,9.53,1185600
2015-10-21,9.5,9.53,9.01,9.14,674200
2015-10-22,9.08,9.29,8.53,8.71,785400
2015-10-23,8.76,9.34,8.71,9.02,564200
2015-10-26,9.03,9.2,8.57,8.63,327000
2015-10-27,8.7,8.99,8.43,8.76,435000
2015-10-28,8.81,9.94,8.81,9.58,1304700
2015-10-29,9.5,9.95,9.29,9.37,506500
2015-10-30,9.42,9.55,9.17,9.41,269300
2015-11-02,9.4,9.92,9.4,9.67,388430
2015-11-03,9.82,10.45,9.73,10.38,992300
2015-11-04,10.5,11.25,10.48,10.91,1426368
2015-11-05,11.2,11.2,10.41,10.69,807100
2015-11-06,10.59,11.07,10.41,10.79,888100
2015-11-09,9.4,9.4,8.36,8.99,2707860
2015-11-10,9.27,9.87,9.11,9.69,1224000
2015-11-11,9.8,10.46,9.4,9.5,1037500
2015-11-12,9.24,10.0,9.2,9.77,593200
2015-11-13,9.85,9.88,9.5,9.64,662700
2015-11-16,9.5,10.39,9.47,10.32,732500
2015-11-17,10.22,10.58,9.85,10.24,486800
2015-11-18,10.15,10.36,10.11,10.21,349200
2015-11-19,10.2,10.65,10.18,10.2,533900
2015-11-20,10.23,10.58,10.07,10.21,348600
2015-11-23,10.27,10.46,9.52,9.83,460300
2015-11-24,9.9,10.07,9.5,9.87,405100
2015-11-25,9.82,10.31,9.82,10.15,314300
2015-11-27,10.15,10.18,9.85,9.93,142200
2015-11-30,9.87,10.26,9.86,10.12,196000
2015-12-01,10.3,10.42,10.02,10.23,392407
2015-12-02,10.3,10.3,9.94,10.04,264937
2015-12-03,10.0,10.3,9.77,9.89,330993
2015-12-04,9.91,10.03,9.78,9.9,233800
2015-12-07,9.85,9.93,9.4,9.58,416400
2015-12-08,9.49,9.79,9.08,9.68,330633
2015-12-09,9.68,10.13,9.54,9.7,428900
2015-12-10,9.75,10.01,9.75,9.96,214900
2015-12-11,9.89,9.97,9.51,9.53,277400
2015-12-14,9.59,9.78,9.12,9.23,378518
2015-12-15,9.38,9.83,9.32,9.72,370300
2015-12-16,9.84,10.38,9.83,10.35,988300
2015-12-17,10.49,10.95,10.28,10.71,984500
2015-12-18,10.8,11.03,10.43,10.51,981100
2015-12-21,10.45,11.25,10.45,11.25,1210400
2015-12-22,11.4,11.62,11.09,11.3,1148554
2015-12-23,11.43,12.0,11.3,11.76,1197000
2015-12-24,11.67,11.91,11.35,11.51,376470
2015-12-28,11.4,11.5,10.91,11.18,497545
2015-12-29,11.25,11.57,11.11,11.5,466714
2015-12-30,11.27,11.6,10.71,10.78,598074
2015-12-31,10.75,11.23,10.71,10.9,329585
2016-01-04,10.4,10.79,10.15,10.69,433774
2016-01-05,10.72,10.9,10.52,10.61,346793
2016-01-06,10.26,10.48,10.22,10.38,265087
2016-01-07,9.7,9.92,8.8101,8.87,1063511
2016-01-08,9.19,9.578,9.01,9.01,497965
2016-01-11,9.01,9.1834,8.2801,8.72,678415
2016-01-12,9.22,9.35,8.37,8.86,612189
2016-01-13,9.05,9.15,8.39,8.57,477397
2016-01-14,8.58,8.97,8.1,8.78,560326
2016-01-15,8.1,8.49,8.01,8.38,502200
2016-01-19,8.6,8.74,7.98,8.09,481600
2016-01-20,7.85,7.94,6.71,7.77,1343155
2016-01-21,7.71,8.25,7.47,8.03,394594
2016-01-22,8.26,8.7,8.25,8.42,550236
2016-01-25,8.38,8.47,7.83,7.88,416774
2016-01-26,7.63,7.88,7.3,7.77,664930
2016-01-27,7.71,7.98,7.53,7.6,287133
2016-01-28,7.75,7.86,7.31,7.44,306624
2016-01-29,7.53,7.909,7.53,7.89,323247
2016-02-01,7.72,7.9,7.44,7.83,211522
2016-02-02,7.75,7.75,7.5,7.58,224821
2016-02-03,7.67,7.7587,7.25,7.46,375914
2016-02-04,7.12,7.8,7.12,7.67,222501
2016-02-05,7.46,7.59,7.23,7.25,364350
2016-02-08,7.09,7.17,6.8101,6.98,349697
2016-02-09,6.83,7.19,6.52,6.55,407691
2016-02-10,6.74,6.81,6.4,6.54,261930
2016-02-11,6.21,6.5,6.1,6.24,364493
2016-02-12,6.25,6.4,6.14,6.35,239413
2016-02-16,6.57,7.19,6.57,7.18,578727
2016-02-17,7.2,7.54,7.12,7.42,598252
2016-02-18,7.5,7.5999,7.1,7.25,262942
2016-02-19,7.25,7.4499,7.0601,7.33,162817
2016-02-22,7.45,7.7,7.41,7.5,301508
2016-02-23,7.6,7.65,7.36,7.42,379810
2016-02-24,7.39,7.6,7.1651,7.55,251807
2016-02-25,7.54,7.54,7.26,7.44,227820
2016-02-26,7.38,7.83,7.15,7.16,581377
2016-02-29,7.17,7.3,6.96,6.97,399123
2016-03-01,7.09,7.2,6.95,7.18,349148
2016-03-02,7.25,7.3499,7.05,7.24,319853
2016-03-03,7.24,7.6,6.98,7.11,807725
2016-03-04,7.04,7.39,7.02,7.14,371172
2016-03-07,7.14,7.56,7.14,7.31,505612
2016-03-08,7.29,7.4,7.05,7.13,298133
2016-03-09,7.12,7.2555,7.0,7.22,199868
2016-03-10,7.28,7.71,7.23,7.47,539292
2016-03-11,7.69,7.75,7.55,7.75,583326
2016-03-14,8.28,9.41,8.0,9.23,3339994
2016-03-15,9.45,9.5,8.48,8.56,1249841
2016-03-16,8.57,8.79,8.15,8.31,734583
2016-03-17,8.1,8.38,7.84,8.1,721798
2016-03-18,8.19,8.35,8.02,8.06,445765
2016-03-21,8.01,8.25,7.87,7.93,430371
2016-03-22,7.78,7.8844,7.58,7.67,545907
2016-03-23,7.6,7.65,7.02,7.03,841025
2016-03-24,7.01,7.27,6.75,7.27,604104
2016-03-28,7.28,7.28,6.92,6.97,351811
2016-03-29,6.95,7.39,6.85,7.33,365904
2016-03-30,7.31,7.6,7.1301,7.25,426672
2016-03-31,7.19,7.39,7.1495,7.2,140015
2016-04-01,7.17,7.34,7.11,7.18,174853
2016-04-04,7.13,7.24,6.95,7.03,281282
2016-04-05,7.0,7.13,6.95,7.0,219300
2016-04-06,6.99,7.17,6.9,7.01,340764
2016-04-07,6.97,7.07,6.91,6.93,287251
2016-04-08,7.0,7.25,6.9501,7.17,458772
2016-04-11,7.17,7.44,7.13,7.26,496307
2016-04-12,7.32,7.5415,7.1,7.52,1398323
2016-04-13,7.8,8.1,7.63,7.92,1100900
2016-04-14,7.98,8.24,7.74,8.12,683831
2016-04-15,8.12,8.12,7.811,7.83,360020
2016-04-18,7.92,8.088,7.75,7.81,393380
2016-04-19,7.8,7.83,7.42,7.5,448872
2016-04-20,7.31,7.49,7.25,7.35,383607
2016-04-21,7.35,7.54,7.26,7.46,271344
2016-04-22,7.51,7.7499,7.4,7.67,198593
2016-04-25,7.69,7.74,7.36,7.42,359230
2016-04-26,7.44,7.46,7.27,7.37,208750
2016-04-27,7.36,7.53,7.34,7.39,189123
2016-04-28,7.41,7.43,7.29,7.32,362284
2016-04-29,7.29,7.32,7.11,7.19,300452
2016-05-02,7.21,7.2296,7.06,7.16,253454
2016-05-03,7.04,7.1799,7.02,7.06,242043
2016-05-04,7.03,7.29,7.01,7.12,395781
2016-05-05,7.12,7.13,6.959,7.04,350835
2016-05-06,7.05,7.06,6.78,6.98,357681
2016-05-09,6.93,6.99,6.8,6.85,335284
2016-05-10,6.95,6.95,6.23,6.56,1448347
2016-05-11,6.61,6.75,6.42,6.575,303413
2016-05-12,6.63,6.63,6.1701,6.28,476920
2016-05-13,6.24,6.31,6.11,6.16,309703
2016-05-16,6.11,6.495,6.11,6.37,337656
2016-05-17,6.4,6.5789,6.4,6.53,249232
2016-05-18,6.51,6.83,6.45,6.73,320018
2016-05-19,6.74,6.9,6.38,6.56,275380
2016-05-20,6.55,6.72,6.55,6.65,113086
2016-05-23,6.67,6.78,6.61,6.71,105086
2016-05-24,6.74,6.84,6.56,6.77,148104
2016-05-25,6.81,7.0,6.7901,6.92,282912
2016-05-26,6.95,7.1,6.77,6.95,201209
2016-05-27,6.95,7.07,6.83,6.87,140669
2016-05-31,6.9,7.14,6.9,6.97,261403
2016-06-01,6.91,6.99,6.81,6.85,184265
2016-06-02,6.85,7.02,6.85,6.95,220435
2016-06-03,6.91,6.9899,6.81,6.9,114993
2016-06-06,6.87,7.08,6.8501,6.91,208879
2016-06-07,6.91,7.29,6.91,7.27,555119
2016-06-08,7.34,7.7,7.31,7.52,578821
2016-06-09,7.41,7.46,7.25,7.38,237652
2016-06-10,7.26,7.2686,7.0201,7.1,267912
2016-06-13,7.0,7.11,6.9,7.02,177607
2016-06-14,6.95,7.1299,6.9001,7.0,149301
2016-06-15,6.99,7.39,6.98,7.27,288908
2016-06-16,7.26,7.372,7.06,7.09,126550
2016-06-17,7.07,7.35,7.07,7.26,366477
2016-06-20,7.33,7.3572,7.03,7.06,220285
2016-06-21,7.04,7.11,6.9219,7.06,209051
2016-06-22,7.1,7.1,6.9,6.97,110912
2016-06-23,7.0,7.18,6.9711,7.12,105997
2016-06-24,6.6,6.91,6.59,6.87,275834
2016-06-27,6.79,6.88,6.3281,6.4,392642
2016-06-28,6.5,6.7672,6.5,6.63,216640
2016-06-29,6.83,7.13,6.7,7.03,438123
2016-06-30,7.03,7.15,6.9,7.12,299255
2016-07-01,7.13,7.25,7.08,7.17,176184
2016-07-05,7.09,7.1148,6.78,6.84,182408
2016-07-06,6.76,6.9999,6.76,6.84,101035
2016-07-07,6.82,7.06,6.82,6.82,146919
2016-07-08,6.84,6.9899,6.84,6.86,190198
2016-07-11,6.81,7.09,6.81,6.99,141734
2016-07-12,7.01,7.1999,7.01,7.05,283691
2016-07-13,7.06,7.09,6.88,7.0,163875
2016-07-14,7.38,7.69,7.227,7.35,1332172
2016-07-15,7.3,7.41,7.03,7.07,275715
2016-07-18,7.05,7.14,6.9,7.08,211622
2016-07-19,7.16,7.22,7.0,7.1,211592
2016-07-20,7.1,7.28,7.06,7.22,205560
2016-07-21,7.45,7.6,7.15,7.18,585611
2016-07-22,7.14,7.15,7.05,7.06,145405
2016-07-25,7.3,7.37,7.11,7.2,229638
2016-07-26,7.2,7.25,7.11,7.19,148565
2016-07-27,7.18,7.25,7.1,7.1,184511
2016-07-28,7.05,7.085,6.946,7.07,376272
2016-07-29,7.1,7.1199,6.96,7.02,166156
2016-08-01,7.02,7.15,6.95,6.96,305140
2016-08-02,6.95,7.02,6.84,6.87,206364
2016-08-03,6.84,6.97,6.84,6.96,116674
2016-08-04,7.0,7.2,7.0,7.1,247944
2016-08-05,7.12,7.37,7.1,7.3,447334
2016-08-08,7.5,7.8,7.33,7.75,1156762
2016-08-09,7.99,8.09,7.15,7.28,1074024
2016-08-10,7.22,7.26,6.95,6.98,467170
2016-08-11,6.98,7.08,6.95,7.0,275624
2016-08-12,6.99,6.99,6.82,6.82,470700
2016-08-15,6.84,7.0032,6.8258,6.89,278397
2016-08-16,6.86,6.895,6.76,6.77,285947
2016-08-17,6.77,6.86,6.72,6.76,173778
2016-08-18,6.73,6.754,6.2,6.35,1815193
2016-08-19,6.37,6.37,6.15,6.23,657875
2016-08-22,6.16,6.43,6.08,6.27,447798
2016-08-23,6.22,6.35,6.205,6.28,232495
2016-08-24,6.27,6.32,6.11,6.18,238426
2016-08-25,6.13,6.27,6.13,6.19,206846
2016-08-26,6.17,6.36,6.17,6.32,244346
2016-08-29,6.39,6.47,6.33,6.36,163575
2016-08-30,6.38,6.43,6.2601,6.36,121195
2016-08-31,6.35,6.375,6.22,6.23,109522
2016-09-01,6.26,6.28,6.12,6.16,162083
2016-09-02,6.15,6.24,6.1301,6.22,114220
2016-09-06,6.2,6.2999,6.2,6.27,122614
2016-09-07,6.28,6.33,6.2,6.235,94382
2016-09-08,6.2,6.2699,5.59,5.84,989563
2016-09-09,5.6,5.8,5.41,5.69,763279
2016-09-12,5.61,5.9031,5.58,5.76,348583
2016-09-13,5.75,5.84,5.55,5.64,222033
2016-09-14,5.69,5.69,5.58,5.67,234699
2016-09-15,5.68,5.7,5.5701,5.66,219273
2016-09-16,5.62,5.64,5.55,5.63,224513
2016-09-19,5.6,5.76,5.6,5.66,180016
2016-09-20,5.65,5.65,5.51,5.53,206081
2016-09-21,5.6,5.76,5.5593,5.745,214861
2016-09-22,5.71,5.8,5.67,5.67,188380
2016-09-23,5.61,5.77,5.61,5.64,103570
2016-09-26,5.58,5.645,5.51,5.59,123619
2016-09-27,5.61,5.67,5.53,5.65,94963
2016-09-28,5.58,5.69,5.58,5.6,89064
2016-09-29,5.6,5.63,5.46,5.49,269831
2016-09-30,5.53,5.56,5.41,5.49,196360
2016-10-03,5.43,5.5855,5.43,5.53,120465
2016-10-04,5.55,5.915,5.53,5.84,601084
2016-10-05,5.89,6.35,5.87,6.34,925899
2016-10-06,6.34,6.5,5.97,6.03,508395
2016-10-07,6.0,6.01,5.77,5.8,207692
2016-10-10,5.8,5.9699,5.79,5.85,188517
2016-10-11,5.81,5.9,5.66,5.7,139348
2016-10-12,5.69,5.8203,5.65,5.77,176900
2016-10-13,5.66,5.73,5.6,5.61,158803
2016-10-14,5.63,5.7,5.55,5.56,114667
2016-10-17,5.45,5.6,5.4,5.4,135633
2016-10-18,5.5,5.5,5.3,5.3,202743
2016-10-19,5.35,5.35,5.0,5.1,411570
2016-10-20,5.15,5.35,5.0,5.1,397765
2016-10-21,5.15,5.2,5.1,5.15,148777
2016-10-24,5.2,5.25,5.15,5.15,126214
2016-10-25,5.1,5.15,5.0,5.0,288466
2016-10-26,5.2,5.4,5.05,5.4,247783
2016-10-27,5.4,5.4189,5.05,5.05,197224
2016-10-28,5.05,5.2,5.0,5.05,232961
2016-10-31,5.05,5.0586,5.0,5.0,226620
2016-11-01,5.0,5.1,4.75,4.9,283688
2016-11-02,4.95,4.95,4.6,4.65,477799
2016-11-03,4.6,4.75,4.4,4.45,338774
2016-11-04,4.45,4.7,4.3,4.6,190201
2016-11-07,4.75,5.15,4.6,4.75,376139
2016-11-08,4.85,4.8799,4.4,4.45,285715
2016-11-09,3.75,4.1294,3.6,3.9,1373468
2016-11-10,3.9,4.1,3.8001,4.0,388652
2016-11-11,3.95,4.0,3.9,3.9,316995
2016-11-14,3.9,3.95,3.4,3.5,789694
2016-11-15,3.5,3.8,3.5,3.75,478765
2016-11-16,3.8,4.0,3.7683,3.95,288919
2016-11-17,4.0,4.05,3.9,3.9,191912
2016-11-18,3.95,4.0,3.6,3.65,198907
2016-11-21,3.9,3.9,3.7274,3.8,156261
2016-11-22,3.75,3.95,3.75,3.95,166906
2016-11-23,3.95,4.3,3.85,4.3,360933
2016-11-25,4.3,4.7,4.3,4.6,305218
2016-11-28,4.75,5.1,4.75,5.05,646866
2016-11-29,5.4,5.7,5.15,5.65,1321889
2016-11-30,5.85,5.9,5.05,5.2,1128375
2016-12-01,5.05,5.1,4.6,4.8,622949
2016-12-02,4.7,4.85,4.45,4.8,329773
2016-12-05,4.85,5.2,4.7,5.15,218972
2016-12-06,5.1,5.15,5.0,5.1,146750
2016-12-07,5.05,5.0999,4.75,4.95,150060
2016-12-08,4.95,5.15,4.9,5.15,195849
2016-12-09,5.15,5.2,5.044,5.15,270963
2016-12-12,5.05,5.2,5.0,5.2,213525
2016-12-13,5.2,5.6,5.1,5.55,611156
2016-12-14,5.65,5.65,5.35,5.45,228616
2016-12-15,5.55,5.55,5.0,5.05,312728
2016-12-16,5.0,5.1,4.9,4.9,198907
2016-12-19,4.9,4.95,4.7,4.75,202796
2016-12-20,4.75,5.65,4.75,5.3,1308095
2016-12-21,5.4,5.5499,5.0999,5.1,349985
2016-12-22,5.2,5.4,5.1,5.1,269678
2016-12-23,5.05,5.3,5.0,5.15,201879
2016-12-27,5.2,5.25,4.9,5.15,385207
2016-12-28,5.15,5.15,5.1,5.15,168354
2016-12-29,5.1,5.15,5.0,5.0,328723
2016-12-30,5.0,5.05,4.9,4.9,316860
2017-01-03,5.0,5.0,4.8,4.8,212686
2017-01-04,4.9,4.9,4.85,4.85,108787
2017-01-05,4.9,5.2,4.8,5.2,229832
2017-01-06,5.25,5.25,4.95,4.95,143832
2017-01-09,5.05,5.05,4.85,4.95,142362
2017-01-10,4.95,5.2,4.85,5.15,201649
2017-01-11,5.1,5.35,5.05,5.25,482323
2017-01-12,5.2,5.302,5.0,5.0,230477
2017-01-13,5.0,5.15,5.0,5.05,95788
2017-01-17,5.0,5.05,4.8,4.85,280020
2017-01-18,4.85,4.9,4.8,4.85,152544
2017-01-19,4.85,4.95,4.775,4.8,144872
2017-01-20,4.85,4.9,4.75,4.85,144404
2017-01-23,4.85,4.85,4.65,4.8,243620
2017-01-24,4.75,4.8,4.3,4.5,489500
2017-01-25,4.45,4.65,4.2,4.35,803808
2017-01-26,4.5,4.725,4.45,4.5,352924
2017-01-27,4.5,4.575,4.5,4.5,78841
2017-01-30,4.5,4.511,4.3,4.45,171010
2017-01-31,4.45,4.45,4.2,4.25,355767
2017-02-01,4.25,4.45,4.2,4.2,182487
2017-02-02,4.2,4.5,4.1,4.2,381580
2017-02-03,4.15,4.4,4.15,4.25,230331
2017-02-06,4.25,4.3,4.25,4.3,79350
2017-02-07,4.25,4.3139,4.15,4.15,151572
2017-02-08,4.15,4.15,4.05,4.1,240894
2017-02-09,4.05,4.0999,4.0,4.0,215447
2017-02-10,3.95,4.1,3.95,4.075,193124
2017-02-13,4.1,4.35,4.05,4.25,344390
2017-02-14,4.25,4.3,4.05,4.1,196215
2017-02-15,4.15,4.25,4.15,4.25,148398
2017-02-16,4.15,4.5,4.15,4.25,240486
2017-02-17,4.15,4.204,4.1,4.15,134071
2017-02-21,4.1,4.25,4.1,4.1,178651
2017-02-22,4.1,4.25,4.1,4.25,159293
2017-02-23,4.2,4.225,4.1,4.15,157886
2017-02-24,4.1,4.15,4.05,4.1,154362
2017-02-27,4.05,4.1,4.0,4.0,173102
2017-02-28,4.0,4.1,4.0,4.1,215077
2017-03-01,4.1,4.11,4.05,4.05,144175
2017-03-02,4.05,4.15,4.05,4.15,97030
2017-03-03,4.15,4.2,4.15,4.2,158289
2017-03-06,4.15,4.199,4.0499,4.15,154654
2017-03-07,4.15,4.15,4.0,4.0,119007
2017-03-08,4.0,4.1,4.0,4.05,149608
2017-03-09,4.0,4.1,4.0,4.05,131220
2017-03-10,4.15,4.25,4.15,4.25,441384
2017-03-13,4.3,4.35,4.3,4.35,232302
2017-03-14,4.1,4.1,4.0,4.05,513235
2017-03-15,4.05,4.15,4.0,4.05,197723
2017-03-16,3.95,3.956,3.649,3.7,644792
2017-03-17,3.75,3.87,3.65,3.85,419554
2017-03-20,3.8,3.8,3.6,3.6,395180
2017-03-21,3.6,3.75,3.55,3.65,279327
2017-03-22,3.6,3.75,3.55,3.65,194230
2017-03-23,3.7,3.75,3.7,3.7,147730
2017-03-24,3.75,3.85,3.75,3.825,252014
2017-03-27,3.85,3.85,3.75,3.75,100814
2017-03-28,3.8,3.9,3.75,3.75,168199
2017-03-29,3.75,3.8,3.75,3.8,94220
2017-03-30,3.75,3.8,3.75,3.8,142336
2017-03-31,3.8,3.8,3.75,3.8,98759
2017-04-03,3.8,3.85,3.75,3.8,79845
2017-04-04,3.75,3.8,3.75,3.75,96209
2017-04-05,3.75,4.25,3.7,4.1,590435
2017-04-06,4.1,4.15,4.0,4.0,249986
2017-04-07,4.05,4.4,4.05,4.35,580808
2017-04-10,4.35,4.45,4.2,4.25,155428
2017-04-11,4.45,4.45,3.95,4.15,269002
2017-04-12,4.05,4.4,4.05,4.05,178667
2017-04-13,4.05,4.25,4.0,4.15,86306
2017-04-17,4.15,4.2,4.0,4.1,150275
2017-04-18,4.1,4.1,4.0,4.05,98940
2017-04-19,4.05,4.05,3.95,4.0,117457
2017-04-20,3.95,4.0,3.85,3.875,161422
2017-04-21,3.85,3.8951,3.75,3.8,219594
2017-04-24,3.85,4.2,3.85,4.15,333976
2017-04-25,4.2,4.35,4.1,4.1,240073
2017-04-26,4.1,4.125,4.0,4.05,91125
2017-04-27,4.1,4.1,3.95,4.1,135256
2017-04-28,4.05,4.2,4.05,4.1,61296
2017-05-01,4.0,4.15,4.0,4.05,85871
2017-05-02,4.15,4.2,4.075,4.2,157094
2017-05-03,4.2,4.5,4.1501,4.45,632868
2017-05-04,4.4,4.4,4.3,4.35,133275
2017-05-05,4.3,4.4,4.3,4.35,115982
2017-05-08,4.3,4.45,4.3,4.4,141646
2017-05-09,4.5,4.7,4.45,4.5,415854
2017-05-10,4.2,4.2,3.9,4.15,600029
2017-05-11,4.15,4.15,4.0,4.05,69934
2017-05-12,4.05,4.15,4.0,4.05,147549
2017-05-15,4.0,4.05,4.0,4.025,74320
2017-05-16,4.0,4.0,3.9,4.0,225992
2017-05-17,3.95,4.0,3.9,3.975,113329
2017-05-18,3.9,4.0,3.9,3.95,127959
2017-05-19,3.9,4.0,3.9,4.0,75662
2017-05-22,4.0,4.2,4.0,4.2,135313
2017-05-23,4.25,4.25,4.2,4.25,125534
2017-05-24,4.25,4.3,4.2,4.3,98848
2017-05-25,4.3,4.35,4.275,4.35,189725
2017-05-26,4.3,4.35,4.2,4.25,83938
2017-05-30,4.2,4.25,4.2,4.2,54006
2017-05-31,4.15,4.175,4.1,4.15,118936
2017-06-01,4.15,4.25,4.15,4.175,63233
2017-06-02,4.2,4.2,4.15,4.175,54318
2017-06-05,4.15,4.2,4.05,4.05,202702
2017-06-06,4.05,4.15,4.05,4.15,51440
2017-06-07,4.1,4.25,4.1,4.15,97092
2017-06-08,4.15,4.15,4.05,4.15,170776
2017-06-09,4.1,4.15,4.05,4.05,135151
2017-06-12,4.15,4.15,4.0,4.0,99134
2017-06-13,4.0,4.15,4.0,4.1,90171
2017-06-14,4.05,4.15,4.05,4.05,55765
2017-06-15,4.05,4.1,4.0,4.0,116725
2017-06-16,4.0,4.05,3.9,3.9,301416
2017-06-19,4.0,4.05,3.95,3.95,30126
2017-06-20,3.95,4.0,3.95,4.0,28562
2017-06-21,4.0,4.0,3.95,3.95,68292
2017-06-22,4.0,4.15,3.95,4.1,119251
2017-06-23,4.15,4.15,4.1,4.15,73094
2017-06-26,4.15,4.25,4.15,4.2,124295
2017-06-27,4.3,4.3,4.2,4.25,135983
2017-06-28,4.25,4.5,4.25,4.45,237165
2017-06-29,4.45,4.5,4.25,4.25,118001
2017-06-30,4.25,4.45,4.25,4.45,65676
2017-07-03,4.4,4.5,4.4,4.45,50673
2017-07-05,4.4,4.45,4.4,4.4,88906
2017-07-06,4.45,4.45,4.35,4.35,70098
2017-07-07,4.35,4.4,4.35,4.4,70102
2017-07-10,4.35,4.45,4.35,4.4,87051
2017-07-11,4.4,4.45,4.35,4.4,72945
2017-07-12,4.35,4.4,4.15,4.15,129999
2017-07-13,4.1,4.4,4.1,4.35,154344
2017-07-14,4.4,4.5,4.35,4.4,129577
2017-07-17,4.4,4.4,4.2,4.25,74649
2017-07-18,4.2,4.311,4.15,4.2,111011
2017-07-19,4.2,4.35,4.2,4.25,74099
2017-07-20,4.2,4.275,4.15,4.15,63585
2017-07-21,4.15,4.25,4.1,4.125,117114
2017-07-24,4.15,4.15,4.1,4.125,46442
2017-07-25,4.1,4.2,4.1,4.1,73282
2017-07-26,4.15,4.15,4.0,4.0,232651
2017-07-27,4.0,4.1,4.0,4.05,89662
2017-07-28,4.0,4.1,3.9802,4.075,208963
2017-07-31,4.1,4.15,4.0,4.0,65964
2017-08-01,4.0,4.05,4.0,4.0,87678
2017-08-02,4.05,4.05,3.95,3.95,145938
2017-08-03,3.95,4.025,3.95,3.95,93080
2017-08-04,4.0,4.1,3.95,3.95,102366
2017-08-07,3.95,4.05,3.95,3.95,109418
2017-08-08,4.0,4.05,3.95,4.0,160140
2017-08-09,3.9,3.9499,3.65,3.8,606033
2017-08-10,3.8,3.8,3.6001,3.7,160599
2017-08-11,3.7,3.7,3.6,3.625,151416
2017-08-14,3.65,3.75,3.65,3.7,95721
2017-08-15,3.7,3.7,3.65,3.65,125308
2017-08-16,3.65,3.75,3.6,3.65,214223
2017-08-17,3.65,3.65,3.6,3.6,98473
2017-08-18,3.6,3.65,3.6,3.65,87579
2017-08-21,3.65,3.7,3.6,3.65,50603
2017-08-22,3.6,3.65,3.5,3.55,215750
2017-08-23,3.5,3.6,3.5,3.55,134341
2017-08-24,3.5,3.65,3.5,3.55,78846
2017-08-25,3.6,3.75,3.5,3.55,252555
2017-08-28,3.55,4.0,3.55,3.95,264918
2017-08-29,4.0,4.0001,3.85,4.0,158519
2017-08-30,3.95,4.0,3.85,3.85,89274
2017-08-31,3.9,3.95,3.8,3.95,59160
2017-09-01,3.95,4.0,3.9,4.0,49021
2017-09-05,4.0,4.05,3.9,4.0,306407
2017-09-06,3.95,4.0,3.95,3.95,82918
2017-09-07,3.95,4.0,3.9,3.95,75700
2017-09-08,3.9,3.95,3.8,3.85,101408
2017-09-11,3.9,4.0,3.9,3.95,213670
2017-09-12,3.95,4.35,3.95,4.3,1169798
2017-09-13,4.4,5.15,4.35,5.05,1715054
2017-09-14,5.2,5.3,4.6,4.7,665141
2017-09-15,4.8,5.0,4.65,4.65,596345
2017-09-18,4.75,5.5,4.75,5.3,1372010
2017-09-19,5.25,5.3999,5.0,5.3,476372
2017-09-20,5.4,5.6,5.1,5.35,635223
2017-09-21,5.35,5.35,5.0,5.085,319346
2017-09-22,5.05,5.15,4.8,4.9,350716
2017-09-25,4.85,5.1,4.8,5.1,287230
2017-09-26,5.1,5.25,5.1,5.25,274882
2017-09-27,5.3,5.4,4.9,5.35,335059
2017-09-28,5.3,5.75,5.25,5.65,627326
2017-09-29,5.65,5.75,5.5,5.75,314896
2017-10-02,5.75,6.75,5.75,6.65,1584675
2017-10-03,6.65,6.8,6.3,6.7,786085
2017-10-04,6.7,8.75,6.6,7.95,6259099
2017-10-05,8.1,8.65,7.8,8.35,2221941
2017-10-06,8.35,9.9,8.2,9.2,3525633
2017-10-09,9.2,9.65,8.45,9.05,1991926
2017-10-10,9.05,9.25,8.8,8.95,784264
2017-10-11,8.95,9.15,7.3,8.25,2989833
2017-10-12,7.9,8.3,7.75,8.2,960037
2017-10-13,8.4,8.8999,8.1,8.25,851286
2017-10-16,8.25,8.65,7.8,8.3,1157293
2017-10-17,8.3,8.75,8.05,8.25,786641
2017-10-18,8.25,8.65,8.2475,8.55,754098
2017-10-19,8.55,8.55,8.0,8.05,777201
2017-10-20,8.1,8.3,7.8,7.95,1035260
2017-10-23,8.0,8.195,7.75,7.8,564345
2017-10-24,7.75,7.95,7.75,7.8,302914
2017-10-25,7.85,7.9,7.35,7.475,609690
2017-10-26,7.45,7.467,6.8,7.175,952009
2017-10-27,7.15,7.15,6.75,6.85,679586
2017-10-30,7.0,7.1,6.514,6.7,584424
2017-10-31,6.75,7.5,6.75,7.3,782227
2017-11-01,7.45,7.5,6.6,6.85,948936
2017-11-02,6.9,6.951,6.55,6.6,521174
2017-11-03,6.65,7.025,6.633,6.9,489122
2017-11-06,6.9,7.4,6.8,7.25,583597
2017-11-07,7.25,7.8,7.2,7.575,802160
2017-11-08,7.6,7.75,7.15,7.35,579457
2017-11-09,8.15,8.3,6.85,6.9,1656365
2017-11-10,7.0,7.35,6.951,7.1,360201
2017-11-13,7.35,7.9,7.2,7.75,1114190
2017-11-14,7.85,7.85,7.3,7.75,606085
2017-11-15,7.65,8.35,7.4,7.9,1060248
2017-11-16,7.9,8.4,7.9,8.075,591235
2017-11-17,8.15,8.2,7.7,7.75,380443
2017-11-20,7.85,8.0,7.7,7.95,393792
2017-11-21,8.0,8.1,7.5,7.6,601421
2017-11-22,7.7,7.7,7.45,7.7,264431
2017-11-24,7.65,7.65,7.45,7.5,155376
2017-11-27,7.4,7.5,7.2,7.4,300677
2017-11-28,7.4,7.45,7.3,7.35,184503
2017-11-29,7.3,7.4125,6.8,7.05,461542
2017-11-30,7.1,7.1,6.75,6.8,471598
2017-12-01,6.85,7.4,6.8,7.35,486553
2017-12-04,7.45,7.5501,7.1,7.25,258974
2017-12-05,7.15,7.1858,7.0,7.05,134486
2017-12-06,7.1,7.15,6.9,6.95,317149
2017-12-07,6.95,7.4,6.932,7.25,209555
2017-12-08,7.25,7.45,7.15,7.3,183056
2017-12-11,7.35,7.35,7.05,7.1,166095
2017-12-12,7.1,7.1504,6.95,6.95,284858
2017-12-13,7.0,7.3,7.0,7.2,234472
2017-12-14,7.05,7.2,6.95,6.95,148441
2017-12-15,7.0,7.1,6.8,6.95,333930
2017-12-18,6.95,7.1,6.85,6.85,230757
2017-12-19,6.95,6.95,6.8,6.925,221423
2017-12-20,6.9,7.38,6.801,7.2,623711
2017-12-21,7.2,7.65,7.2,7.3,502580
2017-12-22,7.35,7.6,7.1,7.2,392761
2017-12-26,7.2,7.349,6.7001,7.0,506690
2017-12-27,7.05,7.2,6.85,6.95,328607
2017-12-28,7.0,7.1,6.9,6.95,252809
2017-12-29,6.95,7.1,6.75,6.8,413741
2018-01-02,6.8,7.2,6.8,7.2,207003
2018-01-03,7.15,7.2,6.95,7.0,149619
2018-01-04,6.95,7.45,6.8499,7.2,557884
2018-01-05,7.25,7.95,7.2,7.85,1730833
2018-01-08,7.85,8.25,7.85,7.875,845769
2018-01-09,7.8,7.95,7.1715,7.25,677531
2018-01-10,7.35,7.55,7.05,7.175,489477
2018-01-11,7.05,7.65,7.05,7.3,445546
2018-01-12,7.3,7.45,7.1,7.2,305632
2018-01-16,7.25,7.3,6.6,6.85,974754
2018-01-17,6.85,6.95,6.7,6.85,387127
2018-01-18,6.9,6.95,6.75,6.8,233765
2018-01-19,6.75,6.95,6.7,6.75,450332
2018-01-22,6.7,6.9,6.4,6.45,535775
2018-01-23,6.4,6.5,6.25,6.35,553406
2018-01-24,6.35,6.375,5.95,6.05,757317
2018-01-25,6.05,6.3,6.0,6.1,354275
2018-01-26,6.15,6.5,6.05,6.4,530732
2018-01-29,6.4,6.6,6.2,6.225,345210
2018-01-30,6.15,6.268,6.05,6.15,114034
2018-01-31,6.15,6.35,6.0,6.0,387003
2018-02-01,6.0,6.0489,5.75,5.85,453213
2018-02-02,5.75,5.85,5.55,5.75,376049
2018-02-05,5.7,6.0,5.5,5.6,422651
2018-02-06,5.5,5.75,5.3,5.35,375164
2018-02-07,5.35,5.6,5.35,5.55,307817
2018-02-08,5.55,5.6,5.0001,5.1,380192
2018-02-09,5.1,5.2,4.7,4.95,405243
2018-02-12,4.95,5.2,4.8,5.15,301499
2018-02-13,5.1,5.3,4.85,5.15,271096
2018-02-14,5.1,5.65,5.0,5.6,363949
2018-02-15,5.65,5.8499,5.35,5.45,266769
2018-02-16,5.55,5.8,5.4001,5.75,333618
2018-02-20,5.65,5.8,5.3,5.4,167985
2018-02-21,5.45,5.85,5.4,5.85,407846
2018-02-22,5.9,5.9,5.45,5.5,368459
2018-02-23,5.5,5.8,5.5,5.7,141664
2018-02-26,5.7,5.75,5.6,5.65,122565
2018-02-27,5.65,5.6519,5.4,5.55,288593
2018-02-28,5.5,5.55,5.3,5.4,223334
2018-03-01,5.4,5.45,5.1,5.1,240989
2018-03-02,5.1,5.25,5.0,5.15,239199
2018-03-05,5.15,5.3,5.1,5.1,247373
2018-03-06,5.15,5.3,5.05,5.2,129902
2018-03-07,5.15,5.45,5.15,5.2,147544
2018-03-08,5.25,5.3,5.2,5.2,74580
2018-03-09,5.25,5.4,5.25,5.275,129154
2018-03-12,5.3,5.4,5.25,5.25,125281
2018-03-13,5.25,5.325,5.05,5.1,280921
2018-03-14,5.15,5.2001,5.069,5.15,145359
2018-03-15,5.15,5.2367,5.05,5.15,158851
2018-03-16,4.85,5.0,4.6,4.95,749048
2018-03-19,5.0,5.025,4.8,4.85,278907
2018-03-20,4.95,4.95,4.7,4.75,214724
2018-03-21,4.8,5.4,4.8,5.2,315721
2018-03-22,5.15,5.25,4.9,4.95,168217
2018-03-23,5.0,5.1,4.8539,5.05,208536
2018-03-26,5.05,5.15,4.9,4.95,149837
2018-03-27,4.95,5.15,4.9,4.95,152982
2018-03-28,5.05,5.15,4.8,4.9,211030
2018-03-29,4.9,5.0,4.8,4.85,147561
2018-04-02,4.85,4.875,4.3919,4.5,345810
2018-04-03,4.6,4.8,4.5,4.8,135129
2018-04-04,4.65,4.9,4.6,4.8,128518
2018-04-05,4.85,4.9,4.65,4.8,90949
2018-04-06,4.75,4.8305,4.525,4.7,198255
2018-04-09,4.8,5.0,4.7,4.9,165795
2018-04-10,4.9,5.15,4.85,5.15,196817
2018-04-11,5.1,5.2,5.0,5.1,134691
2018-04-12,5.05,5.0501,4.9,4.95,84274
2018-04-13,4.95,5.05,4.8,4.85,128489
2018-04-16,4.85,5.05,4.8,5.05,106027
2018-04-17,5.05,5.15,4.9,5.1,102912
2018-04-18,5.1,5.2,5.05,5.1,89559
2018-04-19,5.05,5.1153,4.95,4.95,75430
2018-04-20,4.95,5.05,4.9,5.0,68895
2018-04-23,4.95,5.05,4.9,4.95,117024
2018-04-24,4.95,5.0,4.8,4.85,112988
2018-04-25,4.85,4.85,4.75,4.85,51417
2018-04-26,4.8,4.95,4.75,4.9,85520
2018-04-27,4.95,5.0,4.8,4.95,68703
2018-04-30,4.95,5.0,4.9,4.9,70580
2018-05-01,4.85,4.95,4.8,4.9,50783
2018-05-02,4.9,5.15,4.85,5.0,125969
2018-05-03,5.1,5.1,4.9,5.05,73101
2018-05-04,5.0,5.15,4.925,5.1,158838
2018-05-07,5.15,5.4,5.15,5.3,226094
2018-05-08,5.35,5.35,5.1,5.2,86166
2018-05-09,5.25,5.35,5.101,5.35,166745
2018-05-10,5.7,6.2,5.4,6.2,1298001
2018-05-11,6.25,6.25,5.9,6.15,426073
2018-05-14,6.15,6.2,5.95,5.95,160841
2018-05-15,5.95,5.95,5.85,5.9,98552
2018-05-16,5.9,6.0,5.85,5.95,82883
2018-05-17,5.9,6.25,5.9,6.1,237160
2018-05-18,6.05,6.25,6.0,6.05,149854
2018-05-21,6.1,6.1748,6.0,6.05,138855
2018-05-22,6.1,6.1,5.85,6.05,190438
2018-05-23,6.05,6.05,5.9042,6.0,80622
2018-05-24,6.0,6.05,5.8161,5.85,98016
2018-05-25,5.85,5.85,5.6,5.7,233347
2018-05-29,5.7,5.7,5.4499,5.5,146071
2018-05-30,5.45,5.6,5.35,5.5,81606
2018-05-31,5.55,5.6,5.421,5.5,72796
2018-06-01,5.5,5.55,5.4,5.4,110667
2018-06-04,5.5,5.6,3.6,3.85,2638967
2018-06-05,4.0,4.4,3.95,4.375,2103470
2018-06-06,4.35,4.5,4.15,4.3,697203
2018-06-07,4.3,4.4,4.15,4.2,404268
2018-06-08,4.15,4.3,4.1,4.25,278779
2018-06-11,4.2,4.3,4.1,4.1,346198
2018-06-12,4.3,4.75,4.2585,4.625,705919
2018-06-13,4.65,5.25,4.65,5.2,720307
2018-06-14,5.25,5.449,4.9,5.0,472570
2018-06-15,5.0,5.0,4.8,5.0,292872
2018-06-18,4.9,5.05,4.9,4.9,219557
2018-06-19,4.8,5.0,4.75,4.95,366958
2018-06-20,4.9,5.05,4.8,4.875,196799
2018-06-21,4.8,4.899,4.55,4.6,280922
2018-06-22,4.6,4.7,4.5,4.55,234690
2018-06-25,4.45,4.5,4.25,4.35,321721
2018-06-26,4.35,4.4,4.2,4.35,172712
2018-06-27,4.35,4.35,4.2,4.2,202578
2018-06-28,4.2,4.3,4.2,4.25,120863
2018-06-29,4.25,4.3,4.2,4.25,126401
2018-07-02,4.2,4.4,4.175,4.4,198033
2018-07-03,4.4,4.4,4.3,4.35,34917
2018-07-05,4.3,4.35,4.25,4.3,80727
2018-07-06,4.3,4.35,4.25,4.3,140099
2018-07-09,4.3,4.4,4.3,4.35,135802
2018-07-10,4.4,4.55,4.251,4.3,258483
2018-07-11,4.25,4.35,4.2,4.225,105907
2018-07-12,4.2,4.3,4.2,4.225,71474
2018-07-13,4.25,4.2628,4.15,4.225,95381
2018-07-16,4.2,4.3,4.15,4.25,63862
2018-07-17,4.25,4.35,4.25,4.35,57309
2018-07-18,4.3,4.35,4.3,4.3361,71220
2018-07-19,4.3,4.35,4.2,4.2,42228
2018-07-20,4.2,4.25,4.1,4.225,207584
2018-07-23,4.15,4.25,4.1,4.2,88080
2018-07-24,4.1,4.3,4.1,4.175,115704
2018-07-25,4.25,4.25,4.1,4.15,116345
2018-07-26,4.1,4.125,4.0,4.075,167455
2018-07-27,4.05,4.15,4.0,4.05,118377
2018-07-30,4.05,4.05,3.95,4.025,167571
2018-07-31,4.0,4.0,3.9,3.975,78749
2018-08-01,3.95,4.0,3.75,3.75,116818
2018-08-02,3.75,3.95,3.75,3.95,117860
2018-08-03,3.95,4.1,3.9001,4.1,207736
2018-08-06,4.1,4.2,4.0,4.025,121369
2018-08-07,4.05,4.129,4.05,4.1,87604
2018-08-08,4.05,4.15,4.0,4.1,159820
2018-08-09,3.95,4.1,3.8225,3.85,365549
2018-08-10,3.8,4.25,3.75,4.2,328640
2018-08-13,4.2,4.2,3.9,4.0,283932
2018-08-14,4.0,4.25,3.9708,4.15,166905
2018-08-15,4.15,4.15,3.95,4.0,158351
2018-08-16,4.05,4.25,3.95,4.1,316551
2018-08-17,4.25,4.25,4.05,4.05,79578
2018-08-20,4.05,4.15,4.0,4.0,164504
2018-08-21,4.0,4.15,4.0,4.0,105499
2018-08-22,4.1,4.1,4.0,4.1,110564
2018-08-23,4.15,4.15,4.0,4.05,129489
2018-08-24,4.15,4.15,4.0,4.0,144959
2018-08-27,4.0,4.1,4.0,4.0,112457
2018-08-28,4.05,4.1,4.05,4.1,85031
2018-08-29,4.05,4.1,4.05,4.05,48984
2018-08-30,4.0,4.2,4.0,4.15,249133
2018-08-31,4.2,4.25,4.15,4.15,248169
2018-09-04,4.25,4.2915,4.15,4.25,222223
2018-09-05,4.25,4.3,4.1,4.1,151585
2018-09-06,4.1,4.1092,4.0,4.0,148415
2018-09-07,4.0,4.05,3.95,3.975,168917
2018-09-10,4.0,4.05,3.9,3.95,132272
2018-09-11,3.95,3.95,3.8,3.8,224507
2018-09-12,3.8,3.95,3.75,3.8,216072
2018-09-13,4.05,4.05,3.85,3.85,166494
2018-09-14,4.05,5.25,4.05,4.75,3015434
2018-09-17,4.75,4.75,4.2,4.2,823817
2018-09-18,4.25,4.6,4.25,4.6,505993
2018-09-19,4.65,5.0,4.6001,4.95,660632
2018-09-20,5.0,5.8,5.0,5.65,1698850
2018-09-21,5.75,6.15,5.35,5.4,1612210
2018-09-24,5.5,5.6,5.0,5.25,881728
2018-09-25,5.2,5.4,4.95,5.0,281312
2018-09-26,5.0,5.22,4.8,4.95,509954
2018-09-27,5.1,5.2388,4.85,4.95,437819
2018-09-28,4.85,4.95,4.85,4.85,240101
2018-10-01,4.99,5.14,4.83,5.08,388445
2018-10-02,5.02,5.6999,5.0,5.54,1037130
2018-10-03,5.7,6.54,5.5834,6.3,2313798
2018-10-04,6.47,6.4859,5.52,5.6,1040963
2018-10-05,5.59,6.1,5.52,5.82,743628
2018-10-08,5.8,5.9,5.37,5.46,525756
2018-10-09,5.4,5.694,5.28,5.4,576268
2018-10-10,5.4,5.5199,5.2103,5.26,389383
2018-10-11,5.06,5.23,4.88,5.08,564651
2018-10-12,5.1,5.72,5.0279,5.14,671420
2018-10-15,5.09,5.3,4.99,5.09,317229
2018-10-16,5.11,5.19,4.83,5.05,326277
2018-10-17,5.06,5.17,4.8645,5.0,134865
2018-10-18,4.97,5.02,4.75,4.85,297267
2018-10-19,4.84,4.97,4.55,4.6,368914
2018-10-22,4.57,4.7067,4.32,4.4,397633
2018-10-23,4.3,4.42,4.23,4.4,184009
2018-10-24,4.4,4.55,4.15,4.15,194829
2018-10-25,4.17,4.4899,4.16,4.25,186916
2018-10-26,4.22,4.24,3.95,4.0,425532
2018-10-29,4.07,5.0,4.0,4.66,1968756
2018-10-30,4.64,4.8,4.5,4.61,407943
2018-10-31,4.81,4.9,4.67,4.81,432012
2018-11-01,4.87,4.93,4.67,4.8,310814
2018-11-02,4.91,5.0,4.81,4.99,244553
2018-11-05,5.0,5.5,4.95,5.35,685433
2018-11-06,5.36,5.374,5.05,5.19,499933
2018-11-07,5.22,5.29,4.93,5.13,347567
2018-11-08,5.1,5.32,5.05,5.26,402829
2018-11-09,4.78,4.8,4.5001,4.71,682934
2018-11-12,4.63,4.765,4.515,4.6,200121
2018-11-13,4.61,4.7616,4.54,4.61,198571
2018-11-14,4.64,4.75,4.55,4.61,169369
2018-11-15,4.57,4.72,4.55,4.66,185023
2018-11-16,4.64,4.73,4.56,4.6,132995
2018-11-19,4.59,4.71,4.3,4.4,492552
2018-11-20,4.23,4.34,4.17,4.26,285888
2018-11-21,4.3,4.53,4.3,4.5,141326
2018-11-23,4.46,4.63,4.46,4.49,128411
2018-11-26,4.5,4.5728,4.43,4.43,112503
2018-11-27,4.49,4.49,4.3,4.36,122685
2018-11-28,4.37,4.57,4.36,4.52,209093
2018-11-29,4.5,4.61,4.43,4.51,106022
2018-11-30,4.5,4.5648,4.46,4.47,100548
2018-12-03,4.6,4.7699,4.55,4.71,295779
2018-12-04,4.71,4.71,4.42,4.5,184086
2018-12-06,4.4,4.4,4.2,4.24,271695
2018-12-07,4.25,4.33,4.2,4.27,152450
2018-12-10,4.26,4.3,4.1,4.14,176793
2018-12-11,4.18,4.33,4.15,4.18,167279
2018-12-12,4.14,4.3738,4.14,4.29,286617
2018-12-13,4.3,4.44,4.17,4.22,193221
2018-12-14,4.2,4.28,4.1782,4.24,52187
2018-12-17,4.23,4.2699,4.05,4.08,270729
2018-12-18,4.12,4.17,4.0301,4.13,193925
2018-12-19,4.16,4.22,4.0,4.01,211494
2018-12-20,4.0,4.0723,3.8,3.87,391963
2018-12-21,3.8,3.8496,3.61,3.62,354931
2018-12-24,3.62,3.72,3.5394,3.72,116372
2018-12-26,3.82,3.9,3.61,3.82,252157
2018-12-27,3.85,3.85,3.7,3.74,162482
2018-12-28,3.84,3.8499,3.68,3.74,198260
2018-12-31,3.74,3.74,3.55,3.63,449914
2019-01-02,3.61,4.24,3.61,4.15,400300
2019-01-03,4.07,4.32,4.021,4.17,190974
2019-01-04,4.33,4.5375,4.2138,4.4,166895
2019-01-07,4.41,4.66,4.41,4.53,180215
2019-01-08,4.55,4.58,4.37,4.43,110688
2019-01-09,4.77,5.63,4.6,5.39,1767804
2019-01-10,5.28,5.3,4.94,5.05,537395
2019-01-11,5.17,5.45,5.08,5.35,443540
2019-01-14,5.34,5.64,5.1,5.39,455859
2019-01-15,5.39,5.54,5.35,5.35,320546
2019-01-16,5.4,5.41,4.8,5.01,528316
2019-01-17,5.01,5.09,4.9006,5.0,219553
2019-01-18,5.05,5.2,5.03,5.07,414418
2019-01-22,5.38,5.5236,5.072,5.15,663409
2019-01-23,5.18,5.32,5.132,5.3,146659
2019-01-24,5.33,5.44,5.26,5.32,196339
2019-01-25,5.34,5.35,5.15,5.22,147679
2019-01-28,5.2,5.63,5.12,5.45,421087
2019-01-29,5.8,5.96,5.55,5.69,684772
2019-01-30,5.79,5.93,5.69,5.71,354712
2019-01-31,5.65,5.81,5.4329,5.54,283511
2019-02-01,5.54,5.62,5.4,5.57,166937
2019-02-04,5.38,5.71,5.38,5.45,195767
2019-02-05,5.5,5.56,5.335,5.37,183550
2019-02-06,5.41,5.44,5.3,5.39,117671
2019-02-07,5.35,5.3766,5.09,5.26,286938
2019-02-08,5.17,5.1911,5.07,5.12,140886
2019-02-11,5.15,5.27,5.13,5.24,176486
2019-02-12,5.21,5.37,5.21,5.32,109353
2019-02-13,5.29,5.86,5.29,5.79,529827
2019-02-14,5.79,6.06,5.611,5.86,763170
2019-02-15,5.87,5.93,5.575,5.72,270348
2019-02-19,5.77,6.05,5.75,5.94,445494
2019-02-20,7.35,8.85,7.16,7.98,31115730
2019-02-21,8.55,9.21,8.28,8.68,14553066
2019-02-22,9.1,9.23,8.51,9.02,6508139
2019-02-25,8.78,8.9,8.14,8.25,3593093
2019-02-26,7.68,8.5899,7.5,7.97,4532963
2019-02-27,7.95,8.19,7.8,7.97,1155232
2019-02-28,7.9,7.91,7.16,7.23,1982952
2019-03-01,7.28,7.87,7.25,7.75,1224534
2019-03-04,8.15,8.44,7.78,8.01,2971465
2019-03-05,8.0,8.0899,7.8,7.89,1197536
2019-03-06,7.59,7.74,7.1,7.36,1768882
2019-03-07,7.25,7.26,6.93,7.21,773796
2019-03-08,7.01,7.42,7.0,7.29,810190
2019-03-11,7.35,7.45,7.1,7.36,777684
2019-03-12,7.35,7.48,7.3,7.42,653990
2019-03-13,7.44,7.84,7.35,7.71,1620617
2019-03-14,7.7,7.775,7.23,7.45,1304171
2019-03-15,7.39,8.15,7.26,7.77,2419815
2019-03-18,7.82,7.99,7.41,7.53,1139641
2019-03-19,7.53,7.6999,7.41,7.67,561282
2019-03-20,7.67,7.84,7.35,7.39,933017
2019-03-21,7.31,7.49,7.23,7.29,629886
2019-03-22,7.2464,7.3,6.8,6.86,895152
2019-03-25,7.02,7.0544,5.95,6.1,2308251
2019-03-26,5.96,6.02,5.13,5.33,3182018
2019-03-27,5.39,5.62,5.34,5.52,1203370
2019-03-28,5.65,5.91,5.53,5.62,1388653
2019-03-29,5.65,5.7,5.31,5.61,1099131
2019-04-01,5.68,5.83,5.61,5.71,668085
2019-04-02,5.72,5.93,5.63,5.7,674860
2019-04-03,5.75,5.75,5.47,5.67,628078
2019-04-04,5.66,6.09,5.61,5.82,717920
2019-04-05,5.71,5.89,5.66,5.79,463720
2019-04-08,5.72,5.94,5.72,5.89,435623
2019-04-09,5.92,5.98,5.56,5.62,577917
2019-04-10,5.62,5.73,5.55,5.69,278475
2019-04-11,5.78,5.86,5.62,5.68,554231
2019-04-12,5.7,5.78,5.57,5.72,330886
2019-04-15,5.77,5.8,5.58,5.63,420424
2019-04-16,5.66,5.675,5.4,5.42,544805
2019-04-17,5.43,5.53,5.34,5.36,366350
2019-04-18,5.4,5.47,5.3,5.43,340838
2019-04-22,5.4,5.44,5.32,5.41,245625
2019-04-23,5.44,5.58,5.3444,5.5,414502
2019-04-24,5.49,5.7,5.4266,5.68,406663
2019-04-25,5.73,5.73,5.31,5.38,470188
2019-04-26,5.39,5.42,5.33,5.4,203944
2019-04-29,5.45,5.45,5.3472,5.4,174919
2019-04-30,5.38,5.4,5.22,5.28,261063
2019-05-01,5.3,5.3,5.05,5.13,469998
2019-05-02,5.15,5.3,5.14,5.27,219168
2019-05-03,5.28,5.34,5.175,5.2,230233
2019-05-06,5.05,5.18,5.03,5.11,230612
2019-05-07,5.09,5.1,4.9,4.94,299851
2019-05-08,4.95,5.23,4.95,5.22,434523
2019-05-09,5.13,5.3376,5.01,5.1,300674
2019-05-10,4.87,4.95,4.6,4.77,686551
2019-05-13,4.66,4.7202,4.4,4.56,550631
2019-05-14,4.8,5.01,4.7,4.82,665725
2019-05-15,4.74,4.95,4.54,4.88,609370
2019-05-16,4.79,5.37,4.7738,5.16,668051
2019-05-17,5.16,5.29,4.87,4.89,430751
2019-05-20,5.03,5.03,4.79,4.85,165185
2019-05-21,4.88,5.13,4.8793,5.02,179714
2019-05-22,4.95,5.07,4.75,4.88,218005
2019-05-23,4.85,4.9193,4.8,4.87,170420
2019-05-24,4.83,5.04,4.83,4.98,131131
2019-05-28,4.99,5.08,4.8579,5.06,165321
2019-05-29,5.01,5.17,4.901,5.08,166729
2019-05-30,5.09,5.1,4.87,4.87,193121
2019-05-31,4.87,4.88,4.72,4.72,171471
2019-06-03,4.7,4.76,4.61,4.66,215778
2019-06-04,4.66,4.895,4.66,4.7,252157
2019-06-05,4.7,4.8799,4.64,4.65,178772
2019-06-06,4.73,4.73,4.26,4.29,406114
2019-06-07,4.26,4.63,4.25,4.51,239452
2019-06-10,4.49,4.75,4.49,4.53,321473
2019-06-11,4.6,4.61,4.46,4.58,137189
2019-06-12,4.54,4.59,4.41,4.42,141468
2019-06-13,4.42,4.53,4.41,4.45,81578
2019-06-14,4.43,4.5695,4.41,4.47,104302
2019-06-17,4.45,4.54,4.42,4.48,75247
2019-06-18,4.47,4.7,4.47,4.69,217917
2019-06-19,4.69,5.37,4.6,5.16,498410
2019-06-20,5.08,5.26,4.91,4.91,277292
2019-06-21,4.91,5.06,4.85,5.06,228270
2019-06-24,4.99,5.05,4.73,4.75,189966
2019-06-25,5.05,5.05,4.7,4.7,279559
2019-06-26,4.85,4.85,4.56,4.69,182718
2019-06-27,4.89,4.89,4.38,4.86,715921
2019-06-28,4.8,4.93,4.67,4.93,261034
2019-07-01,5.05,5.2,4.97,5.19,309065
2019-07-02,5.15,5.25,5.09,5.22,325996
2019-07-03,5.26,5.35,5.02,5.14,310519
2019-07-05,5.15,5.27,4.75,4.79,461030
2019-07-08,4.79,5.19,4.75,5.17,304683
2019-07-09,5.1,5.59,5.1,5.54,1079139
2019-07-10,5.6,5.79,5.395,5.67,595209
2019-07-11,5.7,5.7,5.12,5.16,397999
2019-07-12,5.13,5.305,5.1,5.13,288158
2019-07-15,5.16,5.33,5.07,5.31,212819
2019-07-16,5.37,5.53,5.3,5.39,388371
2019-07-17,5.36,5.39,5.25,5.35,161256
2019-07-18,5.38,5.38,5.14,5.25,172475
2019-07-19,5.27,5.36,5.2,5.3,135812
2019-07-22,5.27,5.45,5.25,5.32,218350
2019-07-23,5.53,5.62,5.33,5.53,451975
2019-07-24,5.5,5.62,5.48,5.52,279552
2019-07-25,5.5,5.55,5.1561,5.28,290506
2019-07-26,5.35,5.49,5.17,5.38,312564
2019-07-29,5.37,5.47,5.25,5.41,231745
2019-07-30,5.35,5.48,5.35,5.44,136637
2019-07-31,5.4,5.45,5.3,5.32,120217
2019-08-01,5.31,5.41,5.21,5.27,199224
2019-08-02,5.2,5.27,5.06,5.22,170749
2019-08-05,5.09,5.09,4.83,4.99,373614
2019-08-06,5.01,5.2807,5.01,5.25,234939
2019-08-07,5.25,5.3796,5.1,5.12,278988
2019-08-08,5.15,5.27,5.0,5.06,407499
2019-08-09,4.95,5.04,4.8,4.97,447513
2019-08-12,4.99,5.05,4.81,4.85,227344
2019-08-13,4.8,5.15,4.8,5.07,477700
2019-08-14,4.94,5.0451,4.74,4.95,383811
2019-08-15,4.98,5.08,4.86,4.96,277906
2019-08-16,4.95,5.07,4.894,5.02,238206
2019-08-19,5.09,5.09,4.95,5.0,300302
2019-08-20,5.03,5.15,5.0,5.15,303484
2019-08-21,5.14,5.32,5.13,5.26,469441
2019-08-22,5.28,5.37,5.16,5.17,302268
2019-08-23,5.15,5.24,4.97,5.04,266105
2019-08-26,5.12,5.18,4.96,4.96,276236
2019-08-27,4.97,5.107,4.96,4.99,160999
2019-08-28,4.96,5.08,4.9,4.93,130899
2019-08-29,4.96,5.12,4.96,5.08,220810
2019-08-30,5.09,5.1527,5.06,5.11,135549
2019-09-03,5.06,5.14,4.96,4.98,256094
2019-09-04,5.06,5.11,4.98,5.06,114269
2019-09-05,5.1,5.35,5.1,5.32,681163
2019-09-06,5.35,5.54,5.22,5.44,521382
2019-09-09,5.4627,5.52,5.35,5.4,385254
2019-09-10,5.33,5.5,5.26,5.3,330602
2019-09-11,5.31,5.4,5.14,5.18,222309
2019-09-12,5.18,5.26,4.96,5.04,406189
2019-09-13,5.04,5.14,5.0,5.13,276752
2019-09-16,5.06,5.21,5.06,5.19,308122
2019-09-17,5.14,5.22,5.01,5.1,296742
2019-09-18,5.05,5.17,5.03,5.1,337804
2019-09-19,5.1,5.165,5.02,5.1,347516
2019-09-20,5.06,5.17,5.02,5.08,270301
2019-09-23,5.14,5.2503,5.03,5.07,496285
2019-09-24,5.04,5.1527,4.97,5.02,421165
2019-09-25,5.02,5.11,4.97,5.06,328964
2019-09-26,5.06,5.1,4.97,5.04,160942
2019-09-27,5.03,5.08,4.635,4.73,389266
2019-09-30,4.75,4.82,4.53,4.66,302696
2019-10-01,4.66,4.73,4.47,4.5,309427
2019-10-02,4.47,4.55,4.35,4.5,392855
2019-10-03,4.51,4.69,4.46,4.52,341413
2019-10-04,4.5,4.6,4.5,4.59,156934
2019-10-07,4.54,4.73,4.5,4.73,208039
2019-10-08,4.68,4.72,4.55,4.59,135003
2019-10-09,4.6,4.62,4.44,4.62,80066
2019-10-10,4.61,4.6732,4.55,4.56,61299
2019-10-11,4.6,4.82,4.6,4.71,186533
2019-10-14,4.72,5.0,4.72,4.94,214741
2019-10-15,5.0,5.08,4.92,5.07,182157
2019-10-16,5.08,5.12,4.97,5.08,87547
2019-10-17,5.11,5.4,5.0828,5.35,365823
2019-10-18,5.29,5.4,5.16,5.24,100278
2019-10-21,5.24,5.39,5.21,5.24,66946
2019-10-22,5.24,5.335,5.172,5.28,63749
2019-10-23,5.28,5.45,5.28,5.4,183227
2019-10-24,5.41,5.41,5.31,5.38,245042
2019-10-25,5.33,5.4304,5.3,5.38,92993
2019-10-28,5.4,5.4,5.2,5.26,192524
2019-10-29,5.21,5.25,5.08,5.24,123732
2019-10-30,5.19,5.2201,5.06,5.12,114552
2019-10-31,5.08,5.1146,4.92,4.98,133101
2019-11-01,4.99,5.09,4.99,5.04,57755
2019-11-04,5.04,5.21,5.01,5.04,186682
2019-11-05,5.1,5.15,4.91,4.94,140204
2019-11-06,4.93,5.03,4.53,4.64,287051
2019-11-07,4.71,4.85,4.65,4.7,195649
2019-11-08,4.73,4.765,4.66,4.73,117170
2019-11-11,4.7,4.85,4.63,4.83,219280
2019-11-12,4.9,4.9,4.7,4.78,237905
2019-11-13,4.72,4.759,4.57,4.61,185081
2019-11-14,4.57,4.67,4.5,4.62,135286
2019-11-15,4.67,4.67,4.5,4.62,145056
2019-11-18,4.6,4.66,4.54,4.62,80539
2019-11-19,4.66,4.6606,4.55,4.64,72363
2019-11-20,4.65,4.83,4.59,4.66,219876
2019-11-21,4.67,4.74,4.66,4.67,79192
2019-11-22,4.65,4.9,4.65,4.86,172895
2019-11-25,4.85,5.05,4.79,4.94,214743
2019-11-26,4.95,4.98,4.8674,4.91,65499
2019-11-27,4.88,4.93,4.8,4.82,83872
2019-11-29,4.76,4.8,4.73,4.77,41649
2019-12-02,4.84,4.93,4.76,4.85,140557
2019-12-03,4.9,4.92,4.76,4.9,110395
2019-12-04,4.9,4.95,4.88,4.95,81977
2019-12-05,4.95,5.06,4.9,4.95,227457
2019-12-06,4.97,5.05,4.93,4.99,81359
2019-12-09,4.94,5.05,4.93,5.0,107667
2019-12-10,4.96,5.07,4.924,5.0,126074
2019-12-11,5.01,5.03,4.93,5.03,71212
2019-12-12,5.03,5.125,4.98,4.98,137228
2019-12-13,4.95,5.05,4.88,5.0,115012
2019-12-16,4.99,5.03,4.7395,4.77,240376
2019-12-17,4.79,4.84,4.7612,4.82,53819
2019-12-18,4.84,4.85,4.7232,4.79,101681
2019-12-19,4.8,4.83,4.7,4.78,82402
2019-12-20,4.75,4.8,4.66,4.66,145405
2019-12-23,4.69,4.69,4.56,4.68,161908
2019-12-24,4.69,4.75,4.62,4.71,37144
2019-12-26,4.7,4.75,4.64,4.75,124368
2019-12-27,4.73,4.78,4.64,4.7,154028
2019-12-30,4.66,4.98,4.62,4.87,491898
2019-12-31,4.87,4.917,4.7,4.73,177410
2020-01-02,4.77,4.85,4.66,4.85,135349
2020-01-03,4.76,4.84,4.66,4.81,115401
2020-01-06,4.8,4.83,4.71,4.81,70337
2020-01-07,4.83,4.83,4.63,4.705,137571
2020-01-08,4.67,4.7487,4.64,4.65,152615
2020-01-09,4.67,4.7289,4.6185,4.7,74933
2020-01-10,4.67,4.7,4.63,4.64,63788
2020-01-13,4.66,4.79,4.66,4.695,181209
2020-01-14,4.64,4.72,4.64,4.69,162466
2020-01-15,4.77,4.8842,4.7,4.75,361475
2020-01-16,4.75,4.89,4.7,4.75,165557
2020-01-17,4.73,4.83,4.62,4.72,231924
2020-01-21,4.78,4.78,4.47,4.61,358830
2020-01-22,4.62,4.64,4.45,4.49,246310
2020-01-23,4.5,4.5,4.26,4.38,278803
2020-01-24,4.45,4.51,4.33,4.4,261685
2020-01-27,4.38,4.38,4.04,4.13,351533
2020-01-28,4.1,4.21,3.94,4.17,278141
2020-01-29,4.18,4.18,4.08,4.15,99496
2020-01-30,4.1,4.16,4.0,4.09,151379
2020-01-31,4.06,4.06,3.91,3.98,284847
2020-02-03,3.95,4.0798,3.92,4.0,279445
2020-02-04,4.08,4.44,4.07,4.31,401099
2020-02-05,4.39,4.39,4.21,4.21,159351
2020-02-06,4.22,4.2409,4.11,4.11,161393
2020-02-07,4.11,4.15,4.02,4.04,138160
2020-02-10,4.08,4.12,4.02,4.04,125782
2020-02-11,4.05,4.29,4.05,4.19,173017
2020-02-12,4.22,4.43,4.18,4.36,343775
2020-02-13,4.32,4.3612,4.22,4.27,103586
2020-02-14,4.28,4.3,4.13,4.16,95023
2020-02-18,4.13,4.35,4.12,4.31,202793
2020-02-19,4.3,4.32,4.16,4.2,132810
2020-02-20,4.15,4.45,4.15,4.29,341594
2020-02-21,4.27,4.3,4.19,4.26,94748
2020-02-24,4.1,4.17,4.01,4.03,220420
2020-02-25,4.09,4.09,3.88,3.91,295945
2020-02-26,3.98,4.0,3.77,3.79,304200
2020-02-27,3.75,3.82,3.56,3.69,341000
2020-02-28,3.6,3.77,3.55,3.76,329862
2020-03-02,3.73,3.76,2.96,3.12,1947173
2020-03-03,3.16,3.38,3.1,3.28,394724
2020-03-04,3.28,3.38,3.2,3.38,314827
2020-03-05,3.39,3.39,3.24,3.25,183738
2020-03-06,3.2,3.2,2.9,3.0,545714
2020-03-09,2.7,3.09,2.63,2.96,253867
2020-03-10,2.97,3.02,2.825,2.96,184241
2020-03-11,2.9,2.94,2.81,2.9,111630
2020-03-12,2.72,2.83,2.62,2.63,397413
2020-03-13,2.7,2.84,2.65,2.82,207312
2020-03-16,2.62,2.77,2.53,2.56,255835
2020-03-17,2.62,2.73,2.5,2.62,250190
2020-03-18,2.53,2.57,2.17,2.33,491328
2020-03-19,2.28,2.44,2.2201,2.25,247702
2020-03-20,2.3,2.44,2.26,2.36,230838
2020-03-23,2.31,2.5,2.27,2.44,238470
2020-03-24,2.5,2.7,2.4795,2.67,278815
2020-03-25,2.64,3.0,2.63,2.86,210414
2020-03-26,2.83,3.1,2.8201,3.03,138679
2020-03-27,2.97,3.0,2.72,2.75,178899
2020-03-30,2.74,2.75,2.4,2.4,199888
2020-03-31,2.46,2.79,2.435,2.62,212300
2020-04-01,2.53,2.7,2.5,2.56,110043
2020-04-02,2.57,2.71,2.37,2.45,140656
2020-04-03,2.43,2.47,2.36,2.45,112443
2020-04-06,2.57,2.67,2.49,2.58,265341
2020-04-07,2.65,2.74,2.51,2.53,155724
2020-04-08,2.54,2.68,2.54,2.63,106000
2020-04-09,2.66,2.75,2.6308,2.71,172900
2020-04-13,2.72,3.87,2.67,3.78,2620448
2020-04-14,3.95,4.14,3.75,3.8,948533
2020-04-15,3.74,3.8,3.5108,3.75,393057
2020-04-16,3.75,3.75,3.53,3.68,259633
2020-04-17,3.85,3.87,3.45,3.5,473712
2020-04-20,3.42,3.74,3.4,3.62,313342
2020-04-21,3.61,3.72,3.48,3.71,164216
2020-04-22,3.7,4.04,3.66,3.99,864411
2020-04-23,3.99,4.03,3.84,3.87,195768
2020-04-24,3.91,4.05,3.89,3.97,175699
2020-04-27,4.03,4.09,3.96,4.02,264337
2020-04-28,4.1,4.22,3.95,3.97,399801
2020-04-29,4.0,4.08,3.79,3.96,278273
2020-04-30,3.96,3.99,3.56,3.56,411270
2020-05-01,3.46,3.59,3.31,3.42,212580
2020-05-04,3.43,3.5,3.3,3.46,153791
2020-05-05,3.55,3.586,3.4,3.43,167410
2020-05-06,3.47,3.5634,3.4,3.46,152611
2020-05-07,3.5,3.524,3.12,3.13,590622
2020-05-08,3.17,3.48,3.13,3.42,230715
2020-05-11,3.36,3.4,3.3,3.36,149921
2020-05-12,3.37,3.43,3.23,3.26,104579
2020-05-13,3.26,3.26,2.985,3.14,324249
2020-05-14,3.1,3.15,2.9,2.94,290713
2020-05-15,2.99,3.13,2.91,3.09,116059
2020-05-18,3.1,3.22,2.95,3.17,226984
2020-05-19,3.21,3.27,3.076,3.2,169595
2020-05-20,3.2,3.31,3.11,3.16,205048
2020-05-21,3.13,3.1999,3.0,3.11,205081
2020-05-22,3.05,3.09,2.95,3.0,179767
2020-05-26,3.04,3.1,2.97,3.09,192929
2020-05-27,3.07,3.17,3.0,3.17,189758
2020-05-28,3.19,3.23,3.05,3.08,150495
2020-05-29,3.08,3.11,3.02,3.09,127254
2020-06-01,3.12,3.27,3.06,3.25,204452
2020-06-02,3.27,3.27,3.16,3.21,116168
2020-06-03,3.27,3.48,3.25,3.44,288832
2020-06-04,3.44,3.63,3.39,3.57,308449
2020-06-05,3.71,3.71,3.2,3.37,647365
2020-06-08,3.35,3.44,3.03,3.1,1025710
2020-06-09,3.26,3.4,3.13,3.34,655283
2020-06-10,3.38,3.3899,3.08,3.21,440922
2020-06-11,3.08,3.14,2.9001,2.96,496814
2020-06-12,3.05,3.18,2.9601,3.155,288106
2020-06-15,3.14,3.21,3.0,3.16,188118
2020-06-16,3.23,3.29,3.1,3.12,334259
2020-06-17,3.14,3.23,3.08,3.14,155798
2020-06-18,3.12,3.18,3.04,3.06,202208
2020-06-19,3.14,3.17,3.05,3.13,300518
2020-06-22,3.06,3.12,3.05,3.08,194075
2020-06-23,3.08,3.1236,3.01,3.06,201087
2020-06-24,3.07,3.125,2.97,3.05,303274
2020-06-25,3.08,3.32,3.05,3.29,519430
2020-06-26,3.28,3.6699,3.259,3.44,959736
2020-06-29,3.44,4.08,3.395,4.0,2362745
2020-06-30,4.08,4.38,3.95,4.2,2020921
2020-07-01,4.15,4.15,3.75,3.8,791798
2020-07-02,3.99,4.34,3.92,3.99,1055089
2020-07-06,4.31,5.63,4.18,4.6,8324550
2020-07-07,4.41,4.58,4.02,4.27,1276052
2020-07-08,4.51,4.96,4.31,4.58,1645475
2020-07-09,4.8,5.16,4.6,4.75,1703488
2020-07-10,4.85,4.98,4.71,4.885,1084734
2020-07-13,5.11,5.6014,4.47,4.49,4639041
2020-07-14,4.4,4.71,4.15,4.67,1271147
2020-07-15,4.64,4.71,4.31,4.5,760702
2020-07-16,4.37,4.485,4.22,4.28,524695
2020-07-17,4.26,4.3346,4.08,4.115,544251
2020-07-20,4.15,4.4,4.13,4.22,686808
2020-07-21,4.4,4.4,4.02,4.07,783286
2020-07-22,4.1,4.52,4.1,4.44,1057036
2020-07-23,4.46,4.505,4.24,4.28,385706
2020-07-24,4.18,4.21,4.06,4.09,340418
2020-07-27,4.12,4.17,3.89,3.99,423582
2020-07-28,4.05,4.08,3.81,3.87,349065
2020-07-29,3.88,9.74,3.79,9.32,79339394
2020-07-30,16.56,17.4,8.53,8.66,124731889
2020-07-31,7.89,8.5,6.6,7.22,20791400
2020-08-03,7.8,9.17,6.92,8.14,23577201
2020-08-04,8.2051,9.7,8.05,8.71,14699322
2020-08-05,8.85,9.34,8.52,8.71,5846456
2020-08-06,8.5,10.3,8.49,9.75,16631538
2020-08-07,10.01,10.28,8.82,9.06,10519020
2020-08-10,8.8,9.58,8.47,8.905,6615461
2020-08-11,8.84,9.19,8.53,8.67,2962654
2020-08-12,8.84,8.92,8.38,8.68,2094376
2020-08-13,8.5,9.05,8.4,8.83,2846304
2020-08-14,8.86,9.29,8.5958,9.23,3964013
2020-08-17,9.29,10.68,9.29,10.19,10362790
2020-08-18,10.6,10.61,8.7,8.82,9863730
2020-08-19,8.99,8.99,7.89,8.04,7337186
2020-08-20,7.84,8.01,7.48,7.48,3655835
2020-08-21,7.46,7.65,6.94,6.98,3269076
2020-08-24,7.0,7.11,6.52,6.71,2697104
2020-08-25,6.68,6.88,6.3,6.67,2563749
2020-08-26,7.04,7.46,6.8,6.99,6104224
2020-08-27,6.88,7.05,6.6,6.77,2519189
2020-08-28,6.825,6.9199,6.5699,6.66,2097307
2020-08-31,6.54,6.86,6.5,6.73,1898272
2020-09-01,6.62,6.9098,6.4,6.89,1853436
2020-09-02,6.8,6.88,6.35,6.65,2765753
2020-09-03,6.49,6.69,6.2,6.36,2058854
2020-09-04,6.18,6.4,5.77,6.28,1928216
2020-09-08,6.1,6.36,5.92,6.2,1435477
2020-09-09,6.23,6.53,6.15,6.37,1620090
2020-09-10,6.45,6.45,5.93,5.96,903522
2020-09-11,6.0,6.18,5.84,6.1,1318099
2020-09-14,6.68,6.73,6.03,6.28,3126907
2020-09-15,6.23,6.37,6.1,6.2,862316
2020-09-16,6.18,6.33,6.06,6.17,850645
2020-09-17,6.03,6.24,6.03,6.14,589488
2020-09-18,6.15,6.38,5.94,6.14,1522350
2020-09-21,6.0,6.055,5.6222,5.95,1017549
2020-09-22,5.93,6.2,5.74,6.15,1127187
2020-09-23,6.04,6.08,5.5,5.56,1977431
2020-09-24,5.44,5.67,5.15,5.51,1200750
2020-09-25,5.46,5.94,5.41,5.85,1398244
2020-09-28,6.05,6.98,6.02,6.63,4705647
2020-09-29,6.445,7.41,6.3501,7.18,11783187
2020-09-30,7.14,7.14,6.13,6.2,3985090
2020-10-01,6.38,6.38,5.95,6.1,1472816
2020-10-02,5.87,6.4,5.87,6.27,1749485
2020-10-05,6.3,7.17,6.2501,7.11,3377349
2020-10-06,7.07,7.1332,6.46,6.69,1505578
2020-10-07,6.8,7.37,6.66,7.09,3189920
2020-10-08,7.21,8.19,6.9,7.58,8254845
2020-10-09,7.61,7.7,7.28,7.455,2050221
2020-10-12,7.54,7.88,7.31,7.81,2065376
2020-10-13,7.66,7.66,7.32,7.45,1137222
2020-10-14,7.62,8.75,7.5201,8.04,11002183
2020-10-15,7.62,7.83,7.36,7.405,2674139
2020-10-16,7.52,7.7119,7.18,7.23,1455854
2020-10-19,7.27,7.57,7.02,7.34,1231503
2020-10-20,7.34,7.64,7.26,7.45,912098
2020-10-21,7.43,7.64,7.1,7.2,1234751
2020-10-22,7.4758,7.6,7.15,7.28,1442097
2020-10-23,7.17,7.28,6.8,7.09,1044774
2020-10-26,7.3,7.38,6.63,6.825,1685709
2020-10-27,6.91,7.07,6.745,6.9,775057
2020-10-28,6.6,6.75,6.36,6.5,1019237
2020-10-29,6.52,6.84,6.39,6.82,1045004
2020-10-30,6.83,6.8344,6.15,6.26,1286700
2020-11-02,6.56,6.93,6.43,6.72,1772322
2020-11-03,6.81,7.44,6.58,6.92,4213604
2020-11-04,6.96,9.17,6.72,8.21,48282584
2020-11-05,8.35,9.05,8.25,8.92,11719729
2020-11-06,9.08,10.01,9.08,9.39,10852397
2020-11-09,9.0,9.22,7.54,7.78,8285990
2020-11-10,6.69,6.69,5.8,6.015,15457579
2020-11-11,6.25,6.31,6.05,6.22,5697077
2020-11-12,6.35,7.09,6.26,6.92,13112365
2020-11-13,7.39,8.41,7.01,7.22,20676213
2020-11-16,7.53,8.23,7.35,8.02,11545773
2020-11-17,8.17,10.48,8.02,9.41,40339516
2020-11-18,10.09,11.5,9.91,11.34,38198203
2020-11-19,12.745,14.45,12.2,14.41,49740211
2020-11-20,11.48,13.5,11.35,12.06,54062612
2020-11-23,13.25,15.175,13.0,14.93,37823911
2020-11-24,16.55,17.45,13.41,14.44,39115262
2020-11-25,13.3676,15.1393,12.9,14.5,18018224
2020-11-27,14.85,14.87,13.52,13.62,10134748
2020-11-30,13.11,13.11,9.73,9.76,46242476
2020-12-01,8.93,9.5,8.2,8.57,23285390
2020-12-02,7.6,8.445,7.02,8.37,21221512
2020-12-03,8.35,8.52,7.89,8.06,9528340
2020-12-04,8.14,8.15,7.7407,7.99,7455798
2020-12-07,8.1,9.95,7.72,8.49,31982762
2020-12-08,8.81,9.7,8.47,8.69,19767917
2020-12-09,8.82,9.29,8.38,8.65,15966069
2020-12-10,8.45,8.6619,8.25,8.38,6471506
2020-12-11,8.23,8.6688,8.1,8.47,6580530
2020-12-14,8.44,8.64,7.6,7.82,10585302
2020-12-15,7.8506,8.18,7.65,8.15,6358734
2020-12-16,8.235,8.27,7.8197,8.03,3703636
2020-12-17,8.04,8.25,7.8,8.19,4873187
2020-12-18,8.24,8.54,7.89,8.11,6728682
2020-12-21,7.95,8.22,7.72,7.88,5940585
2020-12-22,7.96,7.9732,7.31,7.48,9088483
2020-12-23,7.47,7.565,7.17,7.37,5389497
2020-12-24,7.39,7.5,7.18,7.2,2795696
2020-12-28,7.22,7.44,6.85,6.88,5986279
2020-12-29,8.01,8.04,6.8795,7.16,20717254
2020-12-30,7.15,7.375,6.85,7.37,8954584
2020-12-31,7.3,7.35,6.76,6.9,9368004
2021-01-04,7.06,7.47,6.84,7.33,7586877
2021-01-05,7.27,7.35,7.08,7.23,3249986
2021-01-06,7.24,7.685,7.2,7.28,5544939
2021-01-07,7.54,8.1,7.5,7.75,7782723
2021-01-08,8.1,9.22,8.0171,8.56,21266762
2021-01-11,8.32,8.55,8.02,8.12,5830385
2021-01-12,8.12,8.93,7.83,8.88,9597381
2021-01-13,8.7,8.95,8.28,8.42,5540256
2021-01-14,8.51,8.7868,8.27,8.39,4704811
2021-01-15,8.25,8.64,7.75,7.91,6540672
2021-01-19,8.06,8.24,7.98,8.18,3929175
2021-01-20,8.19,8.49,7.9,8.19,3911710
2021-01-21,8.14,8.3701,7.87,8.31,6150382
2021-01-22,8.07,8.45,8.04,8.18,3616927
2021-01-25,8.22,8.9,7.96,8.34,9253058
2021-01-26,8.53,9.4199,8.32,8.82,13908755
2021-01-27,8.69,10.22,8.51,9.31,18479261
2021-01-28,9.3,10.9799,8.76,9.01,13032345
2021-01-29,9.2,9.81,8.88,8.9,7622576
2021-02-01,9.06,9.25,8.5,8.51,6457091
2021-02-02,8.54,8.7193,8.13,8.57,5137265
2021-02-03,8.61,8.925,8.434,8.73,3956213
2021-02-04,8.85,9.16,8.57,8.87,4890860
2021-02-05,8.94,9.02,8.6004,8.76,2744284
2021-02-08,8.93,9.43,8.7101,9.19,5103835
2021-02-09,9.22,9.86,8.77,9.49,8422920
2021-02-10,9.76,9.82,8.82,9.11,6079269
2021-02-11,9.12,9.54,8.81,9.12,4425366
2021-02-12,9.0,9.2,8.829,9.0,2903241
2021-02-16,9.0888,9.27,8.53,8.95,4182199
2021-02-17,8.83,8.84,8.34,8.55,3674461
2021-02-18,8.3097,8.45,7.82,8.11,5576101
2021-02-19,8.19,8.43,8.1,8.21,2665589
2021-02-22,8.14,8.231,7.665,7.76,4176261
2021-02-23,7.38,7.38,6.55,7.2,6102674
2021-02-24,7.31,7.59,7.1,7.55,2804993
2021-02-25,7.43,7.53,7.03,7.13,4297789
2021-02-26,7.05,7.23,6.77,7.08,3696877
2021-03-01,7.23,7.44,7.11,7.42,2251298
2021-03-02,7.44,7.49,7.12,7.16,2133432
2021-03-03,7.19,7.29,6.72,6.8,2819234
2021-03-04,6.7,6.84,5.95,6.23,6188121
2021-03-05,6.38,6.398,5.33,6.1,5091551
2021-03-08,6.04,6.45,5.9,6.05,3425373
2021-03-09,6.32,6.671,6.21,6.615,4429490
2021-03-10,6.81,7.19,6.57,6.69,4056597
2021-03-11,6.99,7.17,6.84,7.14,3034073
2021-03-12,6.95,7.15,6.7257,7.06,2454349
2021-03-15,7.1,7.22,6.975,7.12,2214068
2021-03-16,7.15,7.28,6.84,6.85,2478637
2021-03-17,6.68,7.17,6.56,7.07,4097452
2021-03-18,6.94,7.12,6.665,6.73,1773832
2021-03-19,6.78,7.06,6.62,7.0,1980781
2021-03-22,6.95,7.1,6.77,6.8,1903278
2021-03-23,6.76,6.76,6.39,6.44,2079495
2021-03-24,6.54,6.55,5.83,5.86,4374098
2021-03-25,5.75,6.04,5.64,5.99,2611409
2021-03-26,5.99,6.12,5.59,5.93,2794690
2021-03-29,5.88,5.96,5.58,5.6,2364949
2021-03-30,5.34,6.065,5.27,6.02,4652007
2021-03-31,6.05,6.28,5.94,6.25,1935538
2021-04-01,6.4,6.62,6.36,6.49,1920055
2021-04-05,6.52,6.55,6.18,6.23,1443126
2021-04-06,6.22,6.47,6.11,6.32,1451982
2021-04-07,6.3,6.46,6.18,6.22,1398525
2021-04-08,6.22,6.38,6.168,6.33,1196956
2021-04-09,6.21,6.29,5.99,6.19,1308188
2021-04-12,6.13,6.17,5.87,5.91,1535192
2021-04-13,5.91,6.02,5.79,5.99,1252467
2021-04-14,6.01,6.22,5.975,5.98,1737777
2021-04-15,6.07,6.07,5.515,5.56,2327822
2021-04-16,5.56,5.6375,5.4,5.62,2077289
2021-04-19,5.55,5.63,5.39,5.525,1641655
2021-04-20,5.44,5.585,5.31,5.39,1635398
2021-04-21,5.32,5.76,5.22,5.69,1753281
2021-04-22,5.77,5.82,5.5791,5.62,1578342
2021-04-23,5.63,5.96,5.63,5.9,1546493
2021-04-26,5.93,6.1,5.83,6.02,1321956
2021-04-27,6.01,6.04,5.76,5.88,1286417
2021-04-28,5.91,6.1,5.85,6.03,1131523
2021-04-29,6.0332,6.05,5.75,5.88,1215360
2021-04-30,5.7617,5.8701,5.71,5.76,1274939
2021-05-03,5.76,5.77,5.55,5.69,1408694
2021-05-04,5.56,5.6,5.28,5.37,1920653
2021-05-05,5.37,5.51,5.31,5.39,1083353
2021-05-06,5.38,5.4,5.11,5.2,1305978
2021-05-07,5.25,5.385,5.2,5.26,1286224
2021-05-10,5.26,5.32,4.73,4.77,2727800
2021-05-11,4.4535,5.1,4.4,5.06,2195798
2021-05-12,4.94,5.005,4.73,4.825,2610852
2021-05-13,4.9,4.94,4.48,4.53,1706273
2021-05-14,4.65,4.98,4.64,4.92,1579178
2021-05-17,4.87,5.1,4.86,5.1,1123315
2021-05-18,5.16,5.24,5.0,5.11,1185515
2021-05-19,4.8723,5.1,4.86,5.04,935620
2021-05-20,5.1,5.15,5.04,5.11,622834
2021-05-21,5.15,5.208,5.08,5.1,630627
2021-05-24,5.26,5.32,4.91,5.09,1268251
2021-05-25,5.09,5.185,4.96,4.96,767073
2021-05-26,4.99,5.53,4.99,5.45,1856853
2021-05-27,5.48,5.59,5.345,5.55,1533367
2021-05-28,5.55,5.65,5.385,5.44,862612
2021-06-01,5.55,5.685,5.45,5.56,996787
2021-06-02,5.61,5.77,5.53,5.75,1189930
2021-06-03,5.72,5.87,5.57,5.62,2195803
2021-06-04,5.98,6.3,5.66,5.74,4173092
2021-06-07,5.69,6.06,5.63,5.95,1977384
2021-06-08,6.12,6.405,5.9,6.19,2773487
2021-06-09,6.3,6.68,6.13,6.28,3504867
2021-06-10,6.3,6.37,6.1,6.18,1467586
2021-06-11,6.25,6.48,6.24,6.36,1103503
2021-06-14,6.44,6.5299,6.26,6.32,877413
2021-06-15,6.28,6.35,6.07,6.11,1024522
2021-06-16,6.045,6.2181,5.99,6.13,1175249
2021-06-17,6.06,6.29,6.06,6.11,981347
2021-06-18,6.11,6.18,5.96,6.13,1588975
2021-06-21,6.1,6.12,5.93,6.06,839538
2021-06-22,6.04,6.05,5.83,5.88,943523
2021-06-23,5.97,6.23,5.97,6.1,1562762
2021-06-24,6.2,6.2199,5.98,6.0,1143162
2021-06-25,6.0,6.27,5.88,6.2,3256795
2021-06-28,6.2,6.55,6.125,6.35,2549184
2021-06-29,6.35,6.35,6.05,6.1,1725475
2021-06-30,6.11,6.13,5.97,5.98,1021540
2021-07-01,6.02,6.0899,5.84,5.94,874394
2021-07-02,5.94,5.98,5.72,5.79,847975
2021-07-06,5.77,6.15,5.685,5.86,2763246
2021-07-07,5.8377,5.89,5.5,5.57,1181854
2021-07-08,5.41,5.67,5.4,5.66,967592
2021-07-09,5.66,5.77,5.55,5.75,884390
2021-07-12,5.79,5.8278,5.65,5.74,585190
2021-07-13,5.7,5.72,5.55,5.62,669476
2021-07-14,5.61,5.64,5.18,5.21,1693366
2021-07-15,5.21,5.4,5.13,5.25,1030523
2021-07-16,5.32,5.3599,5.2,5.34,633382
2021-07-19,5.25,5.48,5.12,5.44,1175864
2021-07-20,5.48,5.67,5.28,5.62,887103
2021-07-21,5.65,5.9,5.64,5.79,881416
2021-07-22,5.75,5.79,5.56,5.58,441150
2021-07-23,5.5,5.5,5.291,5.42,772704
2021-07-26,5.33,5.62,5.25,5.27,2167456
2021-07-27,5.18,5.1842,4.9515,5.06,1262500
2021-07-28,5.15,5.39,5.1201,5.34,923998
2021-07-29,5.45,5.475,5.28,5.4,1012283
2021-07-30,5.27,5.69,5.27,5.3,2633528
2021-08-02,5.32,5.42,5.25,5.34,757429
2021-08-03,5.39,5.39,5.11,5.13,788437
2021-08-04,5.12,5.19,4.74,4.84,3665248
2021-08-05,4.83,4.9978,4.8,4.87,1164285
2021-08-06,4.92,4.92,4.75,4.87,861454
2021-08-09,5.15,5.45,5.06,5.41,2451617
2021-08-10,5.43,5.595,5.4,5.5,1146844
2021-08-11,5.52,5.52,5.24,5.27,1560139
2021-08-12,5.25,5.27,5.12,5.16,890178
2021-08-13,5.14,5.18,5.02,5.04,675345
2021-08-16,5.01,5.18,4.97,5.02,1149057
2021-08-17,4.91,5.0,4.81,4.93,977252
2021-08-18,4.92,5.04,4.7921,4.81,988895
2021-08-19,4.78,4.8,4.58,4.59,1178683
2021-08-20,4.59,4.74,4.59,4.67,518687
2021-08-23,4.7,4.92,4.68,4.88,969370
2021-08-24,4.94,5.11,4.93,5.07,1017719
2021-08-25,5.06,5.1,4.95,5.02,596707
2021-08-26,5.01,5.12,4.91,4.96,471046
2021-08-27,5.01,5.085,4.955,5.02,608605
2021-08-30,5.05,5.085,4.89,5.0,631571
2021-08-31,5.02,5.11,4.97,5.02,715324
2021-09-01,5.0,5.2,5.0,5.12,1119315
2021-09-02,5.12,5.2,5.08,5.11,698748
2021-09-03,5.11,5.125,4.94,4.99,641034
2021-09-07,4.96,5.11,4.96,4.99,571796
2021-09-08,5.0,5.0,4.75,4.82,895981
2021-09-09,4.78,4.91,4.76,4.84,632130
2021-09-10,4.85,4.92,4.6,4.62,1385694
2021-09-13,4.7,4.73,4.48,4.67,1147193
2021-09-14,4.71,4.72,4.46,4.52,912311
2021-09-15,4.49,4.55,4.4,4.53,784267
2021-09-16,4.54,4.54,4.4155,4.49,444994
2021-09-17,4.51,4.62,4.45,4.62,1261123
2021-09-20,4.44,4.47,4.29,4.33,1158331
2021-09-21,4.33,4.47,4.31,4.43,834965
2021-09-22,4.42,4.56,4.42,4.47,641517
2021-09-23,4.52,4.57,4.47,4.51,839815
2021-09-24,4.46,4.52,4.34,4.4,833488
2021-09-27,4.4,4.59,4.38,4.53,975864
2021-09-28,4.48,4.5811,4.43,4.46,972702
2021-09-29,4.46,4.495,4.28,4.28,1682891
2021-09-30,4.31,4.52,4.29,4.45,880165
2021-10-01,4.42,4.53,4.35,4.51,861262
2021-10-04,4.48,4.48,4.3,4.31,595448
2021-10-05,4.33,4.38,4.245,4.35,519551
2021-10-06,4.29,4.34,4.26,4.28,592467
2021-10-07,4.28,4.43,4.2701,4.38,761131
2021-10-08,4.37,4.43,4.31,4.41,671834
2021-10-11,4.4,4.449,4.34,4.34,426732
2021-10-12,4.38,4.48,4.37,4.47,396126
2021-10-13,4.48,4.51,4.42,4.48,415483
2021-10-14,4.47,4.485,4.35,4.43,807750
2021-10-15,4.43,4.64,4.41,4.43,1414321
2021-10-18,4.42,4.44,4.35,4.41,466034
2021-10-19,4.39,4.54,4.39,4.54,706893
2021-10-20,4.64,4.64,4.51,4.63,580761
2021-10-21,4.6,4.65,4.49,4.55,417735
2021-10-22,4.54,4.54,4.35,4.36,639616
2021-10-25,4.36,4.53,4.31,4.48,1064611
2021-10-26,4.5,4.54,4.39,4.4,667395
2021-10-27,4.36,4.42,4.23,4.28,967374
2021-10-28,4.3,4.62,4.26,4.47,4387907
2021-10-29,4.44,4.5088,4.345,4.38,1254556
2021-11-01,4.38,4.63,4.37,4.6,1347496
2021-11-02,4.62,4.62,4.4,4.51,888145
2021-11-03,4.51,4.68,4.49,4.66,908605
2021-11-04,4.67,4.7299,4.54,4.56,681165
2021-11-05,4.54,4.56,4.47,4.54,741065
2021-11-08,4.63,5.2,4.61,5.17,3959823
2021-11-09,4.59,4.6,4.09,4.2,5246159
2021-11-10,4.19,4.52,4.12,4.13,4447060
2021-11-11,4.17,4.4,4.13,4.35,1741506
2021-11-12,4.39,4.555,4.34,4.53,1605395
2021-11-15,4.58,4.701,4.5,4.63,1180035
2021-11-16,4.6,4.66,4.41,4.57,1228688
2021-11-17,4.58,4.58,4.37,4.4,899690
2021-11-18,4.32,4.366,4.21,4.24,1286793
2021-11-19,4.25,4.27,4.16,4.18,679238
2021-11-22,4.22,4.23,4.07,4.13,881768
2021-11-23,4.1,4.1651,3.89,4.0,1233209
2021-11-24,4.02,4.055,3.88,3.97,844685
2021-11-26,3.9,3.95,3.82,3.95,592788
2021-11-29,3.92,3.945,3.755,3.82,1032161
2021-11-30,3.79,3.86,3.695,3.81,1011917
2021-12-01,3.83,3.865,3.53,3.58,1324050
2021-12-02,3.58,3.74,3.565,3.67,1355038
2021-12-03,3.62,3.62,3.3,3.34,1658571
2021-12-06,3.48,3.64,3.31,3.5,1904015
2021-12-07,3.59,4.03,3.5312,3.76,2836233
2021-12-08,3.81,3.89,3.675,3.86,1015152
2021-12-09,3.85,3.85,3.73,3.74,605609
2021-12-10,3.79,3.82,3.67,3.7,664983
2021-12-13,3.69,3.81,3.59,3.65,808391
2021-12-14,3.59,3.795,3.58,3.64,843147
2021-12-15,3.59,3.64,3.425,3.6,1195174
2021-12-16,3.6,3.675,3.48,3.49,893624
2021-12-17,3.47,3.57,3.37,3.41,1634005
2021-12-20,3.41,3.42,3.24,3.36,1365460
2021-12-21,3.34,3.57,3.34,3.5,1128705
2021-12-22,3.51,3.565,3.4101,3.44,545321
2021-12-23,3.48,3.5674,3.41,3.49,1062798
2021-12-27,3.45,3.49,3.32,3.34,1261819
2021-12-28,3.77,3.84,3.49,3.51,13819875
2021-12-29,3.43,3.44,3.09,3.1,3611960
2021-12-30,3.11,3.42,3.1,3.33,3001280
2021-12-31,3.29,3.425,3.2,3.21,1751960
2022-01-03,3.29,3.52,3.255,3.44,1615794
2022-01-04,3.46,3.56,3.38,3.52,1134304
2022-01-05,3.48,3.561,3.39,3.39,1162312
2022-01-06,3.4,3.5,3.22,3.39,1238498
2022-01-07,3.4,3.465,3.34,3.38,772109
2022-01-10,3.36,3.3738,3.245,3.32,986480
2022-01-11,3.32,3.481,3.31,3.41,758416
2022-01-12,3.46,3.555,3.415,3.45,945469
2022-01-13,3.44,3.465,3.34,3.34,600836
2022-01-14,3.32,3.34,3.265,3.34,734246
2022-01-18,3.3,3.41,3.262,3.31,915419
2022-01-19,3.31,3.32,3.1,3.12,1241881
2022-01-20,3.17,3.3,3.09,3.11,842149
2022-01-21,3.07,3.11,2.98,3.0,1362433
2022-01-24,2.9,2.95,2.72,2.92,1714140
2022-01-25,2.87,2.92,2.8,2.87,800183
2022-01-26,2.97,2.98,2.87,2.9,1378357
2022-01-27,2.92,2.92,2.78,2.84,1212186
2022-01-28,2.84,2.86,2.71,2.84,1027387
2022-01-31,2.87,3.0,2.86,3.0,757884
2022-02-01,3.0,3.11,2.98,3.09,497095
2022-02-02,3.12,3.13,2.95,2.97,935562
2022-02-03,2.91,3.015,2.84,2.86,594822
2022-02-04,2.88,2.96,2.83,2.94,300442
2022-02-07,2.93,3.01,2.9009,2.95,380497
2022-02-08,2.92,3.04,2.9042,3.02,460133
2022-02-09,3.07,3.19,3.05,3.15,498543
2022-02-10,3.09,3.3,3.09,3.25,858531
2022-02-11,3.24,3.2619,3.16,3.2,684783
2022-02-14,3.16,3.26,3.135,3.2,567252
2022-02-15,3.24,3.415,3.2135,3.39,535715
2022-02-16,3.32,3.4,3.282,3.4,318736
2022-02-17,3.37,3.41,3.23,3.28,701350
2022-02-18,3.25,3.265,3.19,3.22,413449
2022-02-22,3.151,3.225,3.09,3.14,424620
2022-02-23,3.17,3.22,3.04,3.07,417557
2022-02-24,2.9,3.21,2.85,3.2,953590
2022-02-25,3.22,3.315,3.175,3.28,660134
2022-02-28,3.24,3.3382,3.165,3.24,770745
2022-03-01,3.24,3.33,3.2,3.29,608200
2022-03-02,3.31,3.32,3.185,3.2,310800
2022-03-03,3.2,3.22,3.09,3.17,511179
2022-03-04,3.14,3.18,2.855,2.86,960215
2022-03-07,2.87,2.905,2.77,2.85,672229
2022-03-08,2.84,3.13,2.8,3.1,1059701
2022-03-09,3.15,3.19,3.065,3.16,558867
2022-03-10,3.09,3.11,3.01,3.11,410907
2022-03-11,3.11,3.13,2.87,2.88,680542
2022-03-14,2.85,2.85,2.52,2.525,1151401
2022-03-15,2.71,2.88,2.53,2.86,1313134
2022-03-16,3.05,3.205,2.94,3.19,1389044
2022-03-17,3.15,3.6,3.12,3.59,1669192
2022-03-18,3.53,3.73,3.5027,3.73,1464126
2022-03-21,3.7,3.75,3.53,3.68,1039939
2022-03-22,3.64,3.74,3.525,3.55,752507
2022-03-23,3.52,3.7,3.45,3.56,667307
2022-03-24,3.42,3.435,2.8,3.04,7380336
2022-03-25,3.04,3.07,2.88,2.94,2073004
2022-03-28,2.92,3.15,2.88,3.03,2735729
2022-03-29,3.09,3.43,3.07,3.32,2872110
2022-03-30,3.32,3.65,3.1653,3.49,10777788
2022-03-31,3.48,3.62,3.16,3.2,1261670
2022-04-01,3.24,3.37,3.04,3.11,1351630
2022-04-04,3.11,3.1799,3.05,3.14,879620
2022-04-05,3.15,3.16,2.98,2.99,861233
2022-04-06,2.99,2.995,2.79,2.8,1409744
2022-04-07,2.83,2.84,2.71,2.79,736191
2022-04-08,2.79,2.84,2.75,2.77,544214
2022-04-11,2.74,2.83,2.68,2.68,674092
2022-04-12,2.71,2.805,2.68,2.68,451228
2022-04-13,2.72,2.8,2.7,2.73,428842
2022-04-14,2.71,2.84,2.705,2.78,444898
2022-04-18,2.8,2.8399,2.69,2.7,449868
2022-04-19,2.68,2.79,2.68,2.75,380153
2022-04-20,2.79,2.83,2.71,2.72,414288
2022-04-21,2.8,2.93,2.68,2.69,593680
2022-04-22,2.68,2.795,2.595,2.62,518328
2022-04-25,2.58,2.69,2.565,2.66,506762
2022-04-26,2.66,2.66,2.55,2.57,626161
2022-04-27,2.54,2.675,2.54,2.55,425213
2022-04-28,2.57,2.5966,2.4801,2.58,454864
2022-04-29,2.6,2.7109,2.55,2.55,354048
2022-05-02,2.55,2.685,2.51,2.63,454014
2022-05-03,2.6,2.675,2.585,2.61,281411
2022-05-04,2.58,2.68,2.55,2.67,400814
2022-05-05,2.65,2.65,2.5,2.52,587278
2022-05-06,2.5,2.512,2.402,2.44,524682
2022-05-09,2.4,2.45,2.27,2.31,638681
2022-05-10,2.36,2.47,2.32,2.45,876263
2022-05-11,2.42,2.4512,2.22,2.24,662131
2022-05-12,2.2,2.2863,2.12,2.21,783795
2022-05-13,2.29,2.39,2.25,2.33,314683
2022-05-16,2.34,2.42,2.3,2.31,399220
2022-05-17,2.39,2.5,2.345,2.47,446585
2022-05-18,2.41,2.535,2.37,2.45,272228
2022-05-19,2.44,2.6,2.44,2.58,311768
2022-05-20,2.59,2.6015,2.4221,2.5,316414
2022-05-23,2.52,2.545,2.419,2.54,272261
2022-05-24,2.49,2.49,2.41,2.47,238949
2022-05-25,2.38,2.48,2.375,2.46,294688
2022-05-26,2.45,2.59,2.42,2.56,268165
2022-05-27,2.462,2.64,2.4601,2.61,342847
2022-05-31,2.63,2.72,2.585,2.69,260609
2022-06-01,2.67,2.75,2.6058,2.64,263319
2022-06-02,2.63,2.81,2.61,2.76,406447
2022-06-03,2.73,2.73,2.6307,2.67,163033
2022-06-06,2.74,2.835,2.71,2.73,262542
2022-06-07,2.72,2.79,2.675,2.77,189737
2022-06-08,2.75,2.92,2.73,2.91,367772
2022-06-09,2.89,2.89,2.765,2.79,211815
2022-06-10,2.74,2.76,2.6,2.74,315453
2022-06-13,2.66,2.67,2.425,2.45,412012
2022-06-14,2.46,2.555,2.42,2.45,320254
2022-06-15,2.47,2.54,2.42,2.49,342668
2022-06-16,2.42,2.43,2.275,2.3,362328
2022-06-17,2.29,2.48,2.29,2.39,965358
2022-06-21,2.43,2.49,2.38,2.46,372317
2022-06-22,2.39,2.51,2.39,2.5,191786
2022-06-23,2.5,2.59,2.5,2.59,195339
2022-06-24,2.6,2.67,2.585,2.61,205952
2022-06-27,2.61,2.65,2.57,2.62,158057
2022-06-28,2.61,2.65,2.51,2.54,153692
2022-06-29,2.52,2.52,2.42,2.45,171356
2022-06-30,2.41,2.4275,2.34,2.4,254768
2022-07-01,2.4,2.44,2.33,2.38,171711
2022-07-05,2.36,2.49,2.32,2.48,174472
2022-07-06,2.48,2.48,2.4199,2.44,156267
2022-07-07,2.46,2.61,2.455,2.61,527365
2022-07-08,2.59,2.62,2.54,2.57,105527
2022-07-11,2.53,2.605,2.48,2.58,269108
2022-07-12,2.54,2.65,2.521,2.65,191948
2022-07-13,2.59,2.66,2.59,2.6,106684
2022-07-14,2.61,2.69,2.52,2.69,234941
2022-07-15,2.62,2.67,2.58,2.66,154395
2022-07-18,2.66,2.705,2.5601,2.63,233901
2022-07-19,2.63,2.66,2.6,2.62,182551
2022-07-20,2.58,2.69,2.58,2.66,224784
2022-07-21,2.66,2.72,2.65,2.68,228653
2022-07-22,2.68,2.68,2.6,2.61,175362
2022-07-25,2.6,2.6,2.345,2.36,678221
2022-07-26,2.36,2.42,2.32,2.37,156428
2022-07-27,2.37,2.3999,2.34,2.37,209416
2022-07-28,2.34,2.39,2.34,2.39,213944
2022-07-29,2.37,2.4,2.36,2.39,137615
2022-08-01,2.4,2.45,2.38,2.43,216341
2022-08-02,2.4,2.57,2.4,2.56,182045
2022-08-03,2.57,2.59,2.49,2.52,296306
2022-08-04,2.54,2.605,2.5,2.52,207089
2022-08-05,2.46,2.515,2.45,2.47,286224
2022-08-08,2.48,2.6,2.465,2.54,234269
2022-08-09,2.45,2.485,2.35,2.36,301839
2022-08-10,2.45,2.45,2.35,2.41,217522
2022-08-11,2.45,2.458,2.3636,2.37,233584
2022-08-12,2.4,2.43,2.37,2.41,195098
2022-08-15,2.45,2.56,2.39,2.54,286417
2022-08-16,2.53,2.53,2.43,2.47,201679
2022-08-17,2.45,2.48,2.4,2.41,146894
2022-08-18,2.41,2.45,2.38,2.39,123627
2022-08-19,2.35,2.37,2.29,2.32,245655
2022-08-22,2.29,2.31,2.26,2.27,187258
2022-08-23,2.27,2.3,2.26,2.28,146032
2022-08-24,2.27,2.33,2.26,2.3,205720
2022-08-25,2.33,2.35,2.3,2.33,125364
2022-08-26,2.3,2.3914,2.27,2.3,224547
2022-08-29,2.29,2.335,2.235,2.24,160027
2022-08-30,2.25,2.27,2.19,2.2,144437
2022-08-31,2.21,2.23,2.17,2.19,156760
2022-09-01,2.15,2.18,2.09,2.13,210126
2022-09-02,2.13,2.19,2.08,2.08,209283
2022-09-06,2.1,2.1,2.01,2.02,148235
2022-09-07,2.0,2.07,2.0,2.06,110661
2022-09-08,2.05,2.09,2.01,2.06,127330
2022-09-09,2.06,2.19,2.06,2.14,155718
2022-09-12,2.17,2.1705,2.11,2.13,118271
2022-09-13,2.1,2.155,2.07,2.11,194876
2022-09-14,2.09,2.125,2.07,2.08,124045
2022-09-15,2.08,2.16,2.08,2.13,124183
2022-09-16,2.1,2.1,2.055,2.07,144229
2022-09-19,2.07,2.2,2.07,2.12,191179
2022-09-20,2.09,2.195,2.09,2.1,165009
2022-09-21,2.12,2.19,2.09,2.13,199431
2022-09-22,2.15,2.1695,2.08,2.08,230150
2022-09-23,2.07,2.11,2.0,2.01,345893
2022-09-26,2.0,2.105,2.0,2.03,243921
2022-09-27,2.04,2.14,2.04,2.07,313821
2022-09-28,2.06,2.18,2.04,2.13,228838
2022-09-29,2.12,2.1913,2.075,2.14,273282
2022-09-30,2.15,2.225,2.11,2.11,221634
2022-10-03,2.11,2.185,2.0907,2.15,245891
2022-10-04,2.15,2.27,2.15,2.26,240954
2022-10-05,2.23,2.315,2.21,2.29,194370
2022-10-06,2.27,2.385,2.27,2.33,268942
2022-10-07,2.29,2.34,2.21,2.25,235481
2022-10-10,2.23,2.29,2.155,2.27,249832
2022-10-11,2.25,2.32,2.17,2.29,295930
2022-10-12,2.29,2.35,2.22,2.34,200533
2022-10-13,2.28,2.39,2.23,2.37,257532
2022-10-14,2.37,2.3885,2.27,2.33,281764
2022-10-17,2.35,2.43,2.3,2.43,320639
2022-10-18,2.45,2.535,2.4,2.45,305256
2022-10-19,2.46,2.49,2.42,2.48,216358
2022-10-20,2.45,2.53,2.43,2.45,206010
2022-10-21,2.45,2.59,2.45,2.58,320464
2022-10-24,2.5,2.61,2.47,2.6,313344
2022-10-25,2.58,2.74,2.5469,2.72,329240
2022-10-26,2.72,2.85,2.72,2.79,376555
2022-10-27,2.79,2.8885,2.7525,2.78,348324
2022-10-28,2.77,2.84,2.77,2.81,157117
2022-10-31,2.77,3.02,2.7334,2.89,394408
2022-11-01,2.94,3.056,2.91,2.96,305380
2022-11-02,2.96,3.16,2.96,3.05,423459
2022-11-03,3.0,3.18,3.0,3.1,303118
2022-11-04,3.12,3.21,2.96,3.15,407414
2022-11-07,3.1763,3.26,3.11,3.18,348544
2022-11-08,3.21,3.24,3.01,3.16,386641
2022-11-09,3.1,3.195,3.0815,3.18,400045
2022-11-10,3.2,3.3,3.1,3.23,509434
2022-11-11,3.24,3.29,3.21,3.22,148362
2022-11-14,3.24,3.29,3.0,3.08,481718
2022-11-15,3.08,3.08,2.93,2.94,707118
2022-11-16,2.95,2.99,2.91,2.97,201898
2022-11-17,2.92,3.01,2.885,2.99,132621
2022-11-18,2.91,3.0,2.91,2.98,125329
2022-11-21,2.98,2.98,2.87,2.89,145770
2022-11-22,2.9,2.9,2.7,2.71,221393
2022-11-23,2.7,2.74,2.62,2.65,207978
2022-11-25,2.66,2.77,2.6401,2.75,124227
2022-11-28,2.71,2.77,2.67,2.71,203045
2022-11-29,2.74,2.7411,2.69,2.7,83783
2022-11-30,2.71,2.75,2.67,2.73,153537
2022-12-01,2.76,2.8,2.705,2.74,148711
2022-12-02,2.67,2.75,2.6404,2.72,129294
2022-12-05,2.72,2.7375,2.63,2.64,92070
2022-12-06,2.65,2.7,2.63,2.68,124649
2022-12-07,2.63,2.64,2.5,2.505,224252
2022-12-08,2.52,2.55,2.48,2.55,122464
2022-12-09,2.56,2.56,2.435,2.45,150165
2022-12-12,2.41,2.4339,2.25,2.26,351754
2022-12-13,2.28,2.385,2.23,2.33,425691
2022-12-14,2.28,2.38,2.26,2.31,271223
2022-12-15,2.31,2.35,2.27,2.3,249390
2022-12-16,2.27,2.33,2.2297,2.27,745155
2022-12-19,2.31,2.33,2.25,2.29,254907
2022-12-20,2.28,2.45,2.2683,2.44,173686
2022-12-21,2.4,2.53,2.4,2.51,170648
2022-12-22,2.6,2.6,2.36,2.41,198302
2022-12-23,2.41,2.42,2.35,2.35,114215
2022-12-27,2.34,2.34,2.23,2.25,193831
2022-12-28,2.23,2.335,2.23,2.27,274948
2022-12-29,2.28,2.32,2.23,2.31,260928
2022-12-30,2.25,2.33,2.25,2.3,384795
2023-01-03,2.29,2.425,2.29,2.33,131258
2023-01-04,2.34,2.59,2.34,2.57,209396
2023-01-05,2.58,2.68,2.53,2.65,227229
2023-01-06,2.67,2.75,2.57,2.75,194311
2023-01-09,2.73,2.75,2.61,2.62,184551
2023-01-10,2.65,2.71,2.5999,2.7,105914
2023-01-11,2.7,2.78,2.67,2.7,119886
2023-01-12,2.72,2.92,2.67,2.86,288498
2023-01-13,2.87,2.9299,2.865,2.9,154287
2023-01-17,2.89,2.91,2.83,2.86,142661
2023-01-18,2.85,2.9,2.83,2.87,174131
2023-01-19,2.87,2.88,2.67,2.69,193352
2023-01-20,2.68,2.78,2.68,2.72,117121
2023-01-23,2.72,2.81,2.72,2.8,178052
2023-01-24,2.8,2.81,2.73,2.73,90181
2023-01-25,2.7,2.78,2.69,2.75,82113
2023-01-26,2.76,2.85,2.7301,2.83,278544
2023-01-27,2.84,2.9,2.73,2.76,362623
2023-01-30,2.72,2.75,2.65,2.68,137691
2023-01-31,2.66,2.75,2.66,2.69,196372
2023-02-01,2.69,2.73,2.659,2.69,108546
2023-02-02,2.73,2.74,2.65,2.66,217499
2023-02-03,2.66,2.69,2.6,2.6,154321
2023-02-06,2.61,2.61,2.52,2.54,127781
2023-02-07,2.5,2.545,2.48,2.5,168113
2023-02-08,2.5,2.5437,2.47,2.47,152282
2023-02-09,2.47,2.53,2.435,2.44,154771
2023-02-10,2.42,2.44,2.4,2.41,84566
2023-02-13,2.4,2.435,2.39,2.42,74692
2023-02-14,2.38,2.45,2.38,2.4,108049
2023-02-15,2.36,2.4065,2.35,2.37,78011
2023-02-16,2.37,2.56,2.37,2.46,175358
2023-02-17,2.41,2.4199,2.36,2.36,179710
2023-02-21,2.36,2.38,2.27,2.3,399605
2023-02-22,2.27,2.315,2.2488,2.26,121695
2023-02-23,2.28,2.38,2.27,2.34,105297
2023-02-24,2.3,2.35,2.28,2.31,125724
2023-02-27,2.29,2.38,2.28,2.28,115038
2023-02-28,2.31,2.34,2.2801,2.31,73250
2023-03-01,2.34,2.35,2.29,2.31,104838
2023-03-02,2.28,2.34,2.28,2.34,55771
2023-03-03,2.32,2.53,2.32,2.46,233874
2023-03-06,2.48,2.5,2.42,2.43,136888
2023-03-07,2.4,2.44,2.35,2.43,100651
2023-03-08,2.41,2.43,2.35,2.38,80573
2023-03-09,2.31,2.4,2.3,2.3,145676
2023-03-10,2.26,2.36,2.25,2.25,157842
2023-03-13,2.25,2.28,2.22,2.26,181259
2023-03-14,2.27,2.39,2.265,2.385,330238
2023-03-15,2.31,2.39,2.255,2.32,230569
2023-03-16,2.28,2.345,2.26,2.3,163130
2023-03-17,2.28,2.38,2.28,2.35,357216
2023-03-20,2.33,2.515,2.33,2.45,292946
2023-03-21,2.46,2.565,2.455,2.54,225493
2023-03-22,2.56,2.7,2.53,2.53,289420
2023-03-23,2.51,2.62,2.51,2.51,159363
2023-03-24,2.49,2.58,2.49,2.54,187639
2023-03-27,2.53,2.59,2.53,2.57,100610
2023-03-28,2.53,2.63,2.53,2.61,114458
2023-03-29,2.64,2.715,2.6,2.69,158894
2023-03-30,2.7,2.79,2.69,2.75,145894
2023-03-31,2.75,2.79,2.71,2.76,203062
2023-04-03,2.75,2.83,2.7,2.83,212509
2023-04-04,2.81,2.83,2.71,2.71,277352
2023-04-05,2.71,2.76,2.46,2.665,218302
2023-04-06,2.69,2.69,2.65,2.65,107404
2023-04-10,2.65,2.6776,2.61,2.65,83585
2023-04-11,2.67,2.78,2.67,2.73,121347
2023-04-12,2.78,2.8,2.73,2.74,132752
2023-04-13,2.73,2.785,2.7214,2.74,92974
2023-04-14,2.75,2.76,2.71,2.74,79905
2023-04-17,2.72,2.755,2.71,2.73,113687
2023-04-18,2.72,2.84,2.72,2.78,158608
2023-04-19,2.76,2.87,2.73,2.83,148528
2023-04-20,2.8,2.89,2.8,2.83,227164
2023-04-21,2.82,2.87,2.815,2.83,103688
2023-04-24,2.83,2.86,2.77,2.83,98747
2023-04-25,2.8,2.89,2.8,2.85,198381
2023-04-26,2.87,2.945,2.87,2.93,186232
2023-04-27,2.96,3.2,2.94,3.1,514265
2023-04-28,3.13,3.25,3.13,3.18,231800
2023-05-01,3.15,3.15,3.03,3.13,197720
2023-05-02,3.15,3.225,3.115,3.16,218281
2023-05-03,3.14,3.2231,3.13,3.16,101181
2023-05-04,3.17,3.21,2.94,2.97,305129
2023-05-05,2.97,3.08,2.96,2.98,93554
2023-05-08,2.95,3.08,2.92,3.04,184277
2023-05-09,3.0,3.15,3.0,3.15,127511
2023-05-10,3.19,3.2,3.05,3.09,324924
2023-05-11,3.15,3.3,3.15,3.25,453878
2023-05-12,3.3,3.3,3.1801,3.25,198974
2023-05-15,3.21,3.55,3.21,3.52,710095
2023-05-16,3.46,3.46,3.08,3.1,812918
2023-05-17,3.15,3.41,3.12,3.365,314010
2023-05-18,3.35,3.48,3.35,3.45,155599
2023-05-19,3.46,3.49,3.3,3.36,169075
2023-05-22,3.33,3.47,3.33,3.44,157052
2023-05-23,3.44,3.495,3.36,3.43,206890
2023-05-24,3.43,3.43,3.35,3.385,90259
2023-05-25,3.38,3.42,3.35,3.39,183200
2023-05-26,3.42,3.45,3.4,3.42,173186
2023-05-30,3.42,3.6499,3.42,3.61,584099
2023-05-31,3.61,3.63,3.5,3.51,209489
2023-06-01,3.51,3.65,3.5,3.63,145649
2023-06-02,3.66,3.75,3.65,3.73,443256
2023-06-05,3.77,4.08,3.7473,4.01,661972
2023-06-06,4.0,4.17,3.91,4.14,283506
2023-06-07,4.14,4.2,3.92,3.98,473568
2023-06-08,4.0,4.1,3.98,4.04,173623
2023-06-09,3.97,4.07,3.96,3.99,182221
2023-06-12,4.03,4.1,4.015,4.06,192992
2023-06-13,4.14,4.14,4.0228,4.085,183295
2023-06-14,4.08,4.09,4.0,4.02,144581
2023-06-15,4.02,4.2699,4.02,4.1,303185
2023-06-16,4.14,4.18,4.06,4.18,213055
2023-06-20,4.18,4.18,4.05,4.08,109661
2023-06-21,4.11,4.11,3.94,4.05,224177
2023-06-22,4.0,4.15,4.0,4.08,149632
2023-06-23,4.0,4.09,3.99,4.0,208729
2023-06-26,4.06,4.095,3.93,3.97,116048
2023-06-27,3.96,4.04,3.9501,4.02,106720
2023-06-28,4.02,4.07,3.99,3.99,106343
2023-06-29,3.96,4.055,3.96,4.03,92029
2023-06-30,4.02,4.08,3.96,3.96,112841
2023-07-03,3.93,4.0,3.75,3.87,283463
2023-07-05,3.88,3.96,3.8761,3.93,136543
2023-07-06,3.9,3.93,3.87,3.9,109801
2023-07-07,3.9,3.96,3.88,3.88,89272
2023-07-10,3.86,3.91,3.84,3.86,110938
2023-07-11,3.84,3.94,3.84,3.88,123727
2023-07-12,3.89,3.96,3.8759,3.9,98980
2023-07-13,3.9,3.94,3.87,3.88,87873
2023-07-14,3.81,3.8818,3.8,3.81,123160
2023-07-17,3.8,3.81,3.6399,3.66,276953
2023-07-18,3.66,3.7,3.6001,3.64,226570
2023-07-19,3.63,3.84,3.6138,3.8,213749
2023-07-20,3.8,3.81,3.73,3.81,68501
2023-07-21,3.79,3.805,3.7,3.72,128593
2023-07-24,3.69,3.8,3.69,3.72,143962
2023-07-25,3.72,3.76,3.65,3.67,85544
2023-07-26,3.64,3.73,3.63,3.63,117662
2023-07-27,3.65,3.69,3.54,3.57,122130
2023-07-28,3.6,3.69,3.595,3.61,97345
2023-07-31,3.61,3.6869,3.61,3.67,83354
2023-08-01,3.67,3.6783,3.56,3.6,66483
2023-08-02,3.57,3.6,3.52,3.53,88072
2023-08-03,3.51,3.595,3.51,3.54,59497
2023-08-04,3.53,3.62,3.52,3.57,99226
2023-08-07,3.53,3.64,3.53,3.61,142657
2023-08-08,3.65,3.68,3.55,3.68,189140
2023-08-09,3.67,3.67,3.56,3.62,126324
2023-08-10,3.66,3.74,3.6301,3.74,132484
2023-08-11,3.68,3.74,3.66,3.68,104357
2023-08-14,3.64,3.64,3.525,3.53,142722
2023-08-15,3.53,3.53,3.429,3.47,229510
2023-08-16,3.44,3.52,3.22,3.4,296737
2023-08-17,3.42,3.45,3.3528,3.43,131909
2023-08-18,3.36,3.3887,3.27,3.295,105735
2023-08-21,3.26,3.33,3.25,3.26,85413
2023-08-22,3.26,3.34,3.24,3.27,94378
2023-08-23,3.25,3.31,3.25,3.26,45532
2023-08-24,3.24,3.2575,3.2,3.2,74454
2023-08-25,3.21,3.2302,3.11,3.11,145083
2023-08-28,3.08,3.19,3.08,3.14,78193
2023-08-29,3.16,3.2,3.115,3.19,79935
2023-08-30,3.17,3.28,3.17,3.23,119577
2023-08-31,3.24,3.27,3.15,3.18,107544
2023-09-01,3.16,3.29,3.16,3.27,70245
2023-09-05,3.25,3.345,3.23,3.3,105251
2023-09-06,3.3401,3.45,3.3,3.34,226590
2023-09-07,3.31,3.32,3.14,3.23,104972
2023-09-08,3.26,3.27,3.16,3.2,81007
2023-09-11,3.19,3.36,3.19,3.31,119000
2023-09-12,3.3,3.33,3.21,3.26,102779
2023-09-13,3.24,3.3,3.2,3.28,128153
2023-09-14,3.3,3.44,3.23,3.39,152376
2023-09-15,3.35,3.45,3.3427,3.38,119842
2023-09-18,3.37,3.4599,3.36,3.42,67186
2023-09-19,3.45,3.46,3.37,3.45,103482
2023-09-20,3.42,3.54,3.42,3.49,119171
2023-09-21,3.45,3.52,3.45,3.49,154199
2023-09-22,3.53,3.55,3.45,3.46,140937
2023-09-25,3.43,3.47,3.35,3.46,114653
2023-09-26,3.41,3.5,3.39,3.465,104007
2023-09-27,3.47,3.55,3.447,3.51,71425
2023-09-28,3.5,3.52,3.4101,3.43,63659
2023-09-29,3.45,3.5,3.45,3.46,35279
2023-10-02,3.44,3.47,3.4,3.42,65704
2023-10-03,3.39,3.52,3.39,3.49,86088
2023-10-04,3.49,3.5,3.25,3.46,184083
2023-10-05,3.46,3.51,3.4123,3.51,39352
2023-10-06,3.48,3.58,3.4,3.57,239609
2023-10-09,3.52,3.59,3.45,3.55,122973
2023-10-10,3.53,3.6344,3.53,3.6,75414
2023-10-11,3.59,3.67,3.59,3.66,79251
2023-10-12,3.66,3.66,3.582,3.64,96510
2023-10-13,3.62,3.651,3.56,3.61,114613
2023-10-16,3.59,3.651,3.5,3.58,135744
2023-10-17,3.64,3.64,3.44,3.45,93077
2023-10-18,3.41,3.48,3.3812,3.41,86849
2023-10-19,3.41,3.51,3.39,3.44,124057
2023-10-20,3.42,3.48,3.3,3.38,158687
2023-10-23,3.3,3.5932,3.3,3.35,250086
2023-10-24,3.35,3.42,3.31,3.36,77631
2023-10-25,3.32,3.4,3.205,3.225,153580
2023-10-26,3.2,3.29,3.2,3.265,86530
2023-10-27,3.23,3.29,3.22,3.22,88868
2023-10-30,3.23,3.28,3.22,3.25,57666
2023-10-31,3.28,3.28,3.2,3.2,92536
2023-11-01,3.2,3.26,3.2,3.25,59040
2023-11-02,3.22,3.34,3.22,3.28,63302
2023-11-03,3.3,3.42,3.3,3.37,91460
2023-11-06,3.35,3.3871,3.295,3.31,108873
2023-11-07,3.32,3.41,3.32,3.35,70496
2023-11-08,3.43,3.44,3.3327,3.36,75450
2023-11-09,3.33,3.33,3.2,3.2,98292
2023-11-10,3.2,3.23,3.12,3.12,90805
2023-11-13,3.04,3.07,2.83,2.88,212810
2023-11-14,2.96,3.04,2.91,2.94,110520
2023-11-15,2.94,2.99,2.88,2.88,78808
2023-11-16,2.85,2.9,2.78,2.79,77205
2023-11-17,2.77,2.91,2.77,2.82,84122
2023-11-20,2.8,2.84,2.74,2.75,72040
2023-11-21,2.7,2.7801,2.6814,2.77,104609
2023-11-22,2.78,2.82,2.7311,2.8,150132
2023-11-24,2.81,2.85,2.78,2.84,141134
2023-11-27,2.97,2.9798,2.89,2.91,186694
2023-11-28,2.91,2.95,2.86,2.88,99149
2023-11-29,2.9,2.93,2.83,2.835,45014
2023-11-30,2.83,2.87,2.78,2.8,54491
2023-12-01,2.78,2.81,2.74,2.78,84615
2023-12-04,2.74,2.75,2.66,2.71,154551
2023-12-05,2.7,2.73,2.69,2.705,65426
2023-12-06,2.71,2.74,2.69,2.69,63156
2023-12-07,2.69,2.72,2.65,2.7,83215
2023-12-08,2.69,2.73,2.63,2.65,170030
2023-12-11,2.65,2.67,2.56,2.6,66890
2023-12-12,2.61,2.64,2.61,2.63,73810
2023-12-13,2.62,2.64,2.59,2.59,108046
2023-12-14,2.6,2.68,2.6,2.65,135373
2023-12-15,2.64,2.7399,2.64,2.7,167884
2023-12-18,2.73,2.8105,2.671,2.79,140969
2023-12-19,2.79,2.865,2.79,2.8,98784
2023-12-20,2.8,2.8473,2.75,2.75,91253
2023-12-21,2.77,2.82,2.722,2.79,84342
2023-12-22,2.73,2.8,2.72,2.74,74376
2023-12-26,2.72,2.7426,2.67,2.67,104601
2023-12-27,2.68,2.69,2.61,2.65,227793
2023-12-28,2.6,2.84,2.6,2.795,328693
2023-12-29,2.8,2.95,2.69,2.8,276730
2024-01-02,2.74,2.89,2.74,2.82,90116
2024-01-03,2.77,2.83,2.77,2.8,92757
2024-01-04,2.79,2.85,2.78,2.84,70064
2024-01-05,2.82,2.94,2.82,2.89,107498
2024-01-08,2.89,2.99,2.885,2.91,143185
2024-01-09,2.91,3.125,2.9,2.98,213442
2024-01-10,2.99,3.05,2.99,3.01,89426
2024-01-11,2.98,3.02,2.91,2.92,163460
2024-01-12,2.97,2.97,2.8,2.81,85560
2024-01-16,2.82,2.8202,2.6502,2.67,171805
2024-01-17,2.67,2.7578,2.65,2.66,95840
2024-01-18,2.69,2.705,2.56,2.58,132488
2024-01-19,2.51,2.57,2.46,2.51,171767
2024-01-22,2.49,2.58,2.49,2.56,75780
2024-01-23,2.54,2.74,2.54,2.73,103102
2024-01-24,2.78,2.81,2.73,2.73,114691
2024-01-25,2.74,2.78,2.66,2.66,42775
2024-01-26,2.62,2.77,2.6151,2.72,109378
2024-01-29,2.71,2.95,2.71,2.84,140258
2024-01-30,2.8,2.8697,2.78,2.785,32067
2024-01-31,2.75,2.78,2.7,2.7,36311
2024-02-01,2.7,2.76,2.7,2.71,26284
2024-02-02,2.68,2.705,2.66,2.68,47121
2024-02-05,2.64,2.6497,2.6,2.61,60405
2024-02-06,2.61,2.66,2.61,2.64,43613
2024-02-07,2.6,2.64,2.57,2.57,72843
2024-02-08,2.54,2.73,2.54,2.71,72387
2024-02-09,2.63,2.72,2.63,2.67,40037
2024-02-12,2.61,2.68,2.51,2.67,80660
2024-02-13,2.6,2.65,2.6,2.61,35633
2024-02-14,2.6,2.6356,2.56,2.61,66260
2024-02-15,2.61,2.68,2.61,2.64,69961
2024-02-16,2.55,2.71,2.55,2.68,48991
2024-02-20,2.66,2.79,2.66,2.67,52722
2024-02-21,2.66,2.74,2.66,2.67,41563
2024-02-22,2.66,2.72,2.64,2.64,58604
2024-02-23,2.63,2.7,2.58,2.6,68842
2024-02-26,2.58,2.65,2.5,2.52,193214
2024-02-27,2.5,2.56,2.5,2.51,51870
2024-02-28,2.5,2.5594,2.5,2.54,68295
2024-02-29,2.54,2.55,2.51,2.52,61118
2024-03-01,2.52,2.5234,2.41,2.46,130493
2024-03-04,2.44,2.47,2.3993,2.4,112062
2024-03-05,2.38,2.4398,2.32,2.36,87848
2024-03-06,2.35,2.46,2.35,2.415,113114
2024-03-07,2.39,2.4125,2.36,2.37,43452
2024-03-08,2.34,2.39,2.33,2.35,58425
2024-03-11,2.37,2.47,2.37,2.42,103505
2024-03-12,2.4,2.46,2.27,2.42,91386
2024-03-13,2.4,2.52,2.392,2.46,78008
2024-03-14,2.44,2.455,2.4,2.4,104859
2024-03-15,2.35,2.39,2.22,2.3,217548
2024-03-18,2.3,2.325,2.23,2.29,122911
2024-03-19,2.25,2.27,2.23,2.24,57394
2024-03-20,2.25,2.28,2.22,2.23,112280
2024-03-21,2.23,2.2599,2.12,2.13,166477
2024-03-22,2.14,2.17,2.1,2.14,157666
2024-03-25,2.17,2.18,2.04,2.12,168190
2024-03-26,2.12,2.16,2.08,2.08,109201
2024-03-27,2.05,2.09,2.05,2.07,107959
2024-03-28,2.05,2.13,2.05,2.12,80484
2024-04-01,2.13,2.23,2.13,2.18,94849
2024-04-02,2.15,2.21,2.12,2.13,83188
2024-04-03,2.12,2.15,2.11,2.12,86561
2024-04-04,2.13,2.1499,2.08,2.085,72937
2024-04-05,2.06,2.09,2.0,2.05,130977
2024-04-08,2.03,2.09,2.03,2.05,97780
2024-04-09,2.02,2.12,2.02,2.1,86092
2024-04-10,2.06,2.14,2.06,2.08,102538
2024-04-11,2.06,2.095,2.06,2.07,68766
2024-04-12,2.07,2.13,2.07,2.09,104618
2024-04-15,2.09,2.165,2.09,2.16,145073
2024-04-16,2.2,2.26,2.16,2.22,210584
2024-04-17,2.26,2.98,2.26,2.4,363132
2024-04-18,2.47,2.6697,2.46,2.63,334492
2024-04-19,2.6,2.78,2.28,2.55,262710
2024-04-22,2.47,2.6398,2.32,2.5,170512
2024-04-23,2.5,2.63,2.44,2.46,107656
2024-04-24,2.5,2.67,2.4613,2.61,173871
2024-04-25,2.56,2.7199,2.56,2.69,141473
2024-04-26,2.69,2.7,2.58,2.61,87472
2024-04-29,2.6,2.65,2.54,2.64,65681
2024-04-30,2.64,2.66,2.47,2.54,83789
2024-05-01,2.51,2.6148,2.35,2.52,95971
2024-05-02,2.49,2.52,2.42,2.44,56300
2024-05-03,2.45,2.53,2.36,2.53,68451
2024-05-06,2.5,2.53,2.4001,2.44,56450
2024-05-07,2.44,2.47,2.4,2.45,51639
2024-05-08,2.47,2.47,2.39,2.42,50052
2024-05-09,2.38,2.4191,2.36,2.36,45739
2024-05-10,2.33,2.37,2.24,2.24,94364
2024-05-13,2.25,2.3,2.2301,2.27,66021
2024-05-14,2.36,2.432,2.16,2.34,109236
2024-05-15,2.3,2.34,2.25,2.34,71303
2024-05-16,2.35,2.35,2.2001,2.24,118989
2024-05-17,2.23,2.33,2.18,2.23,130996
2024-05-20,2.2,2.255,2.2,2.2,69553
2024-05-21,2.2,2.23,2.14,2.18,64429
2024-05-22,2.17,2.22,2.17,2.19,40177
2024-05-23,2.16,2.195,2.16,2.16,53154
2024-05-24,2.15,2.16,2.08,2.115,74579
2024-05-28,2.2,2.25,2.09,2.11,138565
2024-05-29,2.1,2.119,2.06,2.07,65908
2024-05-30,2.06,2.1188,2.05,2.055,54604
2024-05-31,2.04,2.101,2.04,2.07,33423
2024-06-03,2.03,2.1099,2.03,2.07,102710
2024-06-04,2.07,2.16,2.07,2.12,66350
2024-06-05,2.1,2.15,2.1,2.1,42924
2024-06-06,2.09,2.12,2.075,2.1,63370
2024-06-07,2.09,2.12,2.03,2.04,75737
2024-06-10,2.04,2.08,2.0,2.015,131455
2024-06-11,2.02,2.05,2.0,2.01,74496
2024-06-12,2.01,2.06,2.01,2.02,63589
2024-06-13,2.0,2.03,1.98,1.98,103770
2024-06-14,1.98,1.985,1.9,1.91,110682
2024-06-17,1.93,1.946,1.82,1.84,195180
2024-06-18,1.86,1.88,1.82,1.83,84774
2024-06-20,1.82,1.85,1.78,1.78,130457
2024-06-21,1.77,1.9,1.76,1.83,190494
2024-06-24,1.8,1.96,1.8,1.91,162122
2024-06-25,1.86,1.97,1.86,1.96,85525
2024-06-26,1.95,2.06,1.93,2.02,116979
2024-06-27,2.0,2.19,2.0,2.13,134633
2024-06-28,2.11,2.25,2.11,2.19,85142
2024-07-01,2.2,2.2372,2.07,2.08,137007
2024-07-02,2.04,2.1475,2.04,2.05,66506
2024-07-03,2.04,2.12,2.04,2.12,55759
2024-07-05,2.05,2.095,2.01,2.01,57931
2024-07-08,2.0,2.05,1.95,1.9763,138801
2024-07-09,1.97,2.0,1.935,1.94,56475
2024-07-10,1.91,2.0,1.91,1.98,63275
2024-07-11,1.98,2.05,1.96,1.99,80149
2024-07-12,1.99,2.02,1.97,1.99,44615
2024-07-15,1.98,2.02,1.94,1.94,50914
2024-07-16,1.92,2.01,1.92,1.99,62841
2024-07-17,1.97,2.0,1.93,1.96,39815
2024-07-18,1.96,1.98,1.86,1.89,63572
2024-07-19,1.86,1.8927,1.85,1.85,72125
2024-07-22,1.85,1.96,1.85,1.938,53098
2024-07-23,1.9,1.96,1.8805,1.9,27539
2024-07-24,1.94,1.9499,1.86,1.88,83378
2024-07-25,1.86,1.9,1.85,1.87,18681
2024-07-26,1.87,1.92,1.87,1.915,36043
2024-07-29,1.91,1.9399,1.89,1.92,27656
2024-07-30,1.89,1.905,1.88,1.88,20669
2024-07-31,1.9,1.94,1.8801,1.92,38171
2024-08-01,1.89,1.91,1.89,1.9,36698
2024-08-02,1.89,1.89,1.82,1.84,57735
2024-08-05,1.78,1.78,1.67,1.72,67672
2024-08-06,1.72,1.8,1.72,1.79,60927
2024-08-07,1.77,1.81,1.72,1.72,37932
2024-08-08,1.72,1.75,1.71,1.72,36172
2024-08-09,1.82,1.82,1.7,1.75,56112
2024-08-12,1.71,1.8199,1.7,1.79,62565
2024-08-13,1.79,1.79,1.73,1.75,36822
2024-08-14,1.66,1.8499,1.66,1.75,129209
2024-08-15,1.74,1.81,1.74,1.81,115784
2024-08-16,1.9,1.92,1.81,1.91,133208
2024-08-19,1.9,1.905,1.75,1.765,120065
2024-08-20,1.74,1.75,1.73,1.74,56145
2024-08-21,1.75,1.75,1.72,1.73,70823
2024-08-22,1.72,1.7799,1.698,1.75,62246
2024-08-23,1.75,1.834,1.7302,1.82,81841
2024-08-26,1.8,1.82,1.7701,1.79,74088
2024-08-27,1.78,1.83,1.779,1.8,35635
2024-08-28,1.78,1.8099,1.76,1.77,46630
2024-08-29,1.75,1.81,1.7487,1.78,54128
2024-08-30,1.74,1.78,1.74,1.77,39171
2024-09-03,1.75,1.81,1.74,1.75,55956
2024-09-04,1.76,1.76,1.72,1.74,70149
2024-09-05,1.75,1.75,1.66,1.66,153003
2024-09-06,1.65,1.7,1.63,1.67,77028
2024-09-09,1.69,1.73,1.65,1.72,55069
2024-09-10,1.68,1.72,1.68,1.71,54655
2024-09-11,1.7,1.75,1.69,1.75,44466
2024-09-12,1.71,1.75,1.7,1.74,32453
2024-09-13,1.75,1.75,1.72,1.75,48465
2024-09-16,1.74,1.7894,1.7,1.71,61362
2024-09-17,1.7,1.7699,1.7,1.72,20287
2024-09-18,1.71,1.725,1.65,1.66,61463
2024-09-19,1.66,1.725,1.65,1.69,79016
2024-09-20,1.74,1.74,1.6,1.6,160386
2024-09-23,1.6,1.7,1.6,1.69,67831
2024-09-24,1.7,1.7,1.56,1.63,216880
2024-09-25,1.63,1.63,1.6,1.61,56043
2024-09-26,1.63,1.68,1.52,1.58,238490
2024-09-27,1.58,1.72,1.5641,1.72,221816
2024-09-30,1.73,2.06,1.725,2.06,1040152
2024-10-01,2.07,2.07,1.83,1.91,302242
2024-10-02,2.0,2.05,1.88,1.97,288012
2024-10-03,1.93,2.0,1.8341,1.86,201818
2024-10-04,1.9,1.97,1.76,1.85,274906
2024-10-07,1.87,1.95,1.73,1.74,304032
2024-10-08,1.73,1.74,1.68,1.71,142610
2024-10-09,1.7,1.7899,1.67,1.71,250473
2024-10-10,1.69,1.73,1.62,1.63,303968
2024-10-11,1.63,1.76,1.6,1.75,281547
2024-10-14,1.75,1.79,1.65,1.68,216399
2024-10-15,1.68,1.7299,1.63,1.63,194774
2024-10-16,1.69,1.6997,1.63,1.64,130942
2024-10-17,1.64,1.65,1.61,1.62,97540
2024-10-18,1.62,1.639,1.54,1.55,290163
2024-10-21,1.53,1.54,1.47,1.47,329740
2024-10-22,1.48,1.49,1.43,1.44,307239
2024-10-23,1.45,1.46,1.43,1.45,208545
2024-10-24,1.44,1.48,1.38,1.38,120705
2024-10-25,1.38,1.42,1.38,1.4,101781
2024-10-28,1.41,1.51,1.4,1.49,165057
2024-10-29,1.48,1.48,1.41,1.44,163779
2024-10-30,1.44,1.4482,1.33,1.34,133845
2024-10-31,1.33,1.34,1.25,1.295,278763
2024-11-01,1.3,1.33,1.25,1.32,89311
2024-11-04,1.29,1.3,1.27,1.27,69657
2024-11-05,1.25,1.38,1.25,1.38,217141
2024-11-06,1.38,1.44,1.29,1.29,183174
2024-11-07,1.3,1.4,1.3,1.37,119328
2024-11-08,1.38,1.38,1.31,1.34,101540
2024-11-11,1.32,1.37,1.29,1.35,144436
2024-11-12,1.32,1.38,1.26,1.28,173433
2024-11-13,1.31,1.332,1.22,1.25,123746
2024-11-14,1.25,1.32,1.2,1.28,190036
2024-11-15,1.29,1.29,1.21,1.25,140588
2024-11-18,1.2,1.23,1.1,1.12,411797
2024-11-19,1.13,1.15,1.07,1.105,168402
2024-11-20,1.09,1.15,1.08,1.1,260725
2024-11-21,1.09,1.23,1.09,1.15,214291
2024-11-22,1.14,1.26,1.14,1.23,347526
2024-11-25,1.23,1.36,1.23,1.3,277317
2024-11-26,1.29,1.365,1.26,1.27,184043
2024-11-27,1.27,1.3322,1.25,1.26,104342
2024-11-29,1.24,1.265,1.21,1.23,40215
2024-12-02,1.22,1.23,1.15,1.15,290368
2024-12-03,1.15,1.1977,1.11,1.115,251445
2024-12-04,1.12,1.17,1.08,1.1,196101
2024-12-05,1.1,1.13,1.07,1.08,169067
2024-12-06,1.07,1.12,1.04,1.04,284727
2024-12-09,1.04,1.13,1.02,1.05,222819
2024-12-10,1.06,1.0991,0.96,1.02,419296
2024-12-11,1.01,1.05,0.97,0.9903,205146
2024-12-12,0.985,1.01,0.97,1.01,169778
2024-12-13,1.0,1.01,0.97,1.0,205261
2024-12-16,1.0,1.04,0.98,0.9805,255492
2024-12-17,0.97,0.9796,0.9651,0.9705,147759
2024-12-18,0.9772,0.9772,0.9203,0.9301,351914
2024-12-19,0.91,0.9581,0.9,0.945,174536
2024-12-20,0.9409,0.9499,0.8901,0.9,763739
2024-12-23,0.9,0.9288,0.89,0.92,218116
2024-12-24,0.91,0.948,0.901,0.9452,209108
2024-12-26,0.93,0.98,0.92,0.934,338212
2024-12-27,0.93,0.9902,0.925,0.9767,265788
2024-12-30,0.9353,0.9701,0.91,0.9468,472952
2024-12-31,0.94,1.22,0.94,1.2,1353800
2025-01-02,1.14,1.16,1.06,1.09,399243
2025-01-03,1.07,1.14,1.0401,1.05,170065
2025-01-06,1.05,1.1389,1.05,1.12,246742
2025-01-07,1.14,1.16,1.1,1.11,283692
2025-01-08,1.1,1.11,1.06,1.06,105458
2025-01-10,1.06,1.06,1.0001,1.02,139239
2025-01-13,1.0,1.04,0.99,1.0,144851
2025-01-14,1.0,1.03,1.0,1.01,87719
2025-01-15,1.04,1.075,1.03,1.06,180790
2025-01-16,1.04,1.09,1.04,1.07,59719
2025-01-17,1.06,1.17,1.06,1.15,122124
2025-01-21,1.16,1.17,1.1,1.125,101339
2025-01-22,1.11,1.15,1.1,1.13,51019
2025-01-23,1.13,1.185,1.1222,1.18,88847
2025-01-24,1.19,1.29,1.19,1.26,267462
2025-01-27,1.26,1.26,1.1501,1.16,147615
2025-01-28,1.14,1.16,1.12,1.14,72405
2025-01-29,1.13,1.1599,1.11,1.11,33481
2025-01-30,1.13,1.1999,1.13,1.16,90692
2025-01-31,1.17,1.17,1.06,1.11,187130
2025-02-03,1.03,1.09,1.03,1.05,174015
2025-02-04,1.04,1.07,1.04,1.06,103232
2025-02-05,1.06,1.09,1.06,1.08,88333
2025-02-06,1.09,1.12,1.08,1.085,173924
2025-02-07,1.1,1.11,1.07,1.07,63392
2025-02-10,1.08,1.1,1.06,1.1,108855
2025-02-11,1.12,1.15,1.08,1.09,102082
2025-02-12,1.08,1.17,1.08,1.17,92108
2025-02-13,1.15,1.2,1.12,1.17,94098
2025-02-14,1.15,1.23,1.15,1.21,98858
2025-02-18,1.19,1.35,1.18,1.34,466496
2025-02-19,1.35,1.38,1.25,1.35,139325
2025-02-20,1.34,1.47,1.34,1.44,305521
2025-02-21,1.49,1.65,1.46,1.58,697966
2025-02-24,1.6,1.73,1.52,1.71,790034
2025-02-25,1.72,1.81,1.6,1.63,495428
2025-02-26,1.65,1.65,1.53,1.56,239573
2025-02-27,1.53,1.585,1.37,1.38,473406
2025-02-28,1.35,1.39,1.29,1.29,304261
2025-03-03,1.29,1.394,1.28,1.32,402165
2025-03-04,1.27,1.326,1.27,1.295,112454
2025-03-05,1.3,1.55,1.295,1.54,258065
2025-03-06,1.55,1.71,1.49,1.65,588904
2025-03-07,1.66,1.7208,1.55,1.56,340008
2025-03-10,1.56,1.7299,1.56,1.57,247806
2025-03-11,1.56,1.67,1.5,1.55,198838
2025-03-12,1.59,1.65,1.44,1.46,170301
2025-03-13,1.42,1.55,1.4,1.4,146764
2025-03-14,1.41,1.49,1.35,1.43,218080
2025-03-17,1.41,1.55,1.41,1.5,116564
2025-03-18,1.48,1.57,1.46,1.5,199812
2025-03-19,1.47,1.56,1.47,1.53,117042
2025-03-20,1.52,1.55,1.5,1.51,75309
2025-03-21,1.5,1.56,1.5,1.5,122341
2025-03-24,1.47,1.51,1.46,1.46,106638
2025-03-25,1.46,1.52,1.44,1.44,80105
2025-03-26,1.46,1.47,1.435,1.44,63286
2025-03-27,1.43,1.45,1.35,1.36,175753
2025-03-28,1.35,1.4,1.325,1.38,70709
2025-03-31,1.36,1.44,1.31,1.42,142811
2025-04-01,1.39,1.47,1.364,1.37,113719
2025-04-02,1.35,1.39,1.33,1.33,118007
2025-04-03,1.33,1.35,1.3,1.35,134522
2025-04-04,1.34,1.35,1.3,1.32,214920
2025-04-07,1.27,1.27,1.2,1.22,258176
2025-04-08,1.3,1.3,1.15,1.17,160006
2025-04-09,1.17,1.2847,1.14,1.24,324423
2025-04-10,1.23,1.29,1.195,1.23,101687
2025-04-11,1.23,1.26,1.17,1.2,184873
2025-04-14,1.2,1.271,1.16,1.24,189201
2025-04-15,1.24,1.25,1.18,1.2,23152
2025-04-16,1.18,1.23,1.145,1.15,68219
2025-04-17,1.16,1.19,1.16,1.16,17844
2025-04-21,1.16,1.175,1.085,1.09,49150
2025-04-22,1.16,1.22,1.11,1.17,165679
2025-04-23,1.19,1.2472,1.15,1.18,51230
2025-04-24,1.17,1.2,1.13,1.18,21146
2025-04-25,1.16,1.21,1.14,1.2,42047
2025-04-28,1.19,1.2199,1.12,1.19,144903
2025-04-29,1.2,1.2,1.14,1.19,57222
2025-04-30,1.18,1.18,1.12,1.14,42316
2025-05-01,1.15,1.1694,1.14,1.14,30707
2025-05-02,1.18,1.18,1.12,1.18,67413
2025-05-05,1.16,1.17,1.15,1.15,55405
2025-05-06,1.13,1.1398,1.08,1.09,113490
2025-05-07,1.14,1.18,1.09,1.17,69131
2025-05-08,1.17,1.17,1.15,1.16,53338
2025-05-09,1.17,1.22,1.16,1.19,77859
2025-05-12,1.22,1.35,1.21,1.35,199683
2025-05-13,1.32,1.34,1.1736,1.27,142602
2025-05-14,1.24,1.29,1.24,1.27,76758
2025-05-15,1.21,1.26,1.21,1.24,33985
2025-05-16,1.25,1.26,1.2,1.25,23927
2025-05-19,1.25,1.25,1.19,1.2,111229
2025-05-20,1.2,1.21,1.17,1.18,51686
2025-05-21,1.18,1.2099,1.1111,1.13,133349
2025-05-22,1.13,1.18,1.1,1.13,169071
2025-05-23,1.1,1.15,1.01,1.12,199728
2025-05-27,1.13,1.14,1.08,1.12,34547
2025-05-28,1.1,1.17,1.1,1.1365,90317
2025-05-29,1.13,1.18,1.11,1.15,27281
2025-05-30,1.13,1.15,1.11,1.12,17613
2025-06-02,1.11,1.12,1.0711,1.12,58481
2025-06-03,1.1,1.11,1.07,1.07,85492
2025-06-04,1.07,1.1199,1.07,1.1,42038
2025-06-05,1.1,1.1,1.08,1.09,41584
2025-06-06,1.07,1.1,1.07,1.09,66093
2025-06-09,1.06,1.15,1.03,1.12,161453
2025-06-10,1.12,1.14,1.1,1.11,45625
2025-06-11,1.1,1.1285,1.1,1.11,35412
2025-06-12,1.11,1.2,1.11,1.16,137744
2025-06-13,1.13,1.16,1.11,1.13,38794
2025-06-16,1.12,1.1398,1.08,1.08,42803
2025-06-17,1.08,1.11,1.05,1.06,82411
2025-06-18,1.05,1.09,1.05,1.06,22248
2025-06-20,1.07,1.16,1.07,1.12,193770
2025-06-23,1.11,1.13,1.0758,1.11,33716
2025-06-24,1.11,1.13,1.08,1.09,65057
2025-06-25,1.08,1.19,1.0603,1.09,310476
2025-06-26,1.1,1.19,1.08,1.14,192982
2025-06-27,1.12,1.19,1.1068,1.16,130247
2025-06-30,1.14,1.17,1.08,1.11,117062
2025-07-01,1.08,1.13,1.08,1.09,58261
2025-07-02,1.09,1.1008,1.08,1.09,72270
2025-07-03,1.09,1.16,1.08,1.13,95975
2025-07-07,1.11,1.14,1.1,1.11,62275
2025-07-08,1.09,1.14,1.09,1.14,82127
2025-07-09,1.12,1.165,1.1,1.13,154720
2025-07-10,1.11,1.23,1.11,1.2,198521
2025-07-11,1.2,1.2263,1.18,1.2,92418
2025-07-14,1.18,1.2061,1.17,1.18,68551
2025-07-15,1.17,1.18,1.12,1.12,84527
2025-07-16,1.15,1.18,1.12,1.18,159872
2025-07-17,1.19,1.3,1.19,1.23,398699
2025-07-18,1.24,1.27,1.205,1.27,129545
2025-07-21,1.26,1.31,1.2163,1.26,114824
2025-07-22,1.25,1.28,1.2,1.25,143981
2025-07-23,1.25,1.33,1.24,1.33,166888
2025-07-24,1.31,1.315,1.27,1.27,160139
2025-07-25,1.26,1.2894,1.26,1.28,62767
2025-07-28,1.26,1.3034,1.25,1.28,145142
2025-07-29,1.27,1.27,1.2,1.21,128274
2025-07-30,1.2,1.2071,1.17,1.18,76736
2025-07-31,1.17,1.1894,1.12,1.1201,121193
2025-08-01,1.12,1.14,1.1,1.12,94884
2025-08-04,1.13,1.135,1.1052,1.13,76943
2025-08-05,1.12,1.13,1.11,1.1201,42347
2025-08-06,1.11,1.1381,1.1,1.12,33684
2025-08-07,1.15,1.15,1.11,1.13,36678
2025-08-08,1.12,1.1501,1.11,1.14,74918
2025-08-11,1.14,1.15,1.13,1.15,80220
2025-08-12,1.25,1.4,1.22,1.31,5013169
2025-08-13,1.32,1.3697,1.26,1.32,577872
2025-08-14,1.26,1.3,1.26,1.27,148137
2025-08-15,1.25,1.325,1.25,1.28,135605
2025-08-18,1.34,1.48,1.32,1.43,726864
2025-08-19,1.47,1.69,1.45,1.62,1177532
2025-08-20,1.58,1.7,1.5761,1.65,504261
2025-08-21,1.65,1.77,1.52,1.58,563605
2025-08-22,1.59,1.68,1.51,1.58,251614
2025-08-25,1.57,1.62,1.52,1.55,134300
2025-08-26,1.56,1.58,1.47,1.49,210640
2025-08-27,1.45,1.49,1.4,1.47,182363
2025-08-28,1.44,1.51,1.44,1.49,86226
2025-08-29,1.47,1.495,1.451,1.46,35367
2025-09-02,1.45,1.49,1.4,1.49,92835
2025-09-03,1.49,1.55,1.39,1.44,199604
2025-09-04,1.44,1.4526,1.35,1.42,118249
2025-09-05,1.4,1.4,1.36,1.39,69446
2025-09-08,1.37,1.41,1.36,1.39,37815
2025-09-09,1.39,1.4389,1.355,1.36,67590
2025-09-10,1.38,1.39,1.34,1.38,104810
2025-09-11,1.37,1.45,1.35,1.4,174181
2025-09-12,1.38,1.4,1.35,1.37,117943
2025-09-15,1.37,1.3998,1.355,1.37,90494
2025-09-16,1.35,1.3889,1.35,1.38,72035
2025-09-17,1.36,1.38,1.35,1.35,69321
2025-09-18,1.36,1.4,1.36,1.38,99978
2025-09-19,1.37,1.38,1.33,1.34,48838
2025-09-22,1.34,1.34,1.22,1.29,195886
2025-09-23,1.29,1.32,1.14,1.2,418575
2025-09-24,1.22,1.25,1.2,1.23,93515
2025-09-25,1.21,1.23,1.2,1.205,33661
2025-09-26,1.19,1.23,1.19,1.19,34658
2025-09-29,1.2,1.2299,1.17,1.21,119910
2025-09-30,1.21,1.25,1.18,1.21,70591
2025-10-01,1.2,1.23,1.19,1.21,64903
2025-10-02,1.18,1.23,1.18,1.22,105027
2025-10-03,1.22,1.3,1.215,1.285,308353
2025-10-06,1.28,1.3,1.26,1.27,109188
2025-10-07,1.25,1.2701,1.2104,1.23,109391
2025-10-08,1.22,1.27,1.22,1.26,75243
2025-10-09,1.24,1.2899,1.24,1.26,87045
2025-10-10,1.3,1.35,1.21,1.23,279566
2025-10-13,1.23,1.29,1.23,1.26,96024
2025-10-14,1.23,1.27,1.2002,1.2152,100476
2025-10-15,1.22,1.27,1.22,1.23,63216
2025-10-16,1.23,1.2546,1.21,1.21,81262
2025-10-17,1.21,1.2799,1.21,1.24,159356
2025-10-20,1.23,1.27,1.23,1.26,77738
2025-10-21,1.24,1.2818,1.24,1.27,79929
2025-10-22,1.25,1.2699,1.21,1.22,69644
2025-10-23,1.28,1.29,1.21,1.25,36136
2025-10-24,1.24,1.27,1.24,1.24,61901
2025-10-27,1.22,1.26,1.22,1.23,66134
2025-10-28,1.23,1.24,1.16,1.195,200136
2025-10-29,1.18,1.2,1.16,1.16,80601
2025-10-30,1.16,1.1898,1.16,1.18,67998
2025-10-31,1.15,1.2,1.15,1.15,75417
2025-11-03,1.16,1.17,1.125,1.13,63831
2025-11-04,1.12,1.14,1.12,1.13,98083
2025-11-05,1.13,1.1499,1.12,1.13,140486
2025-11-06,1.12,1.13,1.1,1.1,118194
2025-11-07,1.1,1.11,1.08,1.09,86558
2025-11-10,1.09,1.11,1.09,1.09,46149
2025-11-11,1.09,1.1,1.08,1.08,42241
2025-11-12,1.08,1.09,1.04,1.04,86985
2025-11-13,1.03,1.04,1.01,1.02,95819
2025-11-14,1.01,1.0798,1.01,1.03,61583
2025-11-17,1.03,1.03,1.0,1.01,100413
2025-11-18,1.0,1.0099,0.95,0.954,145234
2025-11-19,0.973,1.01,0.94,0.9758,47386
2025-11-20,0.95,1.0,0.95,0.98,53093
2025-11-21,0.9653,0.9961,0.95,0.96,62614
2025-11-24,0.9613,0.9799,0.95,0.9782,90100
2025-11-25,0.96,0.9908,0.96,0.98,45016
2025-11-26,0.9603,0.99,0.9318,0.9428,157748
2025-11-28,0.943,0.95,0.943,0.95,76261
2025-12-01,0.94,0.95,0.92,0.9201,207785
2025-12-02,0.91,0.930167,0.9001,0.9024,94490
2025-12-03,0.9,0.95,0.89,0.935,201905
2025-12-04,0.9,0.93,0.9,0.9202,140097
2025-12-05,0.9142,0.997754,0.9142,0.955,198131
2025-12-08,0.9363,0.98,0.9363,0.9401,188603
2025-12-09,0.93,0.9499,0.92,0.9443,130944
2025-12-10,0.94,0.98,0.9332,0.97,94285
2025-12-11,1.0,1.19,1.0,1.1,1080956
2025-12-12,1.09,1.1134,1.02,1.035,325551
2025-12-15,1.01,1.04,0.915419,0.98,193057
2025-12-16,0.8697,1.11,0.86,0.9329,282286
2025-12-17,0.9,0.955,0.9,0.9023,179990
2025-12-18,0.87,0.9285,0.87,0.8803,244864
2025-12-19,0.8596,0.9055,0.85,0.8782,221762
2025-12-22,0.8502,0.8935,0.84,0.8473,332021
2025-12-23,0.82,0.8499,0.8055,0.8266,282381
2025-12-24,0.83,0.8774,0.8011,0.855,181283
2025-12-26,0.87,0.89,0.833,0.8461,100239
2025-12-29,0.81,0.8305,0.7945,0.8011,372211
2025-12-30,0.8,0.8775,0.8,0.8012,242509
2025-12-31,0.79,0.8299,0.7801,0.7875,161089
2026-01-02,0.7875,0.8522,0.7875,0.8498,125018
2026-01-05,0.87,0.9488,0.86,0.9101,220188
2026-01-06,0.91,0.92995,0.9001,0.9042,79135
2026-01-07,0.8949,0.93,0.8703,0.8817,68005
2026-01-08,0.8733,0.9,0.8609,0.8867,94903
2026-01-09,0.87,0.8867,0.857,0.8674,67639
2026-01-12,0.85,0.889,0.8,0.877,240605
2026-01-13,0.8486,1.0,0.8486,0.977,532600
2026-01-14,0.977,1.046,0.976,1.02,183837
2026-01-15,1.02,1.04,0.9802,1.02,144163
2026-01-16,1.02,1.03,0.9701,0.98,131844
2026-01-20,0.9598,0.9799,0.9218,0.9301,70266
2026-01-21,0.928,0.9998,0.92,0.9846,63114
2026-01-22,1.0,1.095,1.0,1.06,270264
2026-01-23,1.07,1.095,1.0,1.01,132132
2026-01-26,1.05,1.1378,1.03,1.12,482385
2026-01-27,1.13,1.13,1.0302,1.05,142067
2026-01-28,1.05,1.05,1.0082,1.02,69071
2026-01-29,1.06,1.06,1.01,1.03,193647
2026-01-30,1.03,1.09,1.01,1.08,211639
2026-02-02,1.06,1.08,1.0486,1.05,48663
2026-02-03,1.06,1.2,1.03,1.13,508347
2026-02-04,1.1,1.12,1.07,1.09,144736
2026-02-05,1.08,1.1,1.05,1.06,127172
2026-02-06,1.06,1.08,1.059,1.07,56746
2026-02-09,1.04,1.0671,1.03,1.04,102726
2026-02-10,1.03,1.0599,1.03,1.035,54171
2026-02-11,1,1.0085,0.957,0.972,191553
2026-02-12,0.9743,0.9936,0.9301,0.94,71557
2026-02-13,0.94,0.956,0.9299,0.9488,30460
2026-02-17,0.9488,1.04,0.93,1.02,204113
2026-02-18,1.02,1.0702,1.02,1.05,51836
2026-02-19,1.04,1.09,1.03,1.07,68461
2026-02-20,1.04,1.06,0.994288,1.05,72338
2026-02-23,1.04,1.04,1,1.01,108200
2026-02-24,0.995,1.027,0.975382,1.01,114500
2026-02-25,1.01,1.02,1.0001,1.015,21529
2026-02-26,1.01,1.025,1.01,1.015,640
2026-02-27,1.01,1.03,1.01,1.02,48770
2026-03-02,0.99,1.03,0.99,1.015,818
2026-03-03,1,1.02,0.9503,0.9755,107169
2026-03-04,0.986,1.02,0.98,0.98,605
2026-03-05,0.982,0.982,0.93,0.9393,74232
2026-03-06,0.9401,0.94255,0.910001,0.9419,58891
