date,open,high,low,close,volume
2014-04-16,13.9033,14.015,13.3892,13.4659,8625778.1383262
2014-04-17,13.5086,13.5086,13.3668,13.4367,581094.25044834
2014-04-21,13.4601,13.5223,13.259,13.361,276357.14185001
2014-04-22,13.3892,13.5369,13.3201,13.5174,710104.2018994
2014-04-23,13.4367,13.8722,13.3377,13.8401,308480.49422722
2014-04-24,13.9033,14.3085,13.5981,14.2997,202815.76904012
2014-04-25,14.3114,14.3114,13.8003,13.8828,272524.23600404
2014-04-28,13.8352,14.1238,13.6506,13.9033,216454.74004367
2014-04-29,13.9033,13.9033,13.5981,13.878,111874.54714158
2014-04-30,13.8518,13.8518,13.6768,13.6768,299663.26732949
2014-05-01,13.5932,13.7818,13.5738,13.7624,198942.73344168
2014-05-02,13.6855,14.0111,13.6855,13.8352,596611.08807442
2014-05-05,13.8672,13.8672,13.4922,13.7312,257072.22336275
2014-05-06,13.6302,13.7468,13.5339,13.6146,75484.064417187
2014-05-07,13.5932,13.9081,13.5174,13.7624,112977.6008508
2014-05-08,13.8556,13.878,13.4407,13.5369,163997.95077463
2014-05-09,13.4922,14.4892,13.3892,14.189,213184.67970046
2014-05-12,14.2424,14.5107,13.8352,14.4163,515715.68088033
2014-05-13,14.604,15.2415,14.4892,15.19,231757.55232318
2014-05-14,15.1948,15.2104,14.9344,15.051,171220.27725323
2014-05-15,14.9344,15.3095,14.8236,15.0092,230234.67966492
2014-05-16,15.0092,15.2065,14.947,15.0607,98991.867627087
2014-05-19,14.9742,15.5642,14.9373,15.4368,186991.26997836
2014-05-20,15.4476,15.5836,15.2279,15.2978,150331.19763474
2014-05-21,15.2735,15.5506,15.2735,15.4981,205003.35503435
2014-05-22,15.5574,15.7099,15.4893,15.6011,227276.39662944
2014-05-23,15.6992,15.705,15.4796,15.572,50951.409066997
2014-05-27,15.5836,15.6788,15.4796,15.6399,106328.40955506
2014-05-28,15.6535,15.6535,15.4981,15.5904,98619.381206619
2014-05-29,15.6788,15.6788,15.535,15.6701,144870.46439326
2014-05-30,15.6351,16.3407,15.5962,16.2007,220405.97721105
2014-06-02,16.3076,16.4777,15.9053,16.1074,153227.74258948
2014-06-03,16.0578,16.8829,16.0578,16.5807,504367.19267225
2014-06-04,16.5398,16.7936,16.329,16.6225,258417.08455488
2014-06-05,16.571,16.8956,16.3018,16.6876,189630.57293001
2014-06-06,16.6876,17.2037,16.5807,16.8693,252987.22035376
2014-06-09,16.8956,17.4981,16.8655,17.2561,337240.1501721
2014-06-10,17.2503,17.4525,16.9461,17.1618,273237.3108366
2014-06-11,17.1618,17.3291,16.8907,17.158,206785.52763173
2014-06-12,17.2338,17.915,17.1532,17.6332,380412.56106582
2014-06-13,17.5963,17.8888,17.3776,17.5583,251230.77195669
2014-06-16,17.5389,17.8558,17.432,17.5428,272524.23600404
2014-06-17,17.1978,17.5905,17.1472,17.5583,356869.7729435
2014-06-18,17.6662,17.7129,17.1978,17.3047,364511.91837114
2014-06-19,17.3291,17.4631,17.2299,17.4087,233982.18116586
2014-06-20,17.3874,17.7469,17.294,17.6789,961981.16576785
2014-06-23,17.607,18.4593,17.607,18.2951,245818.4002118
2014-06-24,18.367,18.4349,17.9491,18.0152,295553.56908821
2014-06-25,17.8888,17.8888,17.5545,17.6973,207606.64410557
2014-06-26,17.7906,18.2756,17.4923,17.7906,209330.16552624
2014-06-27,17.7596,18.0569,17.0957,17.0957,1257187.9726359
2014-06-30,17.1696,17.4048,16.5768,17.3047,376752.52184592
2014-07-01,17.3291,17.5078,17.2503,17.2999,174077.7214235
2014-07-02,17.3105,17.6108,17.2503,17.3591,244891.30003267
2014-07-03,17.4427,17.4573,17.26,17.3164,91728.382427985
2014-07-07,17.2834,17.3494,16.7285,16.8441,172065.05999137
2014-07-08,16.8198,16.8771,16.0967,16.1443,272828.8105357
2014-07-09,16.1734,16.2172,15.7099,15.8858,160526.21270099
2014-07-10,15.81,15.8334,15.2735,15.7615,318325.66016929
2014-07-11,15.8178,15.9791,15.4368,15.6108,248632.62772554
2014-07-14,15.7342,15.7925,15.4932,15.6633,153865.70275712
2014-07-15,15.6215,15.9092,15.3911,15.7721,292630.27096516
2014-07-16,15.8985,16.0753,15.6992,15.8741,316328.43325733
2014-07-17,15.845,15.9092,15.6535,15.7371,395150.46990655
2014-07-18,15.675,16.3076,15.6701,16.2065,326906.22442419
2014-07-21,16.2201,17.1007,16.1161,16.9208,413891.06431528
2014-07-22,17.0598,17.5389,16.9908,17.3047,289698.741098
2014-07-23,17.2726,17.503,17.1939,17.4573,129421.53865599
2014-07-24,17.5855,18.021,17.4048,17.8062,193570.49144925
2014-07-25,17.7469,18.0044,17.26,17.4087,143167.52233283
2014-07-28,17.1881,17.3942,16.9908,17.0442,267257.97771689
2014-07-29,17.1327,17.1327,16.7167,16.8693,242237.59152885
2014-07-30,16.9986,17.6332,16.8907,17.5477,187808.27058015
2014-07-31,17.3591,18.5419,17.1472,17.5389,256167.7604799
2014-08-01,17.5701,17.638,17.3445,17.5341,238433.49678724
2014-08-04,17.6662,17.7538,17.2999,17.5905,156963.92544227
2014-08-05,17.6624,17.8179,17.158,17.4651,247361.85223031
2014-08-06,17.4252,17.6721,17.3105,17.4865,115195.02691739
2014-08-07,17.5982,17.7906,17.1745,17.4146,146578.55129373
2014-08-08,17.3445,17.5807,17.1784,17.5136,66152.353513283
2014-08-11,17.8383,17.8558,17.3591,17.5477,82069.459696157
2014-08-12,17.4806,17.8013,17.4048,17.6332,87787.434940726
2014-08-13,17.7498,18.2027,17.607,18.0511,512582.47328276
2014-08-14,18.0871,18.1921,17.6624,17.9491,201445.18364768
2014-08-15,18.0491,18.0803,17.7129,18.0044,129781.67746031
2014-08-18,18.0637,18.3534,17.8626,17.9549,205722.60367498
2014-08-19,18.0122,18.021,17.5583,17.6925,87014.679963459
2014-08-20,17.6721,17.8275,17.055,17.2445,154733.12279152
2014-08-21,17.3047,17.8363,16.7031,17.64,164178.02017678
2014-08-22,17.6653,17.7838,17.2999,17.6488,71098.602748598
2014-08-25,17.7333,18.0511,17.5583,17.7382,110452.51334852
2014-08-26,17.8169,18.2241,17.5506,18.0909,64144.836921209
2014-08-27,18.3748,18.3748,18.1308,18.1629,38612.024663026
2014-08-28,18.1308,18.3485,18.0278,18.2144,94946.994370581
2014-08-29,18.2406,19.0337,17.7518,18.7995,122836.14337702
2014-09-02,18.9374,19.3582,18.4321,18.5982,147679.54706694
2014-09-03,18.8053,18.8053,18.0997,18.2085,132375.70581942
2014-09-04,18.332,18.3534,17.7158,18.1142,112909.68896199
2014-09-05,18.0385,18.8179,18.0385,18.1929,193632.22953
2014-09-08,18.1308,18.1833,17.777,18.0122,63410.153760399
2014-09-09,17.9383,18.2182,17.5254,17.6905,70212.661289974
2014-09-10,17.6945,17.8363,17.4583,17.7051,178045.42207908
2014-09-11,17.5933,18.2969,17.536,18.2144,111709.9122596
2014-09-12,18.2144,18.2406,17.9685,18.0423,54019.791679792
2014-09-15,17.8257,17.879,17.4631,17.5769,87488.005249135
2014-09-16,17.5457,17.9179,17.4535,17.9141,25048.168324371
2014-09-17,17.9685,18.5982,17.7488,18.1833,84195.30760965
2014-09-18,18.3223,18.5856,18.0735,18.4272,46545.368038161
2014-09-19,18.4321,19.1143,18.0637,18.158,168543.93145314
2014-09-22,18.0511,18.0511,17.6118,17.6867,133178.30086904
2014-09-23,17.6653,18.0152,17.6225,17.7158,129996.73177489
2014-09-24,17.6274,17.9966,17.5156,17.7683,78267.422890564
2014-09-25,17.7158,17.8207,17.4379,17.675,55094.034284674
2014-09-26,17.6867,17.745,17.5973,17.7382,21883.062718417
2014-09-29,17.5214,17.675,17.3883,17.5,44221.958266299
2014-09-30,17.7333,17.7382,17.3349,17.6905,126275.98344227
2014-10-01,17.6225,17.8878,17.3728,17.6011,81903.79584617
2014-10-02,17.5827,17.8654,17.1735,17.8528,81487.063801173
2014-10-03,18.0637,18.0735,17.7158,17.8003,72708.937687909
2014-10-06,17.9141,17.9141,17.4437,17.5409,35142.344525418
2014-10-07,17.5156,17.5156,17.2143,17.2192,59973.400599187
2014-10-08,17.1171,17.4583,16.5865,17.4379,71316.743967213
2014-10-09,17.1686,17.3445,16.4738,16.5185,153465.43420032
2014-10-10,16.4427,16.6235,16.0734,16.0792,116005.85371111
2014-10-13,16.1093,16.2163,15.8207,15.9967,72437.29013265
2014-10-14,16.1065,16.4738,16.052,16.328,77475.117521063
2014-10-15,16.1618,16.432,15.7517,15.949,107192.74268543
2014-10-16,15.7109,16.2395,15.7109,16.0053,114670.2532311
2014-10-17,16.2445,16.432,15.6788,15.9062,70344.369195553
2014-10-20,15.7439,15.7517,15.4154,15.6399,102324.69501905
2014-10-21,15.6642,15.7109,15.5145,15.7002,209368.23734269
2014-10-22,15.7469,15.7469,15.5145,15.6117,141825.74804474
2014-10-23,15.6642,16.1269,15.5039,15.6011,411012.01181675
2014-10-24,15.572,16.2191,15.535,16.1988,100545.60932572
2014-10-27,16.2299,16.2299,15.9062,16.1025,50684.906351801
2014-10-28,16.157,16.296,15.5506,15.949,157176.92182082
2014-10-29,15.9344,16.4368,15.9276,16.2299,112183.23754528
2014-10-30,17.0957,17.6089,16.3018,17.3543,205196.80102067
2014-10-31,18.0152,18.0735,17.4942,17.6945,171645.24104232
2014-11-03,17.6905,18.1308,17.6905,17.9247,157744.91216364
2014-11-04,17.9578,18.0871,17.8207,17.9247,88295.745138821
2014-11-05,18.0482,18.2182,17.157,17.6905,258493.22818779
2014-11-06,18.0773,18.1725,17.7294,17.9044,108865.84467349
2014-11-07,17.9219,18.711,17.8616,18.4427,157267.47100591
2014-11-10,18.2386,18.4321,17.9373,17.9433,152300.64241035
2014-11-11,18.09,18.7907,17.9811,18.7654,138298.44569844
2014-11-12,18.7907,18.7907,18.3572,18.4389,100203.99194562
2014-11-13,18.4427,19.0201,18.3728,18.8373,149769.3811
2014-11-14,18.8772,19.4476,18.5234,18.7955,240809.38392772
2014-11-17,18.7586,19.2134,18.26,18.3728,68052.857432074
2014-11-18,17.7809,17.9287,17.052,17.1045,675456.79098791
2014-11-19,17.1803,17.26,16.7722,16.7722,4967625.0168026
2014-11-20,16.6604,17.0821,16.6546,16.778,1683056.2246148
2014-11-21,16.9811,17.3689,16.8052,17.0957,675752.10480746
2014-11-24,17.1414,17.3883,17.0346,17.2503,385635.60269645
2014-11-25,17.1861,17.4495,17.1648,17.3786,307477.2504152
2014-11-26,17.4495,17.5846,17.3718,17.434,255034.86669832
2014-11-28,17.5195,17.6332,17.1492,17.3028,302032.9806619
2014-12-01,17.3135,17.3582,16.6682,17.0559,273287.7302692
2014-12-02,17.1007,17.5457,16.9024,17.4495,535536.69170203
2014-12-03,17.5457,18.1415,17.1492,18.0122,438329.05460834
2014-12-04,17.9373,18.1911,17.7741,17.9976,482857.64534232
2014-12-05,18.0093,18.3825,17.8888,18.2756,820844.82629137
2014-12-08,18.2873,18.8684,18.1998,18.6964,475610.62363141
2014-12-09,18.5497,18.5982,18.3145,18.5662,454451.95439367
2014-12-10,18.4427,18.6196,18.3145,18.363,446394.10588905
2014-12-11,18.5321,18.7859,18.2115,18.228,218219.42018484
2014-12-12,18.0851,18.2338,17.6905,17.7294,196448.51497976
2014-12-15,17.8664,17.987,17.5146,17.6478,238835.82328006
2014-12-16,17.6439,17.7877,17.4797,17.5953,146677.33222292
2014-12-17,17.6867,17.9948,17.6682,17.9433,225816.29101994
2014-12-18,18.0987,18.4632,17.8538,18.4427,229055.48232278
2014-12-19,18.4632,18.5234,18.2979,18.4476,435022.98038469
2014-12-22,18.4155,18.7586,18.2873,18.5186,120359.41737132
2014-12-23,18.641,19.0482,18.4204,18.883,104455.68777261
2014-12-24,18.8908,18.9588,18.5448,18.9306,207886.52340492
2014-12-26,19.0229,19.125,18.814,18.814,75966.650414973
2014-12-29,18.8704,18.8704,18.1463,18.3203,173603.36716981
2014-12-30,18.3349,18.5613,18.1648,18.4787,76299.00708296
2014-12-31,18.503,18.989,18.4155,18.7538,126818.24958478
2015-01-02,18.7907,18.9452,18.3825,18.9413,113159.72818898
2015-01-05,18.8626,18.9306,18.2901,18.4204,204947.79076168
2015-01-06,18.4427,18.4982,17.4495,17.9675,261720.07187448
2015-01-07,18.0161,18.1376,17.5409,18.0161,145927.21454192
2015-01-08,18.0851,18.3291,17.7469,17.8295,404389.57368934
2015-01-09,17.9044,18.159,17.7226,17.9811,367765.51522615
2015-01-12,17.9044,18.2795,17.5195,18.0589,318051.95467801
2015-01-13,18.0589,18.0589,17.4543,17.7984,339226.05843592
2015-01-14,17.5661,17.6108,17.159,17.5088,223083.35197917
2015-01-15,17.4855,17.4855,16.9296,17.159,248406.25476282
2015-01-16,17.0346,17.3076,16.5953,16.913,161562.38348942
2015-01-20,16.8781,17.1007,16.4398,16.9374,229763.41231527
2015-01-21,16.9092,16.949,16.6235,16.6458,127220.5760776
2015-01-22,16.7285,17.3203,16.2668,17.192,170563.79566136
2015-01-23,17.2143,17.8033,17.2065,17.7877,279245.45506064
2015-01-26,17.7119,17.9219,17.2561,17.8363,115644.68593878
2015-01-27,17.8363,18.3572,17.4631,17.8197,209868.31579669
2015-01-28,17.8363,18.3446,17.3689,17.6682,222022.48595844
2015-01-29,17.605,17.7809,17.0676,17.5088,142166.33645683
2015-01-30,17.296,17.6254,16.5466,16.6458,191236.79199727
2015-02-02,16.3329,16.6788,15.9188,16.3096,335142.08439494
2015-02-03,16.2852,16.778,16.1988,16.5826,451779.72446563
2015-02-04,16.569,16.7285,16.3455,16.6682,213812.35018799
2015-02-05,16.6682,17.4699,16.6604,17.1755,244334.628338
2015-02-06,16.6546,17.0462,15.464,15.9675,849234.05375181
2015-02-09,15.946,16.4456,15.9354,16.0734,414751.28157359
2015-02-10,16.1113,16.4281,16.1113,16.398,115420.3709121
2015-02-11,16.5088,16.569,16.0695,16.2522,147046.73173935
2015-02-12,16.2852,16.5652,16.1219,16.2522,104435.10841236
2015-02-13,16.2347,16.5953,16.225,16.5321,131685.26828314
2015-02-17,16.5136,16.7157,16.3513,16.3621,156602.75766994
2015-02-18,16.4563,16.7547,16.3795,16.6468,147785.5307722
2015-02-19,16.7012,17.0948,16.6361,16.9597,98843.69623331
2015-02-20,16.8615,17.2338,16.6011,17.1171,123168.50004501
2015-02-23,17.0073,17.1007,16.776,16.8888,130074.93334382
2015-02-24,16.9208,17.4573,16.9208,17.4019,151553.6116334
2015-02-25,17.3222,17.4661,17.2299,17.2688,151474.38109645
2015-02-26,17.2736,17.4757,17.1414,17.4447,170196.45408096
2015-02-27,17.3698,17.5914,16.8509,17.3902,162613.98879802
2015-03-02,17.365,17.4447,17.2338,17.4447,253682.8027301
2015-03-03,17.3436,17.4573,17.2299,17.4301,180595.20481365
2015-03-04,17.396,17.396,16.8469,16.8994,120641.3546067
2015-03-05,16.9704,17.02,16.5652,16.6701,110832.20254507
2015-03-06,16.5904,16.913,16.4184,16.6662,169676.82523472
2015-03-09,16.8509,16.8509,16.2153,16.4689,210382.79980286
2015-03-10,16.327,16.6059,16.0287,16.1201,199652.72137019
2015-03-11,16.2026,17.192,16.2026,16.9422,182626.38767001
2015-03-12,17.1171,17.3086,16.6312,17.02,199652.72137019
2015-03-13,16.9257,17.0608,16.3455,16.6516,207236.21562112
2015-03-16,16.8013,17.261,16.5758,16.9072,173746.39372353
2015-03-17,16.8198,16.88,16.6701,16.8013,181331.94591049
2015-03-18,16.7265,16.916,16.4456,16.6934,174116.82220797
2015-03-19,16.7119,16.78,16.5652,16.5855,176891.94893724
2015-03-20,16.6565,16.6876,16.4456,16.5097,291058.0078423
2015-03-23,16.429,16.6934,16.3757,16.5214,162092.30201577
2015-03-24,16.7469,16.7964,16.429,16.5418,192062.02434316
2015-03-25,16.5321,16.7061,16.4689,16.5097,235735.54265889
2015-03-26,16.5418,16.7217,16.2347,16.3046,150617.25074217
2015-03-27,16.3621,16.5593,15.8791,16.2026,442785.51506978
2015-03-30,16.2153,16.6468,16.2153,16.3795,172635.1082702
2015-03-31,16.0948,16.6011,16.0948,16.2794,382653.65339669
2015-04-01,16.3096,16.3513,16.054,16.087,154316.39074653
2015-04-02,16.0618,16.3096,16.0005,16.1269,145804.76734846
2015-04-06,16.1133,16.1852,15.9014,15.9975,174299.97851417
2015-04-07,15.948,16.1317,15.8567,15.9713,148687.93571903
2015-04-08,16.0666,16.0773,15.8479,15.9597,175598.53614574
2015-04-09,15.9781,16.2153,15.8625,16.0472,286813.5147914
2015-04-10,16.0948,16.3096,16.0005,16.0948,154501.60498874
2015-04-13,15.8353,16.2395,15.8353,16.054,162642.79990238
2015-04-14,16.154,16.2026,15.8625,15.8723,222780.83538354
2015-04-15,15.9315,16.2794,15.9315,16.0287,293185.91369182
2015-04-16,15.9781,16.2153,15.9781,16.1025,265420.24084686
2015-04-17,15.9538,16.2191,15.672,15.9228,289578.35184056
2015-04-20,15.9043,16.2619,15.9043,16.0073,224093.79856728
2015-04-21,16.1065,16.4028,16.0238,16.2395,356640.31307674
2015-04-22,16.3212,16.3212,15.6195,15.7575,885510.32102683
2015-04-23,15.7828,16.054,15.7828,15.9597,249793.30364346
2015-04-24,15.9228,16.1065,15.8508,15.9626,97330.084287159
2015-04-27,15.8887,15.9975,15.6565,15.7041,187993.48482237
2015-04-28,15.7469,16.154,15.7352,16.1269,246644.6615257
2015-04-29,16.0948,16.2658,15.8791,15.9228,93072.2146521
2015-04-30,14.5097,14.9208,14.0665,14.6185,1554838.5785333
2015-05-01,14.6341,14.7098,14.4572,14.672,426877.66959902
2015-05-04,14.8955,15.1453,14.7983,15.0948,486634.98691561
2015-05-05,15.1327,15.1647,14.5932,14.8362,348232.61544792
2015-05-06,14.9169,15.8392,14.6525,14.9422,655423.81275569
2015-05-07,14.9276,15.1919,14.841,15.0568,274622.3017812
2015-05-08,15.1599,15.3542,15.0413,15.3358,234436.98502732
2015-05-11,15.2843,15.4135,15.2074,15.3202,395416.97262174
2015-05-12,15.225,15.4893,15.0607,15.2609,124094.57125611
2015-05-13,15.2434,15.4388,15.1453,15.3328,151172.89346883
2015-05-14,15.3717,15.6069,15.3649,15.5321,223334.42017417
2015-05-15,15.5321,15.6011,15.2074,15.5165,262406.39353871
2015-05-18,15.5389,15.5466,15.3911,15.5437,110895.99856183
2015-05-19,15.5049,15.6311,15.3765,15.4747,113980.84466283
2015-05-20,15.4786,15.6672,15.3911,15.5612,420768.68650976
2015-05-21,15.5758,15.6896,15.4504,15.5612,144058.60863152
2015-05-22,15.5904,15.6371,15.363,15.5874,248245.7357529
2015-05-26,15.5213,15.6244,15.3406,15.4981,248900.15940875
2015-05-27,15.5874,16.0043,15.3824,15.95,359045.01132158
2015-05-28,15.8858,15.9276,15.4835,15.8528,444480.2253861
2015-05-29,15.8693,15.9033,15.5039,15.705,237034.10029046
2015-06-01,15.7293,15.9743,15.5321,15.6963,230420.92287515
2015-06-02,15.673,15.8479,15.6079,15.7906,455698.03465662
2015-06-03,15.8042,16.191,15.6574,16.1531,263677.16903396
2015-06-04,16.0753,16.2658,16.0043,16.1676,286461.60773117
2015-06-05,16.1638,16.4524,15.9879,16.3601,600493.38438497
2015-06-08,16.2784,16.6021,16.1774,16.2182,429968.68950809
2015-06-09,16.191,16.3096,15.9577,16.2852,293238.39106044
2015-06-10,16.2726,16.6856,16.2513,16.5292,627468.80979646
2015-06-11,16.4942,16.7945,16.4524,16.6157,510016.22705999
2015-06-12,16.5156,16.5991,16.4184,16.4456,292344.21785773
2015-06-15,15.7848,16.4456,15.705,16.3863,380911.6105518
2015-06-16,16.4038,16.5671,16.2182,16.4398,342688.53579743
2015-06-17,16.4651,16.6079,16.2726,16.3513,262029.7912462
2015-06-18,16.43,16.5923,16.4038,16.4456,213513.94946441
2015-06-19,16.4903,16.6079,16.3601,16.5564,455516.93628645
2015-06-22,16.5991,16.7245,16.4038,16.4777,383113.60209821
2015-06-23,16.5224,16.571,16.2182,16.3212,342698.82547756
2015-06-24,16.3212,16.5612,15.9995,16.0267,204327.32305025
2015-06-25,15.7537,16.0821,15.7537,15.8528,307043.02591399
2015-06-26,15.8256,15.9422,15.5874,15.6788,1757549.3928361
2015-06-29,15.7352,15.776,15.4378,15.4786,370985.15613676
2015-06-30,15.6371,15.6371,15.4115,15.6244,289312.87809337
2015-07-01,15.8314,16.0043,15.5534,15.7925,228029.60121448
2015-07-02,15.8528,15.8741,15.6371,15.7109,123846.58996514
2015-07-06,15.5213,15.6896,15.4893,15.6896,205612.50409765
2015-07-07,15.6429,15.7721,15.2823,15.6011,185955.09918993
2015-07-08,15.433,15.4504,15.2172,15.294,160414.05518765
2015-07-09,15.4835,15.6011,15.324,15.3591,127886.31838158
2015-07-10,15.4835,15.8139,15.4378,15.7605,165368.53616706
2015-07-13,15.8256,15.8256,15.2969,15.6079,204327.32305025
2015-07-14,15.6846,15.8985,15.5466,15.8421,183325.05695039
2015-07-15,15.8314,15.9033,15.673,15.8528,237575.33746495
2015-07-16,15.8421,15.8693,15.5962,15.6429,190732.59767122
2015-07-17,15.6457,15.8042,15.4932,15.6681,163719.10044328
2015-07-20,15.7225,15.776,15.5389,15.6244,79009.308827461
2015-07-21,15.81,15.81,15.57,15.6516,88934.734274484
2015-07-22,15.6079,15.9743,15.6079,15.7974,284443.80145898
2015-07-23,15.8042,15.9616,15.5321,15.57,120358.38840331
2015-07-24,15.566,15.566,15.2775,15.3182,200836.03458438
2015-07-27,15.3164,15.3406,14.9285,15.222,146632.05763038
2015-07-28,15.2775,15.2775,15.0277,15.2104,260920.5637289
2015-07-29,15.1754,15.3164,15.0306,15.1793,132112.29000826
2015-07-30,15.8635,16.327,15.6963,15.9957,978827.43006587
2015-07-31,16.0996,16.3212,15.9616,16.2852,340120.23163864
2015-08-03,16.3046,16.6584,16.1676,16.6205,251395.40683867
2015-08-04,16.6273,16.7886,16.3513,16.5671,158025.82043101
2015-08-05,16.6672,16.7994,16.2658,16.4456,121274.16993429
2015-08-06,16.4136,16.5292,16.2619,16.3096,146841.96710489
2015-08-07,16.2445,16.3757,16.0384,16.3377,167027.23260296
2015-08-10,16.3863,16.4242,16.1638,16.3912,167393.54521535
2015-08-11,16.6856,16.7245,16.2513,16.4242,376706.21828537
2015-08-12,16.3757,16.3757,16.0821,16.2221,241813.65670777
2015-08-13,16.2978,16.6778,16.0267,16.2571,135055.13852355
2015-08-14,16.2182,16.3513,16.0608,16.3329,120174.2031291
2015-08-17,16.2347,16.4573,16.1638,16.4136,75890.50678206
2015-08-18,16.3543,16.4184,16.2445,16.3134,149756.00451584
2015-08-19,16.2182,16.3377,16.1055,16.2571,153428.39135188
2015-08-20,16.1774,16.4154,16.1774,16.2988,198819.25728019
2015-08-21,16.0734,16.2026,15.7109,15.777,219373.92229468
2015-08-24,14.9422,15.6963,14.5407,14.842,434750.30386142
2015-08-25,15.2599,15.2599,14.6273,14.7098,194455.40393987
2015-08-26,14.9266,14.98,14.5631,14.9266,184270.67855373
2015-08-27,15.0355,15.1413,14.8178,14.9568,194455.40393987
2015-08-28,14.8761,15.1239,14.6565,14.9518,150981.50541854
2015-08-31,14.9713,15.0297,14.8596,14.9975,121507.7456731
2015-09-01,14.6642,14.9324,14.568,14.5914,271941.84010906
2015-09-02,14.7945,14.7945,14.3552,14.4688,217193.53907653
2015-09-03,14.5563,14.8032,14.4105,14.4806,136609.9091902
2015-09-04,14.3114,14.4746,14.2919,14.4368,139701.95806727
2015-09-08,14.9654,15.0626,14.5777,14.9568,213550.99231285
2015-09-09,14.98,15.0413,14.7284,14.7867,161347.32917484
2015-09-10,14.7701,14.8965,14.6146,14.81,168068.54823144
2015-09-11,14.7468,14.9266,14.5738,14.7759,258121.77073534
2015-09-14,14.8226,14.8537,14.5972,14.6681,107867.74570153
2015-09-15,14.7158,14.8256,14.5836,14.6273,213466.61693584
2015-09-16,14.6642,15.0131,14.5738,14.9568,231013.60845026
2015-09-17,14.946,15.1832,14.8032,15.0257,184628.75942203
2015-09-18,14.8596,15.2434,14.7098,14.9363,531338.50221168
2015-09-21,15.0724,15.4757,14.9975,15.3911,193181.54154059
2015-09-22,15.2056,15.2949,14.9713,15.1345,106957.1090106
2015-09-23,15.1686,15.325,15.0626,15.1754,100412.87245213
2015-09-24,15.052,15.2949,15.0297,15.223,155022.26280299
2015-09-25,15.3737,15.4757,15.0461,15.0578,132241.93997781
2015-09-28,15.0257,15.052,14.5631,14.5914,265753.62648285
2015-09-29,14.5836,14.6146,13.9742,14.2833,280129.33858325
2015-09-30,14.4485,14.5407,14.2142,14.4368,185540.42508096
2015-10-01,14.4854,14.602,14.1491,14.3756,322696.7162857
2015-10-02,14.2036,14.568,13.6875,14.0723,359439.10607031
2015-10-05,14.2191,14.7945,14.1793,14.6506,285479.97224741
2015-10-06,14.6146,15.1618,14.5738,14.9101,242114.11536738
2015-10-07,14.7507,15.1618,14.6331,15.0413,271578.61440071
2015-10-08,14.9878,15.2172,14.8596,15.1579,130607.93877422
2015-10-09,15.1501,15.2599,14.9363,15.1025,143339.35999089
2015-10-12,15.052,15.1083,14.81,14.9878,189897.0756452
2015-10-13,14.9324,15.2677,14.9324,14.9324,199727.83603509
2015-10-14,14.8596,15.1025,14.7867,14.8226,110048.12891967
2015-10-15,14.8867,15.361,14.8867,15.3542,80583.629886339
2015-10-16,15.4038,15.5457,15.2434,15.5127,87497.265961246
2015-10-19,15.4271,15.5195,15.2725,15.3737,52024.622703867
2015-10-20,15.4038,15.7459,15.2833,15.6457,83397.857400087
2015-10-21,15.672,15.6992,15.2551,15.2725,81311.110271064
2015-10-22,15.4145,15.7935,15.4038,15.6303,69124.013132918
2015-10-23,15.811,15.9306,15.6303,15.8829,117873.43065351
2015-10-26,15.811,15.9383,15.7109,15.8858,178444.66166787
2015-10-27,15.8372,15.8372,15.3649,15.6788,177356.01351081
2015-10-28,15.6672,16.2182,15.6371,16.2124,174806.23077623
2015-10-29,16.2571,17.504,16.1842,16.5846,486592.7992271
2015-10-30,16.4923,16.671,15.9927,16.2075,206093.03215941
2015-11-02,16.1978,16.5418,16.1842,16.4709,165575.35873754
2015-11-03,16.3601,16.641,16.3144,16.4611,198276.99113769
2015-11-04,16.4611,16.6361,16.4466,16.467,148696.16746313
2015-11-05,16.4747,16.5963,16.3397,16.5185,125512.48917711
2015-11-06,16.5584,16.9481,16.4262,16.8723,283224.47436436
2015-11-09,16.8723,16.8888,16.3056,16.4427,134013.82289506
2015-11-10,16.4154,16.4971,16.2026,16.2726,121507.7456731
2015-11-11,16.2726,16.3931,16.0364,16.1774,138249.05523385
2015-11-12,16.1113,16.1726,15.5894,15.6303,151343.70215888
2015-11-13,15.5195,15.7935,15.3416,15.396,89673.533307343
2015-11-16,15.431,15.5894,15.2493,15.5515,101866.80425356
2015-11-17,15.568,15.568,15.1501,15.2677,174621.01653401
2015-11-18,15.3202,15.4873,15.1754,15.4145,231379.92106265
2015-11-19,15.396,15.6944,15.1541,15.2881,240423.5209231
2015-11-20,15.3911,15.7469,15.3095,15.5874,334901.30588005
2015-11-23,15.6098,15.8926,15.6098,15.7925,261116.06765124
2015-11-24,15.6642,16.1706,15.4971,16.0996,164219.17889727
2015-11-25,16.1589,16.3805,15.9713,16.3329,154042.68525524
2015-11-27,16.2775,16.4427,16.1443,16.3513,109233.18625389
2015-11-30,16.7605,16.7605,16.2648,16.399,266514.03384397
2015-12-01,16.5136,16.6682,16.2541,16.571,170031.81919898
2015-12-02,16.6079,16.6682,16.3377,16.4805,141106.49940411
2015-12-03,16.4805,16.638,16.0558,16.1269,183455.73588795
2015-12-04,16.1093,16.5321,15.9985,16.467,99692.59484349
2015-12-07,16.4709,16.5039,16.3931,16.467,117872.4016855
2015-12-08,16.3038,16.5661,16.2707,16.3377,126486.9218848
2015-12-09,16.4543,16.6157,16.3086,16.3329,116612.94483839
2015-12-10,16.3757,16.5593,16.3329,16.3698,157999.06726268
2015-12-11,16.1201,16.2775,15.4534,15.5437,193632.22953
2015-12-14,15.5311,16.1055,15.4825,15.6866,394229.54353551
2015-12-15,15.6098,16.2493,15.6098,16.2425,282891.08872836
2015-12-16,16.2707,16.6652,16.1862,16.638,261116.06765124
2015-12-17,16.7303,16.7605,16.2201,16.2882,136586.24292591
2015-12-18,16.1706,16.2833,15.5758,15.6866,658464.41323215
2015-12-21,15.6535,15.8256,15.1861,15.3649,299627.25344906
2015-12-22,15.4213,15.5758,15.2046,15.4271,233563.39118484
2015-12-23,15.5311,15.6137,15.3765,15.5145,170059.60133531
2015-12-24,15.5758,15.9432,15.5379,15.8372,489004.70024803
2015-12-28,15.2201,16.0821,15.2201,16.0384,341475.38251089
2015-12-29,16.1706,16.3543,16.0093,16.2882,261793.12860336
2015-12-30,16.292,16.5136,16.2094,16.3038,276841.78578382
2015-12-31,16.2036,16.4106,16.0919,16.2172,257955.07791734
2016-01-04,15.8198,15.9004,15.57,15.8198,266626.19135732
2016-01-05,15.8547,15.9791,15.6487,15.8654,109415.31359208
2016-01-06,15.6992,15.8256,15.3601,15.3833,187516.04366465
2016-01-07,15.1715,15.2589,14.2911,14.3698,436678.58991654
2016-01-08,14.4251,14.6681,14.1617,14.3027,315741.92149031
2016-01-11,14.2716,14.3299,13.6204,13.9139,385665.4427688
2016-01-12,14.0034,14.6535,13.9752,14.4824,581011.93300736
2016-01-13,14.7799,15.1686,13.947,14.0568,461566.23923099
2016-01-14,14.1258,14.2813,13.8021,14.0743,309518.72295168
2016-01-15,13.7157,14.7021,13.289,13.4571,362997.27745698
2016-01-19,13.6651,13.7818,13.3862,13.5593,225126.88245167
2016-01-20,13.3036,13.3784,12.7322,13.1354,685933.74328955
2016-01-21,13.1423,13.5593,13.1141,13.3377,351060.21954583
2016-01-22,13.5874,13.7633,13.3988,13.6428,212763.83178341
2016-01-25,13.6262,13.6262,13.3201,13.394,276208.97045623
2016-01-26,13.4241,13.6691,13.4241,13.6088,152379.8729473
2016-01-27,13.5136,13.841,13.4425,13.532,228296.10392967
2016-01-28,13.7206,13.8333,13.4465,13.5456,121638.42461066
2016-01-29,13.6428,14.1414,13.5534,14.1365,250937.51607318
2016-02-01,14.0373,14.1647,13.7633,14.0373,247054.19079462
2016-02-02,13.8984,14.0432,13.636,13.742,288328.15570556
2016-02-03,13.841,13.8702,13.495,13.8099,227938.02306138
2016-02-04,13.7536,14.189,13.7536,14.0315,186253.49991351
2016-02-05,13.9868,14.2677,13.7536,13.8021,215583.20413723
2016-02-08,13.6855,13.8984,13.5593,13.7925,193866.83423681
2016-02-09,13.5757,13.981,13.5757,13.7973,106502.30514915
2016-02-10,14.0315,14.8809,13.8527,13.876,392190.12893505
2016-02-11,13.4533,13.6691,13.0198,13.1695,353571.93046395
2016-02-12,13.3318,13.6088,13.2522,13.5213,285047.80568222
2016-02-16,13.7973,13.9752,13.5213,13.841,592684.54613933
2016-02-17,13.912,14.4426,13.878,14.3367,397701.28160914
2016-02-18,14.325,14.5048,13.9684,14.2366,242170.70860806
2016-02-19,14.1803,14.3824,14.0869,14.1735,222961.9337537
2016-02-22,14.3756,14.6176,14.2074,14.2424,303270.82918075
2016-02-23,14.2123,14.361,14.0801,14.1006,178423.05333961
2016-02-24,13.9169,14.0675,13.7089,13.9586,227432.79976732
2016-02-25,13.9684,14.1074,13.9023,14.0102,196666.65619838
2016-02-26,14.1617,14.3289,13.8614,14.257,403318.4179885
2016-02-29,14.2851,14.5864,14.1929,14.3698,209480.39485604
2016-03-01,14.4912,14.6497,14.2502,14.6379,266599.438189
2016-03-02,14.6253,14.6253,14.5097,14.5476,206928.55418544
2016-03-03,14.5,15.2911,14.5,15.2142,364782.53695838
2016-03-04,15.2425,15.4718,15.1686,15.2366,333015.20751344
2016-03-07,15.1375,15.3843,15.1375,15.3542,174746.55063152
2016-03-08,15.2493,15.2599,14.9995,15.0734,178706.019543
2016-03-09,15.1054,15.294,15.1054,15.2084,177319.99963038
2016-03-10,15.2725,15.3649,15.0092,15.1764,177335.43415057
2016-03-11,15.361,15.6963,15.3358,15.6963,143700.52776322
2016-03-14,15.6439,15.7537,15.5272,15.568,429142.42819417
2016-03-15,15.5418,15.5418,15.1579,15.1764,188889.71596112
2016-03-16,15.0918,15.3785,15.0626,15.2911,184625.67251799
2016-03-17,15.2318,15.813,15.1278,15.6672,195001.78595441
2016-03-18,15.7342,16.0627,15.5738,16.054,298229.9148883
2016-03-21,16.0219,16.2425,15.8547,16.0578,153546.72267329
2016-03-22,15.9354,16.0404,15.8178,15.8829,260944.22999318
2016-03-23,15.8663,15.8907,15.6273,15.6963,257173.06222796
2016-03-24,15.6205,16.4009,15.466,15.8877,309947.80261282
2016-03-28,16.0102,16.1133,15.7138,15.9354,164131.71661623
2016-03-29,15.8663,16.3261,15.6439,16.3261,281032.77249808
2016-03-30,16.3883,16.6556,16.3707,16.4747,255147.02421167
2016-03-31,16.467,16.5574,16.2367,16.4116,102953.39447459
2016-04-01,16.3115,16.6662,16.1405,16.5855,154430.6061959
2016-04-04,16.6157,16.6157,16.2658,16.3319,205532.24459269
2016-04-05,16.2259,16.2259,15.4398,15.5738,392170.57854281
2016-04-06,15.602,15.9985,15.5068,15.9101,133866.6804693
2016-04-07,15.7944,15.8663,15.2784,15.5738,347731.50802592
2016-04-08,15.7138,16.191,15.5213,15.6399,231618.64164152
2016-04-11,15.7138,15.9626,15.4922,15.5418,154322.5645546
2016-04-12,15.5447,15.8362,15.3737,15.7255,141510.88383297
2016-04-13,15.8829,16.3445,15.8829,16.2726,218741.10696709
2016-04-14,16.2259,16.3503,16.0948,16.1774,133083.63581191
2016-04-15,16.191,16.4184,15.9101,15.9879,293672.61556165
2016-04-18,15.9247,16.4709,15.9247,16.3766,428194.74865481
2016-04-19,16.467,16.467,16.2367,16.3115,101528.2737775
2016-04-20,16.3951,16.7157,16.3543,16.5516,210732.64892706
2016-04-21,16.6624,16.7371,16.4991,16.5448,99318.050486999
2016-04-22,16.5224,16.7303,16.4991,16.5574,88365.71496366
2016-04-25,16.5039,16.8305,16.3319,16.4232,225791.59578764
2016-04-26,16.5097,16.7585,16.2998,16.5146,236897.24754481
2016-04-27,16.4991,16.7051,16.3096,16.6157,221811.54751591
2016-04-28,16.1055,17.0064,15.9937,16.4466,461375.88014871
2016-04-29,16.3503,16.4534,16.1201,16.3445,214231.14016901
2016-05-02,16.4349,16.8305,16.293,16.7838,249139.90895563
2016-05-03,16.5448,16.6341,15.9053,15.9626,186256.58681754
2016-05-04,15.813,16.0374,15.6439,15.7779,160178.42151282
2016-05-05,15.8071,16.0558,15.6672,15.7469,126671.10715901
2016-05-06,15.6914,15.9033,15.602,15.7673,315668.86476143
2016-05-09,15.7537,15.8421,15.6341,15.7381,230673.02003817
2016-05-10,15.8071,16.0802,15.8071,15.8946,139205.99548533
2016-05-11,15.8829,15.9791,15.6565,15.6963,116140.64852073
2016-05-12,15.7342,15.8246,15.5107,15.6439,155538.80474519
2016-05-13,15.5652,15.9879,15.4757,15.534,177024.68581083
2016-05-16,15.5583,15.7469,15.4981,15.5272,68565.283502218
2016-05-17,15.5039,15.602,15.2493,15.4115,280346.45083385
2016-05-18,15.3406,15.8401,15.3406,15.7352,142536.76494126
2016-05-19,15.6477,15.7701,15.3727,15.5059,240933.88905722
2016-05-20,15.5884,15.7235,15.5233,15.6768,102172.40775322
2016-05-23,15.6477,15.6876,15.4408,15.57,111468.10477669
2016-05-24,15.7352,15.9879,15.5778,15.9101,404696.20615702
2016-05-25,15.9597,16.2065,15.8353,15.9276,223063.80158693
2016-05-26,15.9014,15.9519,15.7313,15.8761,182274.48060979
2016-05-27,15.8761,15.9597,15.7235,15.8401,224332.51914614
2016-05-31,15.9247,15.9422,15.5466,15.6768,342678.24611732
2016-06-01,15.7313,15.8703,15.2512,15.8158,244309.93310571
2016-06-02,15.7352,15.7575,15.5466,15.6876,150592.55550987
2016-06-03,15.535,15.775,15.4067,15.6701,248319.82144979
2016-06-06,15.6768,15.9354,15.6701,15.8158,137689.29663513
2016-06-07,15.9179,15.9179,15.535,15.5884,144848.85606499
2016-06-08,15.6049,15.6642,15.4592,15.535,96953.481994643
2016-06-09,15.4893,15.4893,15.2288,15.3358,136065.58511166
2016-06-10,15.1307,15.1715,14.9179,15.0423,146749.35998378
2016-06-13,14.9412,15.191,14.8488,15.0102,124081.19467195
2016-06-14,14.913,15.224,14.4874,14.6136,159952.04855011
2016-06-15,14.672,15.0529,14.672,14.7759,162680.87171883
2016-06-16,14.6234,15.0821,14.4738,15.0471,184852.0454807
2016-06-17,15.0821,15.2288,14.9363,15.0247,262654.37482969
2016-06-20,15.3212,15.6808,15.1958,15.3833,150339.42937883
2016-06-21,15.4174,15.4825,15.2056,15.2463,201285.69360577
2016-06-22,15.2775,15.5291,15.2775,15.4728,133990.15663078
2016-06-23,15.7109,15.9519,15.6429,15.8703,171933.35208579
2016-06-24,15.119,15.2823,14.3173,14.3173,812069.78708214
2016-06-27,14.1589,14.2609,13.0539,13.2133,441407.72690126
2016-06-28,13.4425,13.5,12.8944,12.9479,414767.74506179
2016-06-29,13.1131,13.2414,12.9149,13.1316,361296.39333258
2016-06-30,13.1423,13.2307,12.9081,13.2307,190171.81010449
2016-07-01,13.1656,13.5932,13.0723,13.3542,447482.7540461
2016-07-05,13.289,13.2959,13.0364,13.083,264963.37904938
2016-07-06,13.015,13.2638,12.8828,13.2356,324083.76516634
2016-07-07,13.2133,13.5466,13.2133,13.4367,253484.21190373
2016-07-08,13.6428,13.8664,13.6117,13.7546,141879.25438138
2016-07-11,13.7789,13.9703,13.6837,13.9247,163903.28571749
2016-07-12,14.0889,14.2404,13.983,14.1521,177799.49872413
2016-07-13,14.2036,14.2288,14.0189,14.1715,117345.57006318
2016-07-14,14.4163,14.8712,14.2911,14.7604,324185.63299956
2016-07-15,14.8887,14.9179,14.6914,14.842,172730.80229534
2016-07-18,14.8644,14.9713,14.7604,14.8294,108505.70586917
2016-07-19,14.7604,14.8207,14.5894,14.7002,137577.13912179
2016-07-20,14.8207,14.946,14.6185,14.7653,96195.132569549
2016-07-21,14.8207,14.983,14.5768,14.6283,144496.94900477
2016-07-22,14.6283,14.8013,14.5583,14.7653,99649.378186971
2016-07-25,14.7497,14.7759,14.5719,14.7429,147470.66656043
2016-07-26,14.6934,14.9276,14.6487,14.7759,102898.85916993
2016-07-27,14.7604,15.0141,14.7352,14.9315,118705.8657755
2016-07-28,14.8537,14.8537,14.4824,14.7303,138727.52535959
2016-07-29,14.6671,14.8119,14.5583,14.6351,97553.370345837
2016-08-01,14.6769,14.7604,14.2911,14.6185,141129.13670039
2016-08-02,14.5583,14.6185,14.1967,14.361,195250.7962134
2016-08-03,14.3824,14.6351,14.3173,14.5185,107069.26652395
2016-08-04,15.2901,15.9801,14.7234,15.5525,235055.39480273
2016-08-05,15.7177,16.1297,15.5884,15.9179,209147.00922004
2016-08-08,15.9937,16.0938,15.8537,15.9014,143940.2773101
2016-08-09,15.8703,15.9354,15.7527,15.775,153772.066668
2016-08-10,15.7994,15.8158,15.5175,15.5291,149871.24893322
2016-08-11,15.566,15.9422,15.4067,15.4115,176521.5204528
2016-08-12,15.3775,15.7838,15.1083,15.4592,151529.94536912
2016-08-15,15.5233,15.7177,15.4728,15.6371,126529.10957331
2016-08-16,15.6185,15.7109,15.4476,15.566,110763.26168825
2016-08-17,15.6108,15.6992,15.3833,15.4981,136717.95083148
2016-08-18,15.5855,15.5855,15.4009,15.4981,161271.18554193
2016-08-19,15.4893,15.6904,15.4368,15.5884,265651.75864963
2016-08-22,15.5428,15.8635,15.4504,15.7547,120139.21821668
2016-08-23,15.8382,16.2775,15.7731,15.9879,113528.0987374
2016-08-24,16.0423,16.2435,15.9344,16.0043,106617.54956653
2016-08-25,15.9636,16.1608,15.8586,16.1307,106767.77889633
2016-08-26,16.155,16.3679,15.9344,15.9985,113459.15788058
2016-08-29,16.0296,16.1337,15.9082,15.951,100134.02212078
2016-08-30,15.9597,16.2026,15.8926,16.055,128512.9599011
2016-08-31,16.0355,16.1113,15.8334,16.0423,166189.65264091
2016-09-01,16.0423,16.1025,15.6429,15.7682,110548.20737366
2016-09-02,15.8042,15.8693,15.5233,15.8382,124877.6159135
2016-09-06,15.8275,15.9597,15.3571,15.4582,251365.56676632
2016-09-07,15.4466,15.8382,15.3338,15.6117,266871.08574425
2016-09-08,15.6389,16.0238,15.5943,15.6788,120553.89232566
2016-09-09,15.6836,15.707,15.2969,15.3105,128268.06551416
2016-09-12,15.3445,15.7449,15.2142,15.7264,543338.32717159
2016-09-13,15.5534,15.6555,15.0481,15.19,221998.81969416
2016-09-14,15.19,15.429,15.1744,15.294,182806.45707217
2016-09-15,15.3396,15.6059,15.19,15.5291,109709.59844361
2016-09-16,15.5359,15.707,15.4339,15.566,249728.47865869
2016-09-19,15.6244,15.7264,15.4339,15.5291,97996.855559154
2016-09-20,15.6389,15.7264,15.3571,15.4466,121041.6231635
2016-09-21,15.5612,15.8042,15.5127,15.7925,86001.146471305
2016-09-22,15.8693,15.9791,15.6331,15.9344,77888.762662023
2016-09-23,15.8926,15.9791,15.6904,15.7206,57697.323355892
2016-09-26,15.7138,15.7138,15.4339,15.4718,97965.986518784
2016-09-27,15.3911,15.7731,15.3911,15.6429,144730.52474357
2016-09-28,15.6652,15.8216,15.5778,15.7138,88853.44580151
2016-09-29,15.6788,15.8635,15.571,15.5855,72893.122962117
2016-09-30,15.7487,16.1249,15.5884,16.0043,162961.7799862
2016-10-03,15.9043,15.9422,15.6244,15.6652,171166.77091659
2016-10-04,15.7449,15.7964,15.4981,15.5127,126230.70884973
2016-10-05,15.6555,15.8518,15.6117,15.7206,95818.530277033
2016-10-06,15.6963,15.8158,15.571,15.6195,70598.524294601
2016-10-07,15.6117,15.6963,15.3883,15.4718,147682.63397098
2016-10-10,15.566,15.6244,15.2687,15.3571,119124.65575652
2016-10-11,15.2687,15.4154,15.0297,15.0598,157209.84879722
2016-10-12,15.0297,15.1793,14.7614,14.7915,134423.35216397
2016-10-13,14.4047,14.5544,14.0491,14.3134,197584.49566539
2016-10-14,14.4339,14.7322,14.257,14.6429,100983.94969898
2016-10-17,14.6146,14.7021,14.3853,14.4339,61804.96366115
2016-10-18,14.7322,14.7322,14.4339,14.5233,80770.902064586
2016-10-19,14.5826,14.8508,14.4922,14.7614,84872.368561769
2016-10-20,14.7021,14.9995,14.6146,14.7322,90178.756601402
2016-10-21,14.5233,15.0005,14.4047,14.9392,76921.532730425
2016-10-24,15.0598,15.1473,14.7614,14.9121,71214.876133992
2016-10-25,15.0005,15.0005,14.6729,14.9392,145146.22782056
2016-10-26,14.7915,15.0898,14.7915,14.8226,100905.74813004
2016-10-27,16.3086,16.8469,15.2376,15.6555,263964.2511094
2016-10-28,15.7138,15.951,15.2687,15.566,127773.13190023
2016-10-31,15.566,15.566,15.0005,15.12,139933.47587005
2016-11-01,15.2084,15.4154,14.9713,15.12,150611.07693409
2016-11-02,14.9713,15.0141,14.6429,14.6729,81346.095183483
2016-11-03,14.7322,14.8508,14.5233,14.5544,84541.040861796
2016-11-04,14.464,14.9392,14.464,14.7915,157508.2495208
2016-11-07,15.1793,16.3086,14.9392,15.0297,157120.32858014
2016-11-08,15.0297,15.2969,14.8226,15.2969,137254.04316592
2016-11-09,15.4154,15.951,15.12,15.5943,462069.40458903
2016-11-10,15.9238,17.0248,15.5943,16.3086,350885.29498373
2016-11-11,16.4281,16.7265,16.2201,16.6049,292156.94567948
2016-11-14,16.8469,17.6488,16.6652,16.9062,605613.52921438
2016-11-15,16.8169,17.1745,16.6973,16.9655,295593.69884069
2016-11-16,16.8742,17.2902,16.8324,17.1414,226893.62052885
2016-11-17,17.262,17.3222,16.9655,17.054,166864.655657
2016-11-18,17.0356,17.6079,17.0356,17.4272,221469.93013581
2016-11-21,17.4272,17.4865,17.2153,17.4573,188711.70449499
2016-11-22,17.5186,17.6079,17.4573,17.5186,231172.06952416
2016-11-23,17.5186,17.6079,17.4272,17.5186,113347.00036723
2016-11-25,17.639,17.9073,17.4865,17.9073,59751.143508521
2016-11-28,17.7576,17.7576,16.9753,16.9753,247649.96327376
2016-11-29,17.0356,17.5186,17.0064,17.1861,210540.23190874
2016-11-30,17.3037,17.5769,17.2474,17.5769,196760.2922875
2016-12-01,17.6662,17.6954,17.2784,17.3679,172686.55667082
2016-12-02,17.2784,17.5186,17.2474,17.3037,547112.58184084
2016-12-05,17.4865,17.6954,17.3037,17.3387,334743.87377417
2016-12-06,17.4865,17.639,17.3037,17.4865,411695.24657695
2016-12-07,17.5186,18.1182,17.5186,17.9996,352424.6311302
2016-12-08,18.1502,18.3291,17.6662,18.0569,506834.65796584
2016-12-09,18.09,18.1784,17.8927,17.9665,244777.0845833
2016-12-12,17.9996,18.0569,17.6079,17.7877,234070.67241492
2016-12-13,17.9373,18.1784,17.6954,18.1502,575875.32468975
2016-12-14,18.571,19.2037,18.5389,18.6002,916682.90696064
2016-12-15,18.7207,19.5351,18.4796,19.504,559732.87451219
2016-12-16,19.6527,19.7587,19.3242,19.7431,787238.73100838
2016-12-19,19.7431,20.5274,19.6848,20.4661,666874.16879699
2016-12-20,20.677,21.369,20.5118,21.2776,801036.16308583
2016-12-21,21.2173,21.4331,20.78,21.406,395156.64371463
2016-12-22,21.3417,21.3417,20.9365,21.1542,251782.29881131
2016-12-23,21.1853,21.4331,21.0619,21.406,324680.56661349
2016-12-27,21.3417,21.78,21.1853,21.3417,394846.92434291
2016-12-28,21.4331,21.4331,20.9365,20.9977,224182.28981634
2016-12-29,21.0298,21.3126,20.9365,21.2776,282647.22330944
2016-12-30,21.3729,21.6061,21.1241,21.1542,343070.28293001
2017-01-03,21.4671,21.5284,20.8743,21.2173,319017.12667357
2017-01-04,21.3417,21.8413,21.2776,21.78,290344.93300975
2017-01-05,20.3767,21.3417,20.3116,20.9667,1943215.3520146
2017-01-06,21.0298,21.0619,20.5312,21.0619,5780684.6711126
2017-01-09,21.1241,21.4331,20.9044,21.1853,982598.59783108
2017-01-10,21.2173,21.6246,21.1241,21.3417,663915.88576152
2017-01-11,21.4671,21.4827,21.0298,21.3126,706705.52055464
2017-01-12,21.2173,21.3573,20.6906,20.9977,526372.70258414
2017-01-13,21.1853,21.5284,21.1853,21.406,423133.25500211
2017-01-17,21.4331,21.5877,20.9667,20.9977,515472.84442943
2017-01-18,20.9977,21.5633,20.7499,21.3417,483279.52222737
2017-01-19,21.3729,21.4982,21.0619,21.2776,586345.07421531
2017-01-20,21.3417,21.4671,21.0619,21.1241,528822.67542151
2017-01-23,21.1241,21.2776,20.6547,21.0298,500832.68754987
2017-01-24,21.1542,21.5877,21.0298,21.4671,480100.01106924
2017-01-25,21.7159,21.9958,21.2173,21.4982,381737.8718657
2017-01-26,21.5633,21.5633,21.2504,21.4982,311161.98486738
2017-01-27,21.5877,21.5877,21.1241,21.4331,402786.44152611
2017-01-30,21.2173,21.3126,20.8423,21.2776,416499.49822656
2017-01-31,21.2173,21.406,21.0143,21.2776,1129595.9391059
2017-02-01,21.4982,21.6538,21.3126,21.3729,456737.29234908
2017-02-02,20.9044,21.406,20.9044,21.3417,467147.36172992
2017-02-03,21.6858,21.9094,21.4331,21.8413,698786.58273169
2017-02-06,21.78,21.8413,21.2504,21.78,602298.19427862
2017-02-07,21.8092,21.8734,21.5877,21.8413,635424.79046786
2017-02-08,23.4332,23.4332,22.2932,23.0279,1370842.6344389
2017-02-09,23.1805,24.8977,23.0279,23.4332,1182223.5370649
2017-02-10,23.6208,23.7325,23.3088,23.4643,523005.91924776
2017-02-13,23.5255,23.7763,23.3389,23.6208,820589.64222432
2017-02-14,23.6519,24.0561,23.5877,23.9618,504361.01886417
2017-02-15,23.9007,24.0561,23.5877,23.6519,695277.80180961
2017-02-16,23.5576,23.713,23.4643,23.5576,450898.92784707
2017-02-17,23.5255,23.5255,22.9638,23.4332,729971.51628165
2017-02-21,23.6519,23.8695,23.369,23.4011,297050.71754616
2017-02-22,23.4643,23.5255,23.1523,23.4332,806016.36826555
2017-02-23,23.3389,23.4011,22.6995,23.0901,715457.9224676
2017-02-24,22.715,23.1523,22.6208,23.1523,443586.05218338
2017-02-27,23.0901,23.2738,22.9016,23.2164,512735.7895166
2017-02-28,23.0901,23.1523,22.8704,22.9638,492197.58799031
2017-03-01,23.197,23.7335,23.197,23.7024,549037.78099193
2017-03-02,23.924,23.9532,23.4798,23.7646,685101.30816757
2017-03-03,23.7937,23.9532,23.6547,23.924,499996.13655584
2017-03-06,23.6392,23.9532,23.5439,23.8288,366921.76145604
2017-03-07,23.7646,24.1445,23.6703,23.8608,391170.42163482
2017-03-08,23.9852,24.4886,23.9852,24.0173,306365.96496186
2017-03-09,24.0804,24.1737,23.6703,23.6703,323288.3728928
2017-03-10,23.924,24.0804,23.6703,23.7937,444744.67016527
2017-03-13,23.7937,24.0173,23.6392,23.924,411942.19889991
2017-03-14,23.7335,23.8288,23.3243,23.6703,204828.43047225
2017-03-15,23.7335,24.3001,23.7335,24.2078,284724.70972635
2017-03-16,24.2689,24.5692,24.2078,24.3953,309195.6269958
2017-03-17,24.4886,24.4886,23.8608,23.9532,641134.53396833
2017-03-20,23.9532,24.0464,23.6703,23.8288,541910.11957046
2017-03-21,24.1038,24.1038,23.2592,23.2913,399887.83863535
2017-03-22,23.197,23.2436,22.818,23.0075,296540.34941204
2017-03-23,22.9764,23.4487,22.9453,23.4195,327015.29503349
2017-03-24,23.4798,23.889,23.4195,23.7024,440829.44687832
2017-03-27,23.1649,23.2738,22.7568,23.0405,371723.95516963
2017-03-28,22.8812,23.4195,22.7228,23.3243,186350.22290667
2017-03-29,23.3544,23.4798,23.1348,23.3856,235311.6078378
2017-03-30,23.4195,24.0017,23.2913,23.924,418752.93817359
2017-03-31,23.924,24.3322,23.7937,24.2689,400758.3455738
2017-04-03,24.3001,24.3322,23.197,23.3544,405463.81629423
2017-04-04,23.23,23.6392,23.23,23.4195,336903.67763206
2017-04-05,23.5148,23.7024,22.853,22.9142,395636.14280838
2017-04-06,22.9453,23.4487,22.8676,23.2913,262442.40741915
2017-04-07,23.197,23.3243,22.9142,22.9453,238520.95906829
2017-04-10,23.0075,23.0405,22.473,22.505,361535.11391144
2017-04-11,22.4409,22.9453,22.2825,22.9142,398544.00641124
2017-04-12,22.8812,22.8812,22.2223,22.3476,306882.50690406
2017-04-13,22.2825,22.473,21.8423,21.9696,274748.86484673
2017-04-17,21.9696,22.505,21.9356,22.473,306989.51957734
2017-04-18,22.3476,23.889,22.3476,23.7646,1629884.3025772
2017-04-19,23.924,23.9852,23.5148,23.7646,687472.050468
2017-04-20,23.9532,24.4886,23.6703,24.3953,534862.71765395
2017-04-21,24.2369,24.4254,24.0464,24.2689,441113.44204973
2017-04-24,24.5829,24.993,24.3797,24.5217,615950.54186633
2017-04-25,24.7102,24.9629,24.3633,24.4254,707879.57305672
2017-04-26,24.4254,24.7403,24.2369,24.5217,1634332.5312945
2017-04-27,24.3322,24.4254,23.1513,23.3243,1006426.4100928
2017-04-28,23.3544,23.5439,23.0707,23.1348,622080.10431583
2017-05-01,23.2913,23.6014,22.9764,23.1649,663375.67755504
2017-05-02,23.3243,23.889,23.1348,23.889,332015.05060544
2017-05-03,23.7335,24.2369,23.7335,24.1737,509311.38397154
2017-05-04,24.2369,24.3322,23.576,23.924,221943.25542149
2017-05-05,23.8288,23.9852,23.4487,23.6703,367272.63954825
2017-05-08,23.6529,24.0338,23.4915,24.0017,523412.36161264
2017-05-09,23.9677,24.6373,23.8442,24.2865,512521.76417004
2017-05-10,24.1922,24.5091,24.0639,24.3496,463910.2283631
2017-05-11,24.2233,24.3195,23.715,24.0639,323471.529199
2017-05-12,23.9386,23.9677,23.6529,23.7481,340879.61003175
2017-05-15,23.8442,24.0639,23.8093,23.8442,255410.44002282
2017-05-16,23.8442,24.0338,23.3963,23.715,280631.47497327
2017-05-17,23.2368,23.4594,22.1863,22.2504,420311.82471228
2017-05-18,22.1552,22.7266,22.0279,22.506,590026.72176346
2017-05-19,22.5381,23.0463,22.1863,22.8229,308642.04220517
2017-05-22,22.9842,23.1426,22.887,23.1086,304841.03436758
2017-05-23,23.1426,23.3321,22.887,23.0775,320477.23228309
2017-05-24,23.0775,23.1727,22.7266,23.0463,256227.44062462
2017-05-25,23.2048,23.6529,23.1426,23.3963,484069.76966085
2017-05-26,23.3671,23.4915,23.1426,23.3963,402972.68473635
2017-05-30,23.2709,23.4915,22.8229,22.8569,231023.89813039
2017-05-31,22.8569,23.0463,22.0599,22.3467,385776.57131414
2017-06-01,22.473,23.2709,22.4098,23.1727,297841.99394765
2017-06-02,23.0153,23.3001,22.887,23.0153,209556.53848895
2017-06-05,23.0463,23.6529,23.0463,23.5557,423198.07998689
2017-06-06,23.3671,23.6839,23.1727,23.5235,193758.79259551
2017-06-07,23.4915,23.8093,23.2709,23.3671,190976.46309014
2017-06-08,23.4283,23.6208,23.2368,23.3671,345119.9872106
2017-06-09,23.4594,23.9075,23.3797,23.8093,482419.30496906
2017-06-12,23.9075,24.0338,23.3671,23.6208,479220.24341869
2017-06-13,23.9677,24.6684,23.8734,24.5421,424701.40225292
2017-06-14,24.5091,24.5091,23.6839,24.13,229594.66156125
2017-06-15,24.097,25.9114,23.9075,24.3496,485698.62602439
2017-06-16,24.1922,24.4147,24.0338,24.097,462002.52166822
2017-06-19,24.3195,24.8929,24.2233,24.7665,442379.07270491
2017-06-20,24.7996,24.9629,24.6013,24.8939,285451.16114306
2017-06-21,24.8939,25.0931,24.6013,24.8657,248615.13526933
2017-06-22,24.9288,24.9629,24.5372,24.8939,204449.77024371
2017-06-23,24.9288,24.9288,24.5372,24.8939,439917.78121939
2017-06-26,24.993,25.1903,24.5041,24.8298,242338.43039407
2017-06-27,24.8657,25.2884,24.8657,25.1572,394317.00581656
2017-06-28,25.2233,25.4362,25.059,25.2535,533256.49858668
2017-06-29,25.3215,25.5178,24.8939,25.3526,430803.18256609
2017-06-30,25.3215,25.5178,25.0931,25.3866,489319.5644598
2017-07-03,25.3526,25.647,25.2535,25.4537,97416.517600195
2017-07-05,25.5489,25.647,25.2884,25.5178,232888.38816874
2017-07-06,25.3215,25.9736,25.1903,25.5829,365862.95337134
2017-07-07,25.5489,25.5829,25.2535,25.3866,260835.15938388
2017-07-10,25.3215,25.8764,25.2,25.5489,341379.68848574
2017-07-11,25.3215,25.7462,25.2884,25.7121,299503.77728758
2017-07-12,25.7462,26.1057,25.647,25.9736,322849.00355153
2017-07-13,25.8764,26.1767,25.7121,26.1368,414957.07517607
2017-07-14,25.9415,26.0222,25.7462,25.8103,187642.60673017
2017-07-17,26.0066,26.236,25.8696,26.1709,357450.11090246
2017-07-18,26.0396,26.3001,25.9104,26.2019,191582.52524941
2017-07-19,26.3001,26.4304,26.1368,26.3001,202129.44737589
2017-07-20,26.3662,26.4653,26.1709,26.4002,230815.01762388
2017-07-21,26.5606,26.5606,26.2019,26.3331,251908.86187683
2017-07-24,26.3662,26.7248,26.269,26.5606,786411.44072646
2017-07-25,28.1631,29.307,27.7725,28.6219,1279574.2007123
2017-07-26,27.2476,27.5091,27.0863,27.1174,3929325.2935595
2017-07-27,27.1845,27.3449,26.3331,26.3331,1061076.9591642
2017-07-28,26.3662,26.6617,25.9104,25.9736,902664.24676053
2017-07-31,26.0396,26.7598,25.9736,26.7248,1040422.4842525
2017-08-01,26.8045,26.9046,26.7404,26.8696,533706.15760808
2017-08-02,26.9046,26.9387,26.3439,26.5751,332902.02103208
2017-08-03,26.6053,26.6733,26.1291,26.2768,388992.0963527
2017-08-04,26.443,26.5751,26.2438,26.407,824929.82930036
2017-08-07,26.5402,26.5751,26.1106,26.3439,304669.19670952
2017-08-08,26.407,26.5062,26.0815,26.1106,334744.90274218
2017-08-09,26.0144,26.1466,25.7171,26.1466,463575.81375909
2017-08-10,26.0455,26.0455,25.5207,25.7471,418999.89049655
2017-08-11,25.5518,25.7832,25.3866,25.4196,705402.84705102
2017-08-14,25.7171,25.9473,25.5207,25.8822,423953.34250794
2017-08-15,26.0455,26.1466,25.651,25.8483,331195.99206762
2017-08-16,26.1466,26.1466,25.6189,25.683,262241.75865674
2017-08-17,25.651,25.7171,25.2535,25.3535,364578.80129194
2017-08-18,25.1242,25.4857,24.8929,25.2535,361296.39333258
2017-08-21,25.2884,25.6189,25.2223,25.5858,489900.93138678
2017-08-22,25.6189,25.7832,25.5207,25.5518,347684.17549734
2017-08-23,25.4196,25.6189,25.1708,25.5207,370444.94793029
2017-08-24,25.6189,25.7171,25.3147,25.651,541697.1231919
2017-08-25,25.7471,25.9813,25.683,25.8822,418677.82350868
2017-08-28,25.8822,26.0455,25.8483,26.0144,563624.43153485
2017-08-29,25.7171,25.8483,25.5518,25.5858,297662.9535135
2017-08-30,25.683,25.8483,25.5518,25.8152,257379.88479844
2017-08-31,25.9144,26.0455,25.7471,25.9813,230513.52999626
2017-09-01,26.0455,26.1466,25.8483,26.1466,303390.18947018
2017-09-05,26.1106,26.1466,25.4196,25.5518,400824.19952659
2017-09-06,25.651,25.8822,25.2884,25.5207,324541.65593183
2017-09-07,25.5858,25.683,25.1893,25.3866,445636.78543197
2017-09-08,25.3215,25.651,25.3215,25.5858,256504.23301994
2017-09-11,25.7171,26.1466,25.7171,26.1106,434579.49517137
2017-09-12,26.2117,26.3108,26.0961,26.2438,370109.50435826
2017-09-13,26.1777,26.3108,26.0815,26.2768,308466.08867505
2017-09-14,26.2438,26.5062,26.1777,26.5062,505562.85350258
2017-09-15,26.5062,26.6733,26.443,26.6402,1347053.9229616
2017-09-18,26.7063,26.8696,26.5751,26.8696,355067.02098588
2017-09-19,26.9046,27.2671,26.8221,27.2671,685311.21764208
2017-09-20,27.2331,27.4313,27.134,27.3983,486428.16434513
2017-09-21,27.3983,27.7288,27.3313,27.6286,574004.66084332
2017-09-22,27.6286,27.7288,27.2671,27.7288,275750.05072273
2017-09-25,27.6627,27.8259,27.5285,27.6286,467885.13179476
2017-09-26,27.6938,27.9591,27.6286,27.9591,509304.18119545
2017-09-27,28.0592,28.5529,27.9591,28.5179,810342.14978943
2017-09-28,28.5179,28.618,28.2885,28.5529,626541.70961734
2017-09-29,28.586,28.586,28.3546,28.3877,512644.2113635
2017-10-02,28.3546,28.4207,27.9591,28.4207,387610.19231213
2017-10-03,28.4548,28.4858,28.2953,28.4207,694458.74327178
2017-10-04,28.3877,28.4207,28.1894,28.4207,504794.21439737
2017-10-05,28.4858,28.586,28.3216,28.4207,478273.59284735
2017-10-06,28.3216,28.3877,27.8619,27.8619,312607.68492471
2017-10-09,27.8444,27.8619,27.4664,27.7288,456736.26338107
2017-10-10,27.927,27.9591,27.4964,27.8259,268515.37662797
2017-10-11,27.7608,27.893,27.5645,27.7929,653132.3009922
2017-10-12,27.7929,27.893,27.5645,27.5956,252643.54503764
2017-10-13,27.6627,27.6938,27.3652,27.6286,352394.79105783
2017-10-16,27.5956,27.893,27.5471,27.893,242304.47444966
2017-10-17,27.8619,27.9912,27.7608,27.9591,491393.96397268
2017-10-18,28.0592,28.4548,28.0251,28.3877,448846.13666246
2017-10-19,28.3546,28.5529,28.1894,28.4858,582908.3210541
2017-10-20,28.8162,29.0115,28.5529,28.6501,664001.29010654
2017-10-23,28.6831,28.9815,28.3546,28.3877,399277.66060405
2017-10-24,28.5529,28.8162,28.4548,28.8162,689758.41739141
2017-10-25,28.8813,29.0476,28.5179,29.0476,916070.6709933
2017-10-26,29.6734,30.0019,27.2001,27.4313,1220268.6003532
2017-10-27,27.5285,28.1894,27.2001,28.1894,678610.57794573
2017-10-30,28.0096,28.3546,27.927,28.1894,491499.94767795
2017-10-31,28.3216,28.3546,27.9912,28.1894,557483.55043721
2017-11-01,28.1894,28.3546,28.0251,28.1233,584801.6221968
2017-11-02,28.1563,28.3546,27.9912,28.3546,420294.33225607
2017-11-03,28.3692,28.4372,27.9688,28.0349,484262.18667915
2017-11-06,27.8696,28.6316,27.8017,28.3692,587947.17741052
2017-11-07,28.2691,28.3692,27.7366,27.8356,362564.08192378
2017-11-08,27.6364,29.4304,27.4032,28.7667,1861842.5036628
2017-11-09,28.4664,29.2497,28.3342,29.2002,655126.44100012
2017-11-10,29.2002,29.3673,28.7336,28.9338,437883.51145899
2017-11-13,28.7016,29.5976,28.6316,29.4975,511192.33749809
2017-11-14,29.2983,29.6326,29.1331,29.6326,476838.18247013
2017-11-15,29.3323,29.4975,29.1331,29.3673,516161.22402968
2017-11-16,29.4674,29.6326,29.3673,29.5626,417852.59116279
2017-11-17,29.3974,29.7317,29.2312,29.6987,312662.22022937
2017-11-20,29.7988,30.7317,29.7988,30.5627,389776.16997811
2017-11-21,30.7317,31.2945,30.3625,31.1943,434177.16867855
2017-11-22,31.2274,31.3625,31.1264,31.1943,499780.05327324
2017-11-24,31.2274,31.3926,31.0457,31.1604,136035.74503931
2017-11-27,31.1604,31.3265,30.862,31.2274,914465.48089405
2017-11-28,31.2945,31.3926,30.862,31.2614,714683.1095543
2017-11-29,31.3265,32.1594,31.3265,31.5597,599751.49844808
2017-11-30,31.726,31.9271,31.4956,31.8582,470206.4836306
2017-12-01,31.8241,31.8922,30.9281,31.8582,537638.87335124
2017-12-04,32.2915,32.4908,31.8241,31.8922,314562.72414816
2017-12-05,31.8922,32.3256,31.7619,31.8922,350177.36499124
2017-12-06,31.794,32.1224,31.1264,31.1604,455395.518061
2017-12-07,31.0282,31.6939,30.9621,31.5597,316126.75552692
2017-12-08,31.8241,32.1264,31.5938,32.0243,285627.11467317
2017-12-11,31.9592,32.624,31.6589,31.7619,344293.72589669
2017-12-12,31.794,32.3256,31.794,32.2255,325098.3276265
2017-12-13,32.1594,32.4247,31.9592,32.0243,315215.08986798
2017-12-14,32.0243,32.1264,31.5938,31.6268,424128.26707005
2017-12-15,31.726,32.0924,31.5267,31.9271,572364.48583166
2017-12-18,32.2255,32.5248,31.9767,32.0924,305176.4779396
2017-12-19,32.0924,32.1594,31.6589,31.726,367430.07165413
2017-12-20,31.8922,32.1264,31.794,31.8922,301603.90100076
2017-12-21,32.1264,32.7416,31.794,32.725,368168.870687
2017-12-22,32.8572,32.9408,32.4247,32.9223,449566.41427109
2017-12-26,32.8251,33.5209,32.8251,33.1225,235285.88363749
2017-12-27,33.0564,33.3577,32.4588,32.5589,414338.66540065
2017-12-28,32.5248,32.624,32.2595,32.5909,289395.19553436
2017-12-29,32.624,32.7551,32.2255,32.2595,197629.77025793
2018-01-02,32.3907,32.624,32.0924,32.624,306455.48517894
2018-01-03,32.6569,32.7551,31.9592,31.9592,488342.04484808
2018-01-04,32.0924,32.3907,32.0243,32.2255,292998.64151357
2018-01-05,32.3256,32.4247,32.1594,32.2915,356542.56111557
2018-01-08,32.3907,32.5248,32.1915,32.3256,520152.59094955
2018-01-09,32.3256,32.9573,32.3256,32.7911,480566.13357884
2018-01-10,32.725,32.7911,32.4908,32.5248,278797.85397528
2018-01-11,32.725,33.0243,32.4908,32.9923,258716.51424647
2018-01-12,33.0564,33.5209,32.8572,33.4228,277431.38445489
2018-01-16,33.7212,34.0554,32.9573,33.1906,409816.35098642
2018-01-17,33.3218,34.0554,33.1555,33.8883,246885.44004059
2018-01-18,33.7882,33.7882,33.4899,33.6221,282119.36271911
2018-01-19,33.555,34.3208,33.555,34.3208,241195.24693236
2018-01-22,34.3859,34.4869,34.0215,34.2858,213502.63081628
2018-01-23,34.2858,34.4869,34.0554,34.3859,252537.56133237
2018-01-24,34.4869,34.5871,33.8543,34.0856,233283.51188548
2018-01-25,34.3208,34.6522,34.0554,34.6201,254975.1865536
2018-01-26,34.6882,34.9535,34.3539,34.4869,184169.83968852
2018-01-29,34.4869,34.6882,34.2207,34.554,394182.21100694
2018-01-30,34.2858,34.4869,33.8543,33.8883,327603.86473655
2018-01-31,34.0215,34.4218,33.9214,34.3859,463233.16741099
2018-02-01,34.2858,34.4218,33.7882,34.4218,288385.77791425
2018-02-02,34.1546,34.3539,33.6221,33.8212,353343.49956521
2018-02-05,33.3577,33.8212,32.2255,32.8921,777652.86500543
2018-02-06,32.2255,33.3577,32.1594,32.9573,671828.64977641
2018-02-07,32.7551,33.4558,32.6405,33.0904,369555.91956762
2018-02-08,34.2547,34.8203,33.9214,34.5871,1051021.8837476
2018-02-09,34.9855,35.2187,33.9875,34.6201,1198409.203899
2018-02-12,34.6882,34.9855,34.3539,34.7193,456832.98637423
2018-02-13,34.5871,35.2363,34.4869,35.1536,426305.56338416
2018-02-14,34.9166,36.0176,34.9166,35.7173,394910.72035968
2018-02-15,35.8836,36.1537,35.283,36.1178,574483.13096907
2018-02-16,35.9924,36.7184,35.9583,36.4073,561320.57215522
2018-02-20,36.5443,36.8204,36.5443,36.5443,512827.3676697
2018-02-21,36.5443,36.7854,36.1314,36.2003,612993.28779886
2018-02-22,36.1634,36.3714,35.2343,35.4394,1803809.7367349
2018-02-23,34.8592,35.5084,34.6464,35.3363,1384770.7454538
2018-02-26,35.4394,35.8193,35.2343,35.4744,712553.14576877
2018-02-27,35.4744,35.9924,35.2343,35.2654,734826.18736386
2018-02-28,35.3363,35.7163,35.0264,35.0264,587160.01688108
2018-03-01,35.0943,35.4744,34.6464,35.2343,631210.13748932
2018-03-02,34.7834,35.3363,33.8164,35.3024,777874.09312807
2018-03-05,35.1634,35.6639,34.9564,35.6124,721548.38413263
2018-03-06,35.6804,35.9583,35.0623,35.8534,634208.55027728
2018-03-07,35.5453,36.0264,35.5453,35.9224,348888.06807178
2018-03-08,35.9583,36.1314,35.2343,35.8534,658573.48384146
2018-03-09,35.9924,36.9234,35.8874,36.7514,414936.49581582
2018-03-12,36.7854,37.1314,36.5104,36.5443,414270.75351183
2018-03-13,35.0623,36.4395,34.9214,36.2334,5305841.6576184
2018-03-14,36.3374,36.7854,36.0264,36.3033,1386180.4316308
2018-03-15,36.3033,36.5104,36.0623,36.2334,1127738.6518436
2018-03-16,36.2334,36.9584,36.2334,36.6833,869744.47314177
2018-03-19,36.6114,36.7407,35.8534,36.4744,867136.03923048
2018-03-20,36.5443,37.4414,36.4073,37.3384,592910.91910204
2018-03-21,37.2004,37.6853,36.9934,37.2694,716964.33163766
2018-03-22,37.0984,37.2694,35.0623,35.0943,745799.10224745
2018-03-23,34.9914,35.1634,33.3693,33.3693,1238160.2961517
2018-03-26,33.8164,34.4228,33.6453,34.3713,584302.57271082
2018-03-27,34.5764,34.8194,33.8524,33.9214,1102947.7255223
2018-03-28,33.9583,34.9214,33.7163,34.4034,613502.62696498
2018-03-29,34.4733,35.2343,34.4034,35.0943,471817.84753792
2018-04-02,35.0943,35.3024,34.1984,34.5084,512125.61148528
2018-04-03,34.7144,35.1294,34.5764,35.0264,421877.91402706
2018-04-04,34.4733,35.6124,34.4733,35.3363,489842.28021007
2018-04-05,35.6804,36.1634,35.4394,35.6804,489425.54816507
2018-04-06,35.3714,35.7494,34.6814,34.8524,412357.9019769
2018-04-09,35.0943,35.8379,35.0943,35.1634,301904.35966037
2018-04-10,35.6124,35.9583,35.4744,35.7163,249799.47745153
2018-04-11,35.5084,35.9924,35.3714,35.8874,354314.84536886
2018-04-12,36.2003,36.6833,36.0264,36.4073,402766.89113388
2018-04-13,36.6114,36.6114,35.8193,35.8874,396878.10719927
2018-04-16,36.2003,36.8544,36.0623,36.5443,359780.7234504
2018-04-17,36.7514,37.0789,36.4928,36.9234,536815.69894137
2018-04-18,36.9584,37.1645,36.5794,36.7854,310834.77303945
2018-04-19,36.8204,37.3724,36.8204,37.0984,278222.66085638
2018-04-20,37.2344,37.4414,36.9584,37.2344,277612.48282506
2018-04-23,37.3044,37.7154,37.0984,37.3044,426150.1892143
2018-04-24,38.8214,39.5474,37.7855,38.0293,1049447.5626887
2018-04-25,37.4414,37.5454,36.4395,37.0614,916301.15982806
2018-04-26,36.9934,37.5095,36.7854,37.4414,673732.24059924
2018-04-27,37.4083,37.4774,36.6833,36.9234,507136.14559346
2018-04-30,36.9234,37.4774,36.9234,37.1314,812425.81001442
2018-05-01,37.1314,37.2694,36.7854,37.2004,457713.78299279
2018-05-02,37.214,37.3889,36.866,37.075,522756.90898877
2018-05-03,37.005,37.7359,36.832,37.5978,599607.44292635
2018-05-04,37.5609,38.2947,37.075,38.1888,454102.10526948
2018-05-07,38.2947,38.7816,38.0858,38.3977,522219.78768633
2018-05-08,38.2947,38.9206,38.1537,38.7116,589865.17378553
2018-05-09,38.9206,39.4424,38.7116,39.2685,793829.27112741
2018-05-10,39.3375,39.5814,39.1295,39.4424,495842.19269002
2018-05-11,39.3734,39.5814,39.1295,39.4784,498096.66160505
2018-05-14,39.5474,39.8253,39.2685,39.4784,306788.87081493
2018-05-15,39.4055,40.3472,39.3375,40.1742,793156.32604734
2018-05-16,40.1033,40.9041,40.0683,40.7301,627990.49657871
2018-05-17,40.6941,40.7301,40.1198,40.6941,477644.89339181
2018-05-18,40.6941,40.9401,40.4852,40.7642,301585.37957654
2018-05-21,40.9401,41.183,40.8682,41.0771,324901.79473615
2018-05-22,41.183,41.667,41.1471,41.3919,311757.75734653
2018-05-23,40.9731,41.4969,40.8361,41.4259,387818.04385062
2018-05-24,41.3919,41.6369,41.0421,41.46,331068.4000341
2018-05-25,41.323,41.8099,41.1471,41.7068,477800.26756167
2018-05-29,41.4969,41.5659,40.8682,41.1471,835541.57641161
2018-05-30,41.4969,41.8428,41.1471,41.287,537649.16303136
2018-05-31,41.287,41.7749,40.9401,41.252,394040.21342123
2018-06-01,41.5659,41.7749,41.323,41.5659,332472.94137093
2018-06-04,41.9469,42.7497,41.8798,42.5746,510704.60666025
2018-06-05,42.5047,42.9926,42.2967,42.9236,435265.8168356
2018-06-06,43.0276,43.7954,43.0276,43.7235,385163.30637879
2018-06-07,43.8284,43.9673,43.3755,43.7235,299527.44355186
2018-06-08,43.6894,44.5068,43.6534,44.4192,378982.29552866
2018-06-11,44.5252,44.5252,43.9324,43.9673,375959.18750842
2018-06-12,44.0364,44.3163,43.8284,44.0723,298638.4151892
2018-06-13,44.2443,45.0471,43.9994,44.6622,399663.52360867
2018-06-14,44.6991,45.1511,44.2802,45.0471,399240.6177556
2018-06-15,44.7692,45.9519,44.5602,45.9169,978430.2484131
2018-06-18,45.5689,46.2318,45.499,46.0219,466582.45829114
2018-06-19,45.603,46.0219,45.4299,45.9519,391220.84106742
2018-06-20,46.2318,47.1006,46.2318,46.6137,473196.66467447
2018-06-21,45.256,45.5689,42.3657,42.5397,1322644.7437728
2018-06-22,42.6806,43.0626,41.8944,42.1228,1974151.2753056
2018-06-25,41.9129,42.0188,40.9041,41.5659,591506.3777652
2018-06-26,41.6,42.2637,41.252,41.9828,391458.53267828
2018-06-27,41.8428,42.1228,41.009,41.0771,604769.77544425
2018-06-28,41.0771,41.355,40.9401,41.0771,497242.61815481
2018-06-29,41.355,41.355,40.5571,40.8361,640005.7560588
2018-07-02,40.5571,41.183,40.4182,41.183,361704.89363348
2018-07-03,41.252,41.667,40.8011,41.183,224697.80279052
2018-07-05,41.4969,41.4969,40.6863,41.287,322952.92932077
2018-07-06,40.9731,41.667,40.6941,41.6369,316658.7319893
2018-07-09,41.7399,42.0538,41.4969,41.9129,341634.8725528
2018-07-10,41.9469,42.0538,41.252,41.252,558023.75864369
2018-07-11,41.1471,42.0188,40.7642,41.4259,386636.78857245
2018-07-12,41.4259,41.46,40.6252,41.323,308223.25222414
2018-07-13,41.3919,41.5299,40.9041,41.0421,289995.08388556
2018-07-16,41.113,41.7749,41.113,41.5299,209739.69479514
2018-07-17,41.46,41.9129,41.287,41.5659,413660.57548052
2018-07-18,41.6369,42.5746,41.3919,42.4726,307621.30593692
2018-07-19,42.4726,42.5397,41.667,41.9129,337922.35596429
2018-07-20,41.9129,42.7836,41.8099,42.7836,467556.89099883
2018-07-23,42.6864,43.7954,42.3657,43.5504,693725.08907898
2018-07-24,45.5689,45.9081,43.3755,44.3513,1055010.1637634
2018-07-25,44.4192,44.5942,43.427,44.3513,420299.47709613
2018-07-26,44.4553,44.9431,43.8459,44.1063,411600.58151981
2018-07-27,44.2123,44.4873,43.0985,43.7574,354554.59491573
2018-07-30,44.0023,44.3163,42.7836,42.9576,456127.11431776
2018-07-31,43.1676,44.4553,42.8546,44.2802,360563.76810779
2018-08-01,44.2958,45.1501,43.9723,44.3678,317495.28298332
2018-08-02,42.7856,43.325,42.463,43.0373,2593238.1116735
2018-08-03,43.0373,43.291,42.3745,42.6427,1015390.7794163
2018-08-06,42.6796,43.1636,42.463,42.9294,1658288.9645578
2018-08-07,43.0023,43.3609,42.4979,42.4979,946461.24123774
2018-08-08,42.5698,42.5698,41.9964,41.9964,502892.68151056
2018-08-09,42.0315,42.32,41.7088,41.7787,518764.5131009
2018-08-10,41.493,41.6388,40.9187,41.458,478986.66767989
2018-08-13,41.4211,41.8516,40.9916,41.0956,323808.00173903
2018-08-14,41.1694,42.1053,41.0625,41.7787,882738.28120159
2018-08-15,41.5649,41.8895,40.9916,41.2054,841717.44242168
2018-08-16,41.3861,42.0674,41.2054,41.7457,552931.39595062
2018-08-17,41.5649,41.9586,41.3676,41.7088,371429.67031809
2018-08-20,41.8516,42.1373,41.6388,41.7457,505784.08162524
2018-08-21,41.7088,42.463,41.458,42.1053,378571.73729175
2018-08-22,41.9255,42.5698,41.9255,42.463,370917.24424796
2018-08-23,42.357,42.4444,41.4211,41.6388,438693.30928471
2018-08-24,41.8176,42.3016,41.7088,42.0674,632541.62209729
2018-08-27,42.0674,42.6796,42.0674,42.4979,447831.57420229
2018-08-28,42.6427,42.7137,42.0858,42.1753,281874.46833217
2018-08-29,42.2472,42.2472,41.7088,41.7457,417598.43606374
2018-08-30,41.6,41.9964,41.493,41.6709,340131.55028677
2018-08-31,41.528,41.8176,41.3133,41.7088,358067.49170986
2018-09-04,41.5649,41.8176,41.1869,41.6709,603221.17858568
2018-09-05,41.3133,41.5144,40.6679,41.1694,538237.73273441
2018-09-06,41.1325,41.1325,40.1636,40.8468,613205.25520941
2018-09-07,40.7739,40.8837,40.2355,40.7019,406741.79456555
2018-09-10,40.8837,40.9605,40.1636,40.4512,459952.81738765
2018-09-11,40.3083,40.9187,40.1985,40.7739,223377.63683069
2018-09-12,40.632,40.6679,39.5027,39.662,499020.67488014
2018-09-13,39.7321,39.9847,39.5163,39.6971,329437.48573453
2018-09-14,39.77,40.4512,39.77,40.2355,210041.18242276
2018-09-17,40.3083,40.5581,39.9361,40.2714,468953.20059157
2018-09-18,40.2714,40.4172,39.662,39.804,358817.60939086
2018-09-19,39.77,40.3433,39.7321,40.0198,274336.24867377
2018-09-20,40.1985,40.9187,40.0926,40.8837,319125.16831487
2018-09-21,40.9546,41.2783,40.595,41.1325,896677.71086474
2018-09-24,41.0256,41.2783,40.3083,40.9546,344760.87737429
2018-09-25,40.9916,41.458,40.6679,41.0625,290108.2703669
2018-09-26,41.1694,41.4211,40.0567,40.0926,354184.16643129
2018-09-27,40.2714,40.5241,39.6971,39.77,406350.78672086
2018-09-28,39.5883,39.9478,39.0857,39.3744,528305.10451131
2018-10-01,39.5659,40.5241,39.5163,39.9633,478182.01469425
2018-10-02,39.8555,39.8555,38.698,39.0284,346952.57924057
2018-10-03,39.2082,39.9478,38.835,39.7039,431206.53802692
2018-10-04,39.6971,39.9633,38.7922,38.8418,422841.02808661
2018-10-05,38.9429,39.18,38.4045,38.7397,341147.14171496
2018-10-08,38.5037,38.7281,37.5327,38.1081,382226.63167157
2018-10-09,37.9866,38.5114,37.936,38.316,415846.10353873
2018-10-10,38.4394,38.4618,37.2616,37.2889,838870.28793153
2018-10-11,37.0595,37.6416,35.8748,35.9535,839715.07066967
2018-10-12,36.7154,36.7368,35.6949,36.3918,464197.31043854
2018-10-15,36.3568,36.832,36.1206,36.5133,347455.7445986
2018-10-16,36.7009,37.3685,36.4171,37.2966,615034.76033535
2018-10-17,37.3267,37.936,36.6493,37.8272,318275.24073668
2018-10-18,37.6785,38.0089,36.8787,37.0177,362687.55808526
2018-10-19,36.9808,37.2684,36.3481,36.5065,318128.09831092
2018-10-22,36.6581,37.1323,36.3131,36.3694,550742.78098838
2018-10-23,32.3392,32.3965,29.3284,30.2916,2968686.9310477
2018-10-24,30.2916,30.8668,29.1049,29.1351,1306628.8566607
2018-10-25,29.3362,29.445,28.8619,29.2429,1052716.5940639
2018-10-26,29.0622,29.6385,28.8026,29.0427,1062921.8988103
2018-10-29,29.3517,29.6093,28.1855,28.4887,808185.43283557
2018-10-30,28.618,28.9542,28.5023,28.8483,1299509.4269834
2018-10-31,29.2691,29.6569,28.9134,29.342,1126820.8123765
2018-11-01,29.4674,30.2225,29.3051,29.896,948937.96724343
2018-11-02,30.0116,30.6861,30.0116,30.3517,782119.61514699
2018-11-05,30.3585,30.6783,29.445,29.9815,730931.54343716
2018-11-06,30.2419,31.5957,30.1127,31.5228,697032.19227065
2018-11-07,31.8873,31.9145,31.0515,31.3994,570236.57998214
2018-11-08,31.2614,31.5802,30.9854,31.4577,357698.09219343
2018-11-09,31.3994,31.3994,30.2419,30.827,483278.49325936
2018-11-12,30.8173,30.9854,29.7123,29.7852,502597.36769103
2018-11-13,29.8299,30.1866,29.1146,29.3993,691589.98045338
2018-11-14,29.6754,30.2614,29.0369,29.1894,544238.67418238
2018-11-15,29.0505,30.1496,28.8483,30.1341,487815.21322577
2018-11-16,29.8795,30.1418,29.5646,29.896,334076.07353416
2018-11-19,29.8221,30.0767,28.8795,29.3779,591264.5702823
2018-11-20,28.9718,29.0505,28.1719,28.4353,764794.88072324
2018-11-21,28.7677,29.7171,28.4712,29.1146,485857.08709828
2018-11-23,28.963,29.2759,28.79,28.9416,215510.14740835
2018-11-26,29.2691,29.6608,29.0952,29.342,620633.37529049
2018-11-27,29.1535,29.2439,28.4985,28.5704,417429.68530972
2018-11-28,28.5868,29.3643,28.1933,29.3187,972329.49706794
2018-11-29,29.1603,29.5811,29.0291,29.1603,369303.8224046
2018-11-30,29.0077,29.48,28.8649,29.3847,445650.16201613
2018-12-03,30.0388,30.6365,29.8085,30.3517,532397.31029638
2018-12-04,30.2954,30.3207,27.9387,28.1573,725813.45654378
2018-12-06,27.6967,28.3526,27.3507,28.3458,788818.19690732
2018-12-07,28.7958,29.3779,28.0397,28.1194,760462.92539129
2018-12-10,28.1194,28.4557,27.4372,27.9095,545112.26802486
2018-12-11,28.4353,28.55,27.2408,27.6248,480409.73044095
2018-12-12,28.135,28.2934,27.5762,27.5888,734966.12701354
2018-12-13,27.6967,27.8133,26.6072,26.7822,629909.52192173
2018-12-14,26.6005,27.4527,26.3982,26.5276,458778.76488556
2018-12-17,26.3982,26.7987,26.0766,26.268,725804.19583167
2018-12-18,26.4935,27.0737,26.1874,26.237,517702.61811216
2018-12-19,26.2292,26.3254,24.9075,25.097,597613.30291843
2018-12-20,24.8492,25.1864,24.2671,24.5722,718530.42095244
2018-12-21,24.579,24.9288,24.1485,24.3399,1222963.4675775
2018-12-24,24.0047,24.7831,23.7452,23.9618,267917.54621281
2018-12-26,24.1076,25.3166,23.8967,25.27,596117.18342849
2018-12-27,24.6597,24.9444,24.0289,24.6665,1486207.4410783
2018-12-28,24.7471,25.1475,24.3477,24.9853,1327340.9537811
2018-12-31,25.0085,25.2321,24.4186,24.993,602737.56361988
2019-01-02,24.6373,25.8084,24.6169,25.7802,514468.57164938
2019-01-03,25.6276,25.8531,25.1125,25.1339,704699.03293058
2019-01-04,25.6792,26.4789,25.5226,26.3254,884147.96737849
2019-01-07,25.96,26.4858,25.3429,26.0785,686239.34678922
2019-01-08,25.9687,26.5723,25.8958,26.4547,838554.39475174
2019-01-09,26.5791,27.1252,26.2292,26.9649,888798.90279426
2019-01-10,26.7987,27.5762,26.5869,27.5539,490178.7527501
2019-01-11,27.3876,27.9688,27.1534,27.6637,491232.41599475
2019-01-14,27.5461,28.1641,27.5169,28.0485,609844.64568111
2019-01-15,28.098,28.8182,27.8813,28.8026,778685.94888982
2019-01-16,28.9494,30.1049,28.8376,30.0622,1515653.4186874
2019-01-17,29.8795,30.4675,29.7357,30.3761,971337.57190405
2019-01-18,30.7095,31.624,30.3964,31.3265,1134095.6162238
2019-01-22,31.0058,31.2041,30.0184,30.4168,1195932.4778933
2019-01-23,30.6588,30.7754,30.1049,30.6434,447022.80534459
2019-01-24,30.5636,31.276,30.3673,31.2692,630361.23887914
2019-01-25,31.624,31.865,31.2896,31.8436,554101.33258065
2019-01-28,31.8153,32.3081,31.3051,32.1623,953172.17061421
2019-01-29,32.0778,32.0778,30.827,30.9125,669286.06981792
2019-01-30,31.2614,32.0914,31.1691,31.9748,540426.34769666
2019-01-31,31.7192,31.9816,31.5267,31.8075,756567.25249657
2019-02-01,31.8776,32.4616,31.8075,32.3149,519951.94218714
2019-02-04,32.2779,32.5199,31.8075,32.5034,630187.34328505
2019-02-05,32.5267,32.6561,31.7484,32.2779,766799.31041127
2019-02-06,32.2935,32.4247,31.6977,32.1108,829292.65367268
2019-02-07,34.038,35.3976,33.3985,34.1984,1464631.0108275
2019-02-08,34.3451,34.3577,33.0351,33.6094,744876.11794037
2019-02-11,33.6687,33.7843,33.3703,33.6823,465528.79504651
2019-02-12,33.7775,34.4102,33.7775,34.2421,477662.38584802
2019-02-13,34.6872,34.6872,33.899,34.1682,498895.14078263
2019-02-14,33.9438,34.0273,33.4209,33.5656,708680.11017032
2019-02-15,33.9962,34.6007,33.8134,34.3286,539921.12440261
2019-02-19,34.2897,34.3888,33.9466,34.177,632027.13809112
2019-02-20,34.2469,34.6911,34.0234,34.662,370636.33598058
2019-02-21,34.6688,34.7357,33.9661,34.0039,538991.96628746
2019-02-22,31.3732,33.9661,30.8601,33.8465,2035428.3783764
2019-02-25,33.9661,34.5326,33.7629,33.8757,1126132.4327763
2019-02-26,33.7561,34.2227,33.7465,33.7785,689917.90743333
2019-02-27,33.9282,34.5706,33.5511,34.1556,714601.82108133
2019-02-28,34.0039,34.4801,33.5511,33.7105,1016248.9387386
2019-03-01,33.9126,34.3461,33.9068,34.2693,655531.85439698
2019-03-04,34.5025,34.6688,33.9282,34.1011,614106.63118822
2019-03-05,34.0506,34.0506,33.6716,33.8368,449058.104073
2019-03-06,33.7853,34.0107,33.1663,33.21,350838.99142318
2019-03-07,33.2789,33.2789,32.587,32.863,540749.44365254
2019-03-08,32.5832,32.9067,32.5005,32.8863,249261.32718108
2019-03-11,33.1118,33.2479,32.865,33.2479,355195.64198742
2019-03-12,33.2479,33.4462,32.9612,33.2032,405041.93940917
2019-03-13,33.2567,33.5287,33.0671,33.1429,390400.75356159
2019-03-14,32.9067,33.1663,32.2721,32.4033,780410.49927849
2019-03-15,32.379,32.6667,31.6851,31.8728,996558.6068545
2019-03-18,32.0098,32.8698,31.9524,32.4772,720325.97013397
2019-03-19,32.8552,33.0972,32.2877,32.3353,646892.63896539
2019-03-20,32.2877,32.4772,31.623,31.6618,337556.0433519
2019-03-21,31.414,32.1691,31.2935,31.8514,416313.25501633
2019-03-22,31.6172,31.6172,30.2031,30.4305,743783.35391127
2019-03-25,30.4898,30.8299,30.2031,30.5724,774449.68758301
2019-03-26,30.8766,32.1302,30.7103,32.0623,1031607.3152908
2019-03-27,32.0175,32.6959,31.7823,32.3266,781407.56928246
2019-03-28,32.379,32.5763,31.3237,31.7979,566229.77854209
2019-03-29,32.07,32.2663,31.1564,31.4413,872342.61737292
2019-04-01,31.8261,32.8474,31.7872,32.6356,388781.15791017
2019-04-02,32.5229,32.6755,32.1147,32.5005,282262.38927282
2019-04-03,32.7805,33.0525,31.8212,31.8728,425787.99247395
2019-04-04,31.7357,31.9329,31.5715,31.6919,801901.52518421
2019-04-05,31.8795,32.1147,31.382,31.4353,499608.21561518
2019-04-08,30.8299,30.8688,29.069,29.8561,1493576.9099826
2019-04-09,29.6666,29.8338,29.4266,29.4839,612598.16408213
2019-04-10,29.516,29.6151,29.2808,29.4645,440960.12581588
2019-04-11,28.5344,28.8512,27.996,28.2613,1835732.4403497
2019-04-12,28.6763,29.0175,28.308,29.0019,1011528.033498
2019-04-15,29.0932,29.2603,28.6763,28.9562,618617.62695431
2019-04-16,29.0087,29.653,29.0019,29.6297,561140.50275306
2019-04-17,29.7794,29.9708,29.4917,29.8697,591527.98609347
2019-04-18,29.8853,30.173,29.7794,30.1564,543398.0073163
2019-04-22,30.0893,30.3236,30.067,30.1428,641354.73312297
2019-04-23,30.1428,30.7259,30.0592,30.6783,646412.11090362
2019-04-24,30.6249,31.141,30.241,30.4052,532941.63437491
2019-04-25,30.4743,30.9815,29.9533,30.9815,1090329.490787
2019-04-26,31.0885,31.2235,30.657,31.2157,677192.66002473
2019-04-29,31.3878,31.9942,31.102,31.9563,734304.50058161
2019-04-30,31.8436,32.0292,30.1496,30.9446,1406378.044745
2019-05-01,30.9815,31.345,28.3955,28.9338,2505517.5596536
2019-05-02,28.7813,29.0592,28.3381,28.444,1068285.9090586
2019-05-03,28.5704,28.9572,28.3887,28.548,996418.66720481
2019-05-06,28.1709,28.2721,27.7705,27.9202,1087989.6175269
2019-05-07,27.5878,27.7482,26.998,27.2166,823390.4931539
2019-05-08,27.1661,27.5208,27.0358,27.0757,709664.83255813
2019-05-09,26.7666,27.2671,26.1622,27.2195,823212.48168777
2019-05-10,26.892,27.0057,26.2467,26.8998,836565.3995839
2019-05-13,26.3381,26.3381,25.2136,25.4887,1502204.8067661
2019-05-14,25.5412,25.7335,25.2427,25.3585,621501.8242929
2019-05-15,24.7918,25.3653,24.5537,25.2884,691338.91225837
2019-05-16,25.3137,26.1554,25.2058,25.9959,991827.41193376
2019-05-17,25.6325,25.9541,25.2573,25.4109,746173.64660393
2019-05-20,25.1514,25.6656,25.062,25.6043,666748.63469949
2019-05-21,25.166,26.3623,25.166,26.0465,962933.99014727
2019-05-22,25.9629,26.1699,25.6578,25.8171,551607.11411874
2019-05-23,25.5198,25.5489,24.9065,25.0377,740115.08294728
2019-05-24,25.2058,25.5576,25.0814,25.4517,654530.66852098
2019-05-28,25.4799,26.0863,25.2204,25.2204,717998.44449006
2019-05-29,24.9813,25.4158,24.7365,25.1971,586764.89316434
2019-05-30,25.2136,25.3973,24.8909,24.9211,344917.28051216
2019-05-31,24.6159,24.8977,24.2447,24.3535,859736.73025376
2019-06-03,24.3467,24.7918,24.2942,24.7073,494689.7485162
2019-06-04,25.0659,25.5266,25.0659,25.3429,525178.07072181
2019-06-05,25.2427,25.4964,24.9328,25.0222,488785.53006139
2019-06-06,24.9609,25.1893,24.4915,25.0144,893749.26790163
2019-06-07,25.0222,25.5955,25.0222,25.3827,551477.46414918
2019-06-10,25.512,25.7335,24.9881,25.0377,719577.91038901
2019-06-11,25.2972,25.5576,25.166,25.4964,544969.24147114
2019-06-12,25.4352,25.8035,25.3137,25.787,675574.09334132
2019-06-13,25.8715,26.1087,25.649,25.7189,457525.48184653
2019-06-14,25.6043,25.649,25.0474,25.2505,426454.76374594
2019-06-17,25.3205,25.7646,25.2622,25.4031,606527.25280933
2019-06-18,25.4887,26.3691,25.4887,26.1933,683871.69139282
2019-06-19,26.4012,26.7598,26.2233,26.2866,659308.16700226
2019-06-20,26.5547,26.8667,26.2866,26.8065,755434.35871499
2019-06-21,26.6529,27.167,26.6529,27.0669,1009775.700973
2019-06-24,26.9668,27.0134,26.3089,26.3856,853363.30238533
2019-06-25,26.4625,26.5693,25.7559,25.8035,620994.54306282
2019-06-26,25.9629,26.4858,25.7335,26.1476,594086.00057214
2019-06-27,26.27,26.7754,26.27,26.4527,618861.49237324
2019-06-28,26.5927,27.098,26.3468,26.7832,1795904.1754961
2019-07-01,27.1913,27.2428,26.2943,26.4702,442567.37385116
2019-07-02,26.4381,26.4381,25.8327,25.9717,414837.71488664
2019-07-03,26.1699,26.6266,26.165,26.5693,212061.04663098
2019-07-05,26.5927,27.0591,26.2311,26.2632,378771.35708613
2019-07-08,25.9172,26.0174,25.5917,25.8638,874268.84549202
2019-07-09,25.6267,26.0396,25.6218,25.9172,785350.57470573
2019-07-10,25.9473,26.2943,25.5489,25.6043,792451.48295889
2019-07-11,25.4799,25.7724,24.7675,25.7413,807678.15160548
2019-07-12,25.8171,26.4381,25.8171,26.3536,563106.86062464
2019-07-15,26.3691,26.7131,26.1933,26.5927,725254.72691308
2019-07-16,26.7131,27.0825,26.4935,27.0212,478500.99477806
2019-07-17,27.0057,27.2156,26.8375,27.1282,642272.57258997
2019-07-18,27.0669,27.4732,27.0057,27.374,558433.2879126
2019-07-19,27.374,27.6743,27.374,27.5587,727782.9013194
2019-07-22,27.5499,27.6199,26.9153,26.9211,1123141.2227644
2019-07-23,26.96,27.2195,26.478,26.9279,608517.27694519
2019-07-24,26.8998,27.5801,26.8998,27.5334,535187.87154585
2019-07-25,27.3964,27.6248,27.0523,27.0757,425059.48312121
2019-07-26,27.1515,27.4586,26.998,27.3915,304358.44836979
2019-07-29,27.3915,27.6938,27.1165,27.4955,436624.05461189
2019-07-30,27.3051,28.101,27.2506,28.101,499621.59219934
2019-07-31,27.5869,28.1631,26.8221,27.9261,775442.64171492
2019-08-01,27.6578,27.7346,26.3089,26.4381,681911.50732932
2019-08-02,26.4381,26.4858,25.8638,26.407,858741.71818583
2019-08-05,25.8103,26.0018,25.029,25.4887,815616.63982068
2019-08-06,25.6869,25.9717,25.5489,25.8579,584468.23656081
2019-08-07,25.3653,25.787,25.0445,25.6043,743025.00448617
2019-08-08,25.8142,26.5286,25.8142,26.4498,420311.82471228
2019-08-09,26.3273,26.3273,25.6976,25.7131,319351.54127759
2019-08-12,25.44,25.44,24.4284,24.6927,363721.67093767
2019-08-13,24.6315,25.7131,24.6315,25.4614,505006.18180791
2019-08-14,24.8326,25.1758,24.6383,24.6995,261857.95358813
2019-08-15,24.8569,25.0125,24.5061,24.546,240914.33866499
2019-08-16,24.7393,25.1145,24.7393,24.8492,350752.55811014
2019-08-19,25.3535,25.4012,25.0017,25.1145,292987.32286543
2019-08-20,25.5722,26.1359,25.2155,25.7822,631385.06205142
2019-08-21,26.132,26.273,25.7744,26.063,306018.1737737
2019-08-22,26.063,26.273,25.8998,25.9775,531729.51005637
2019-08-23,25.9221,25.9853,25.5412,25.6976,1318619.4209086
2019-08-26,25.9464,25.9522,25.4751,25.6733,392186.013063
2019-08-27,25.7986,25.8395,25.1291,25.3176,583198.49003357
2019-08-28,25.2301,25.9144,25.0212,25.7986,444501.83371436
2019-08-29,26.0533,26.2943,25.9853,26.2243,410421.38417767
2019-08-30,26.4206,26.4799,26.0533,26.0863,377500.58159089
2019-09-03,25.7986,25.8064,25.1592,25.5955,630051.51950743
2019-09-04,25.9298,26.2943,25.8288,26.1408,406965.08062422
2019-09-05,26.4498,26.5975,25.8142,25.9386,859966.19012051
2019-09-06,26.0795,26.2019,25.7083,25.8288,406524.68231494
2019-09-09,26.031,26.5761,25.9386,26.3808,703950.97318561
2019-09-10,26.512,26.9114,26.3419,26.7482,682216.08186097
2019-09-11,26.9027,27.135,26.5441,27.1126,553983.00125923
2019-09-12,27.0407,27.5091,26.7861,27.0659,599457.21359655
2019-09-13,27.3458,27.3866,26.8084,26.8628,636101.85141998
2019-09-16,26.8084,27.0903,26.6053,26.7628,676107.09877171
2019-09-17,26.7151,26.9736,26.1087,26.9202,657304.76628224
2019-09-18,26.8872,27.0407,26.512,26.9251,412154.16631045
2019-09-19,26.8483,27.0349,26.5382,26.614,566697.95898771
2019-09-20,26.6539,27.0407,26.5198,26.6306,742372.63876635
2019-09-23,26.4498,26.5693,25.2758,25.7908,786260.18242865
2019-09-24,25.7986,25.9649,24.8715,24.9512,762414.87771069
2019-09-25,24.9512,25.5955,24.9512,25.4488,635314.69089054
2019-09-26,25.3535,25.8142,25.3205,25.4012,926913.93590732
2019-09-27,25.65,25.8365,25.0941,25.3302,488737.16856482
2019-09-30,25.44,25.6373,25.2525,25.5566,504633.69538745
2019-10-01,25.6664,25.6664,24.8094,24.9512,370639.42288462
2019-10-02,24.6927,24.7248,23.924,23.9618,514349.21135995
2019-10-03,23.7841,24.0396,23.2767,23.3321,786632.66884911
2019-10-04,23.3321,24.0007,23.0659,23.9852,1056165.6948412
2019-10-07,23.9171,24.235,23.6703,23.7597,936876.40420279
2019-10-08,23.4478,23.6314,22.9968,23.4254,716652.55432993
2019-10-09,23.5731,23.611,23.2709,23.3632,309358.20394175
2019-10-10,23.5129,23.9454,23.4876,23.4954,410316.42944042
2019-10-11,24.0007,24.9182,24.0007,24.6237,776056.93561829
2019-10-14,24.3827,24.959,24.2048,24.7782,412759.19950171
2019-10-15,24.8171,25.1397,24.7393,25.059,440795.49093391
2019-10-16,25.0902,25.2924,24.6995,24.7092,489723.94888866
2019-10-17,24.9871,25.1106,24.8443,24.9959,302320.06273735
2019-10-18,24.8657,25.339,24.8404,25.2758,649620.43316609
2019-10-21,25.5412,25.8171,25.3866,25.4488,286240.37960853
2019-10-22,25.409,25.409,24.8248,24.8949,504746.88186881
2019-10-23,24.9794,24.9794,24.062,24.7316,729820.25798383
2019-10-24,24.9338,25.0037,24.0163,24.3739,392401.06737758
2019-10-25,24.3418,24.6179,24.2116,24.5227,382422.13559391
2019-10-28,24.6315,25.0902,24.5692,24.9338,532818.15821342
2019-10-29,24.9104,25.0368,24.7248,24.9745,531375.54506013
2019-10-30,24.9182,24.9338,24.2739,24.8094,385420.54838187
2019-10-31,27.168,28.3809,26.6053,27.7569,2316411.7604098
2019-11-01,26.9892,27.5723,25.65,27.3702,1671806.5173359
2019-11-04,27.3381,27.9057,27.2282,27.5169,836365.7797895
2019-11-05,27.6423,28.4285,27.5723,27.961,597648.28783085
2019-11-06,27.7356,27.9912,27.1748,27.2214,549709.69710399
2019-11-07,27.6004,27.8055,27.41,27.7521,456535.61461867
2019-11-08,27.5771,27.9329,27.5771,27.7521,420623.60202002
2019-11-11,27.6801,27.9718,27.4751,27.789,337417.13267022
2019-11-12,27.6228,28.1845,27.4586,27.789,710799.78427574
2019-11-13,27.4751,27.5771,26.5683,26.8444,398674.68534881
2019-11-14,26.6374,26.8366,26.3633,26.4557,361667.85078503
2019-11-15,26.6539,26.8822,26.4964,26.6131,289533.07724801
2019-11-18,26.5032,26.8103,26.3526,26.4401,495075.61152083
2019-11-19,26.6053,27.1194,26.5421,26.7802,485885.89820262
2019-11-20,26.4887,26.72,25.892,26.2584,415882.11741916
2019-11-21,26.3856,26.4119,25.8483,25.8793,289115.316235
2019-11-22,26.0144,26.2428,25.785,26.1884,295545.33734411
2019-11-25,26.2972,26.6131,25.9979,26.3924,374906.55323179
2019-11-26,26.3313,26.5751,26.132,26.2253,310864.61311181
2019-11-27,26.4022,26.5606,26.1135,26.2972,232978.93735383
2019-11-29,26.0863,26.2904,25.9745,26.0144,139298.60260644
2019-12-02,26.0523,26.1884,25.7773,26.029,438707.71483687
2019-12-03,25.8958,25.8958,25.2545,25.785,388131.87909439
2019-12-04,25.7928,26.3924,25.7928,26.1242,416584.90257158
2019-12-05,26.3361,26.3779,26.029,26.3458,405376.35401318
2019-12-06,26.5353,27.373,26.5353,27.2282,637822.28593661
2019-12-09,27.1194,27.2408,26.7958,26.9862,633350.39095499
2019-12-10,26.961,27.1029,25.2272,25.406,1161700.7700589
2019-12-11,25.1766,25.4507,24.6091,24.854,683684.41921458
2019-12-12,24.8074,25.651,24.7665,25.1155,479038.11608051
2019-12-13,24.9328,25.2175,24.5615,24.6179,395172.0782348
2019-12-16,24.9084,25.3915,24.822,24.925,485115.20116138
2019-12-17,24.822,25.2399,24.7277,25.2175,605360.40308333
2019-12-18,25.406,25.6199,25.1155,25.1932,692802.10477192
2019-12-19,25.3128,25.6043,25.131,25.4857,741166.68825589
2019-12-20,25.5887,26.0066,25.443,25.8483,1193830.2962441
2019-12-23,25.8871,26.0446,25.6752,25.9046,687503.94847638
2019-12-24,25.8483,26.1718,25.7812,25.8871,288248.92516861
2019-12-26,25.9823,26.4469,25.8609,26.4255,532734.81180443
2019-12-27,26.5751,26.6462,25.7229,25.8793,449316.37504409
2019-12-30,25.8871,26.0931,25.3759,25.7773,589978.36026687
2019-12-31,25.6752,25.8395,25.1689,25.1932,547546.80634205
2020-01-02,25.3254,25.6043,25.1378,25.5887,641780.72588008
2020-01-03,25.2797,25.4381,24.6091,24.9328,641434.99262794
2020-01-06,24.5382,25.1155,24.4186,24.9084,627351.50744305
2020-01-07,24.6723,25.4459,24.6335,25.2263,841351.12980928
2020-01-08,25.2263,25.5246,24.8958,25.406,896892.76517932
2020-01-09,25.5722,25.7773,25.1893,25.2495,690104.15064357
2020-01-10,25.2545,25.4138,24.8627,24.9328,612530.25219331
2020-01-13,24.9328,25.6276,24.648,25.5887,889494.48517061
2020-01-14,25.7151,26.1242,25.6043,25.8317,557622.46111887
2020-01-15,25.7054,26.4168,25.581,26.4022,775541.4226441
2020-01-16,26.6927,27.8221,26.5975,27.5625,1037748.1963884
2020-01-17,27.7112,27.9854,27.5539,27.616,698202.12890067
2020-01-21,27.3556,27.892,27.2214,27.616,655064.70291938
2020-01-22,27.8774,27.8774,27.5217,27.7434,432924.91460753
2020-01-23,27.5684,27.8696,27.3478,27.8133,453115.32494565
2020-01-24,27.8221,27.8774,27.512,27.8619,766710.81916221
2020-01-27,27.5849,27.8464,27.339,27.6569,860229.60593166
2020-01-28,27.7822,28.2088,27.6452,28.1447,438029.62491675
2020-01-29,28.2234,28.722,28.2234,28.5004,916176.65469857
2020-01-30,28.2312,28.8785,28.0952,28.7842,824255.85525228
2020-01-31,28.6112,28.6734,28.0699,28.4129,733262.1559851
2020-02-03,28.5082,28.8863,28.4217,28.6588,689446.64008368
2020-02-04,29.1233,29.5636,29.0281,29.0854,542988.47804738
2020-02-05,29.5724,30.276,29.3595,30.0865,967494.37637796
2020-02-06,30.8766,32.5724,30.7357,31.5316,2128753.7191595
2020-02-07,31.1749,31.31,30.3236,30.8766,1268948.0480489
2020-02-10,30.6239,31.4665,30.4966,30.8844,938175.99080239
2020-02-11,30.8844,31.3421,30.6939,30.8766,795693.76116577
2020-02-12,30.8601,31.104,30.3343,30.4344,563692.34342366
2020-02-13,30.2439,30.4966,29.8114,29.9446,534331.77015958
2020-02-14,29.4412,29.6413,28.8795,29.1846,640888.61061338
2020-02-18,29.1846,29.6131,29.0806,29.5121,641351.64621893
2020-02-19,29.689,30.3625,29.5452,30.2876,973511.78131412
2020-02-20,30.241,30.9048,29.8474,29.8979,2398684.9557725
2020-02-21,29.4003,29.792,28.6403,29.2487,1618529.6405611
2020-02-24,27.8162,28.3372,27.7045,28.2011,833067.93730995
2020-02-25,28.2088,28.5606,27.0339,27.7452,1094751.995304
2020-02-26,26.4653,28.1845,26.4653,27.3692,1028892.8976743
2020-02-27,26.65,27.1689,26.168,26.5188,1572554.3208017
2020-02-28,25.7209,26.0164,24.9474,25.5683,1714777.2504992
2020-03-02,25.5683,25.8317,24.9124,25.8239,836170.27586715
2020-03-03,25.648,26.2807,24.4818,24.6247,592847.12308528
2020-03-04,24.9356,25.44,24.5285,25.3847,749775.03464712
2020-03-05,24.7209,24.8482,23.234,23.5439,1266126.6177591
2020-03-06,22.61,24.0406,22.5284,23.2874,1706203.8890204
2020-03-09,21.7995,22.265,21.2961,21.784,916798.15137802
2020-03-10,22.5847,22.993,21.5012,22.9521,747369.30743427
2020-03-11,22.4011,22.7208,21.6236,22.1766,857175.62887104
2020-03-12,20.4963,21.7995,20.0978,20.194,853150.30600678
2020-03-13,21.401,23.0007,21.1756,22.9453,1261782.314811
2020-03-16,19.4087,22.7208,19.4001,21.784,1305005.1451373
2020-03-17,22.1921,23.9045,21.0492,22.8724,1476450.7663852
2020-03-18,21.7995,22.7995,17.6877,19.0647,1697526.6017723
2020-03-19,19.0239,21.5925,18.6478,20.5604,1426217.5769909
2020-03-20,20.7597,21.5847,19.5798,20.1269,1428872.3144626
2020-03-23,19.7431,21.4477,19.088,20.5206,1414961.6959038
2020-03-24,21.3204,22.3603,21.0658,22.2572,918979.56356418
2020-03-25,22.2796,23.9133,21.8958,22.6567,806031.80278574
2020-03-26,22.9375,25.1524,22.9375,24.8657,922896.84478716
2020-03-27,24.0794,24.9609,23.5158,23.8967,689023.73423061
2020-03-30,23.9764,24.4011,23.4254,23.8725,747350.78601005
2020-03-31,23.6159,24.1125,21.9997,22.4788,968913.32326697
2020-04-01,21.4643,22.2417,21.3758,21.6722,966909.92254695
2020-04-02,21.4973,23.1767,21.3243,23.0571,1473263.023483
2020-04-03,23.198,24.0639,22.7121,23.8793,1377821.0954985
2020-04-06,24.8958,25.0484,23.856,24.3137,786760.26088264
2020-04-07,25.168,25.201,23.0085,23.4001,769114.48843903
2020-04-08,23.5051,24.096,23.0007,23.6159,951510.38727428
2020-04-09,23.8073,24.2729,23.4079,23.96,924735.6106252
2020-04-13,23.7529,24.1669,23.1533,23.3768,1184772.2908315
2020-04-14,23.0717,23.5285,22.6809,23.2641,1007127.1373092
2020-04-15,22.4565,23.5848,22.3768,23.2806,718808.24231578
2020-04-16,23.2951,23.7529,22.8326,23.5285,729590.79811708
2020-04-17,24.2729,24.9201,23.577,24.1669,1006546.7993503
2020-04-20,23.7773,24.6888,23.7344,24.0561,624490.97636875
2020-04-21,23.4886,24.1505,23.4556,24.0484,533890.34288229
2020-04-22,24.4964,24.8239,24.2282,24.7763,1123100.0640439
2020-04-23,23.2806,24.6247,22.4788,23.2174,2164480.5175159
2020-04-24,22.9287,23.0571,20.8364,21.2087,2545495.024869
2020-04-27,21.2087,22.7762,21.2087,22.61,1117096.035692
2020-04-28,23.3117,23.6004,22.8404,23.4001,822275.09182853
2020-04-29,23.6004,24.0163,23.4886,23.7208,930878.54965887
2020-04-30,23.4001,24.1922,23.095,23.8967,808453.99348679
2020-05-01,23.3292,23.5061,22.5479,23.3195,841395.37543381
2020-05-04,23.1096,23.2466,22.6324,23.0619,649649.24427044
2020-05-05,23.3758,24.1018,23.2913,23.8288,933880.04935086
2020-05-06,24.0766,24.3594,23.5537,23.9726,834310.93066885
2020-05-07,24.2457,25.0057,23.7559,24.0377,844571.7996879
2020-05-08,24.5294,24.8239,24.3516,24.6908,539456.03086102
2020-05-11,24.4167,25.3264,24.2078,24.926,557177.94693755
2020-05-12,25.0396,25.1834,23.7937,23.8288,736752.41548296
2020-05-13,23.715,23.715,21.6333,22.4389,683784.22911177
2020-05-14,22.1095,23.1174,22.1095,22.9161,612495.26728089
2020-05-15,22.8355,23.1251,22.6985,22.956,376797.79643847
2020-05-18,23.4478,24.2972,23.3526,24.1193,527118.70439308
2020-05-19,23.9482,24.2398,23.3914,23.3914,391684.90564099
2020-05-20,23.8831,24.1349,23.6985,23.8288,538445.58427291
2020-05-21,23.7306,24.3127,23.5294,23.6917,552712.22576399
2020-05-22,23.7714,24.0707,23.5537,24.0309,653392.62989933
2020-05-26,24.6587,25.409,24.4488,25.1758,1013180.5561258
2020-05-27,25.82,27.4313,25.6966,26.998,762871.73950817
2020-05-28,27.4265,27.4265,26.6927,26.8774,972208.07884249
2020-05-29,26.6286,27.273,26.4663,27.135,851076.93546191
2020-06-01,27.1116,27.6072,26.8133,27.1282,545833.5746015
2020-06-02,27.2584,28.339,27.0631,28.1048,805982.41232115
2020-06-03,28.7424,29.032,28.411,28.8318,583238.61978605
2020-06-04,28.6287,29.686,28.5295,29.6375,521224.7756184
2020-06-05,30.5811,31.7046,30.4286,30.5412,900436.53101382
2020-06-08,30.896,31.1788,29.8795,30.3635,753035.83427822
2020-06-09,29.9125,30.5987,29.6219,30.2021,632252.48208582
2020-06-10,30.0252,30.6307,29.6938,29.9202,765192.062376
2020-06-11,28.9921,29.5005,28.4917,28.6287,892523.76699893
2020-06-12,29.6696,29.7667,27.8872,27.9513,989886.77826248
2020-06-15,27.1524,28.4917,27.1524,28.3294,709114.33467153
2020-06-16,29.3391,29.5073,28.1048,28.3935,675761.36551957
2020-06-17,28.411,28.6131,27.927,28.0077,886251.17799571
2020-06-18,27.9017,28.8949,27.7744,28.8056,1084213.3049216
2020-06-19,29.1943,29.2915,27.5645,27.5645,1289432.7432386
2020-06-22,27.6122,28.3216,27.515,27.9435,610736.76094781
2020-06-23,28.2574,28.5159,26.9775,27.2001,1147878.6427491
2020-06-24,26.8949,26.998,25.683,25.6918,976569.87424679
2020-06-25,25.5226,26.0465,25.1193,25.9911,1016068.8693365
2020-06-26,25.7005,25.7403,24.2398,24.2875,2108226.8362813
2020-06-29,24.5692,24.9658,24.3438,24.8443,728418.80355102
2020-06-30,24.6986,25.2641,24.6023,25.1417,754258.24827688
2020-07-01,25.1758,25.546,24.3204,24.7082,725173.4384401
2020-07-02,25.2807,25.3137,24.6275,24.7967,432805.5543181
2020-07-06,25.2253,25.4983,25.0144,25.3788,354850.93770329
2020-07-07,24.2078,24.7471,23.477,23.579,1841015.162125
2020-07-08,23.6343,24.098,23.198,24.0377,1187773.7905235
2020-07-09,24.094,24.2457,23.1426,23.3594,824213.66756377
2020-07-10,22.9074,23.9085,22.8189,23.8754,655177.88940074
2020-07-13,23.6917,23.9085,23.2388,23.5605,1274678.3709096
2020-07-14,23.6022,23.9482,23.4177,23.7228,667023.36915878
2020-07-15,24.2972,25.0436,23.9181,24.8929,579549.76946182
2020-07-16,24.7471,25.268,24.5227,25.0542,341682.20508137
2020-07-17,25.0396,25.5061,24.8122,25.0698,603199.57025742
2020-07-20,24.8861,25.3934,24.684,25.3623,341450.6872786
2020-07-21,25.4819,25.926,25.3623,25.789,557975.39714711
2020-07-22,25.4983,25.6432,24.4731,24.8609,644784.2835081
2020-07-23,24.7082,25.065,24.6111,24.7646,644398.42050347
2020-07-24,24.8288,25.3827,24.6752,24.7471,487174.16615408
2020-07-27,24.6111,24.8521,24.3272,24.716,599483.96676486
2020-07-28,24.7879,24.9338,24.3847,24.44,484469.00924963
2020-07-29,24.5469,24.6412,23.9007,24.4322,838121.19921855
2020-07-30,23.8035,24.337,23.2155,24.0766,1360894.5716955
2020-07-31,24.1281,24.2146,23.7627,24.0377,647692.14711096
2020-08-03,24.1582,24.7967,23.8608,24.5692,776309.03278131
2020-08-04,24.4731,24.684,24.1437,24.3204,360174.81819913
2020-08-05,23.5605,24.7471,23.4973,24.7471,592862.55760547
2020-08-06,24.7384,25.1718,24.6198,25.0776,414050.5543572
2020-08-07,24.9036,25.4158,24.5615,25.3507,465563.77995893
2020-08-10,25.5382,25.8569,25.2952,25.7822,633008.77357489
2020-08-11,26.3283,26.889,25.923,26.0843,656884.94733321
2020-08-12,26.4741,26.685,25.893,26.2224,497571.88791877
2020-08-13,26.1981,26.3137,25.8569,26.0504,411318.64428443
2020-08-14,25.9376,26.0843,25.7491,25.823,338483.14353101
2020-08-17,25.8715,25.8715,25.3769,25.4322,382461.23637838
2020-08-18,25.408,26.0903,25.1961,25.7986,598412.81106402
2020-08-19,25.7491,26.3031,25.7491,25.8638,470296.00384768
2020-08-20,25.5945,26.132,25.5712,25.8385,223832.44069215
2020-08-21,25.8074,26.1155,25.2874,26.0757,341614.29319255
2020-08-24,26.376,26.8327,25.8715,26.7656,616673.906379
2020-08-25,27.0922,27.5276,26.8628,27.0349,739355.70455417
2020-08-26,27.1252,27.202,26.6072,26.8075,405418.54170168
2020-08-27,26.9289,27.6384,26.3283,26.4255,537877.5939301
2020-08-28,25.1806,26.3186,25.1806,26.132,533640.30365529
2020-08-31,26.2049,26.3351,25.8385,25.96,413408.4783175
2020-09-01,25.823,26.2943,25.5226,26.2292,281648.09536945
2020-09-02,26.2049,26.6199,26.0971,26.4653,296470.3795872
2020-09-03,26.5946,26.8327,25.7257,25.9046,410076.67989354
2020-09-04,26.3594,26.3594,25.5226,25.6772,363063.13140977
2020-09-08,25.4974,25.7171,24.9532,25.579,528491.34772154
2020-09-09,25.8569,26.1408,25.2301,25.8958,917763.3233736
2020-09-10,25.9124,25.9124,24.9921,25.0085,1782437.0421506
2020-09-11,25.1884,25.546,24.7986,25.4575,627810.42717655
2020-09-14,25.6684,26.7822,25.6442,26.7181,415346.02508473
2020-09-15,26.9289,26.9289,26.4411,26.4829,294071.85515044
2020-09-16,26.6529,27.5723,26.3517,27.1573,575602.64816649
2020-09-17,26.9533,27.6286,26.8483,27.5878,567731.0428721
2020-09-18,27.7434,27.9309,27.2224,27.8318,1043297.4208789
2020-09-21,27.409,27.5402,26.3283,26.685,787230.49926428
2020-09-22,26.6121,27.0835,26.3594,26.9289,381248.08309184
2020-09-23,26.9785,27.1408,26.2875,26.4575,870915.4387398
2020-09-24,26.5567,26.9697,26.3711,26.6364,603671.86657509
2020-09-25,26.4323,26.8804,26.4177,26.8075,473841.82761819
2020-09-28,27.1981,28.0291,27.1981,27.857,325192.99268364
2020-09-29,27.8007,27.9455,27.3371,27.8162,365956.58946047
2020-09-30,27.8901,28.8134,27.8901,28.5898,522848.48714187
2020-10-01,28.7764,28.8813,28.1914,28.581,357905.94373192
2020-10-02,28.8813,29.8066,28.581,29.3138,769226.64595238
2020-10-05,29.5976,30.0943,29.0932,29.8347,538265.51487075
2020-10-06,30.1029,30.5422,29.6958,29.8493,683641.20255806
2020-10-07,30.307,30.6472,30.1029,30.3625,730407.79871887
2020-10-08,30.6793,31.0457,30.517,30.998,704262.75049334
2020-10-09,30.4917,31.656,30.4616,31.2089,677999.3709464
2020-10-12,31.5831,31.8844,31.0535,31.5579,608972.08080665
2020-10-13,31.4529,31.5423,30.9573,31.2662,664301.74876615
2020-10-14,31.3139,32.1536,30.9232,31.0058,572080.49066026
2020-10-15,30.7774,31.2662,30.688,30.9893,510345.49682394
2020-10-16,31.0136,31.2255,30.8591,31.0622,432052.34973307
2020-10-19,31.2167,31.2167,30.5743,30.6414,525491.90596558
2020-10-20,30.9407,31.6881,30.8474,30.9232,627058.25155953
2020-10-21,30.9485,31.3314,30.7143,31.1108,533782.30124099
2020-10-22,31.1604,31.6647,30.8756,31.3557,489225.92837068
2020-10-23,31.4218,31.8756,31.2508,31.7542,494125.87404544
2020-10-26,31.4597,31.485,30.7988,31.0953,411373.17958909
2020-10-27,32.6327,34.2683,31.9009,31.9563,1916067.059977
2020-10-28,30.6715,31.136,29.7365,29.7443,1120210.7218653
2020-10-29,29.7279,30.6628,29.1758,30.4917,517492.70863764
2020-10-30,30.3722,30.6754,29.8104,30.2643,559147.39171316
2020-11-02,30.5665,30.9893,30.1846,30.6054,468666.11851613
2020-11-03,31.102,31.275,30.2886,30.4616,379607.90808017
2020-11-04,30.4276,31.7629,29.9475,30.9232,720260.11618119
2020-11-05,31.1652,31.4675,30.9757,31.0496,687990.65034622
2020-11-06,31.3207,31.3207,30.0544,30.0961,306553.23714011
2020-11-09,31.484,32.1905,30.4072,30.4237,665597.21949369
2020-11-10,30.7298,31.6618,30.5724,31.5014,584089.57633226
2020-11-11,31.4772,31.5471,30.3187,30.827,435480.87115018
2020-11-12,30.6793,30.9844,30.0214,30.5646,418979.3111363
2020-11-13,30.9659,31.4772,30.7035,30.9174,406001.96656468
2020-11-16,31.5501,31.7881,30.9757,31.4111,290633.0440532
2020-11-17,31.2877,31.8999,31.1059,31.724,377327.71496482
2020-11-18,31.7561,32.0263,31.346,31.346,478924.92959916
2020-11-19,31.1312,31.3245,30.8844,31.2877,328966.21838488
2020-11-20,31.0826,31.5014,30.893,31.3936,358723.97330174
2020-11-23,31.6248,32.1905,31.5258,32.1594,467641.26637584
2020-11-24,32.6113,33.4909,32.5443,32.7007,620001.58893091
2020-11-25,32.4383,33.071,32.3392,32.8086,239654.88181788
2020-11-27,32.8737,32.8737,32.5686,32.6181,120611.51453435
2020-11-30,32.6687,32.7094,32.1342,32.2498,261936.15515707
2020-12-01,32.5521,33.1283,32.2576,33.0457,455125.92844176
2020-12-02,33.1527,33.7697,32.8086,33.589,348720.34628578
2020-12-03,33.796,34.4851,33.7397,34.3042,474642.36473179
2020-12-04,34.4268,34.9116,34.4268,34.7134,292153.85877544
2020-12-07,34.5822,35.2898,34.419,35.1993,273704.4623142
2020-12-08,35.7339,36.4317,35.2732,35.4549,765284.66949711
2020-12-09,35.5687,36.0293,35.0021,35.7339,542993.62288745
2020-12-10,35.4705,35.8321,35.175,35.7669,338055.09283788
2020-12-11,35.6104,36.7009,35.557,36.6455,455320.40339609
2020-12-14,36.9836,37.9118,36.6707,36.9836,702543.34494473
2020-12-15,37.3034,37.8379,37.0235,37.6397,389901.70407561
2020-12-16,37.8224,37.8457,36.8009,37.3112,760523.63450401
2020-12-17,36.9243,37.4151,36.6416,37.1391,516585.15885077
2020-12-18,37.3034,38.5484,37.1663,38.4803,1539689.0824876
2020-12-21,37.939,39.1421,37.8272,39.0654,588937.04463839
2020-12-22,39.1586,40.2345,39.0314,39.9595,520596.07616286
2020-12-23,40.287,41.2578,40.0537,40.837,884632.6113123
2020-12-24,40.9643,41.219,40.4493,40.5863,102876.22187366
2020-12-28,40.6563,41.0324,39.8389,40.5358,575376.27520377
2020-12-29,40.5182,40.7885,39.4521,39.6582,713586.22965315
2020-12-30,39.7194,40.2685,39.5979,39.9332,280310.43695341
2020-12-31,39.9332,40.2598,39.6416,40.1995,264401.56251464
2021-01-04,40.6805,40.6805,39.0138,39.4871,377281.41140427
2021-01-05,40.287,40.5999,39.7359,39.7534,515239.26869062
2021-01-06,40.4998,43.2259,40.183,42.8381,981429.69016907
2021-01-07,43.9567,44.9547,43.4591,44.5427,633632.32819037
2021-01-08,44.6787,45.1093,43.3473,44.1112,479195.5481864
2021-01-11,43.8886,45.255,43.8886,44.9888,484485.47273783
2021-01-12,45.393,46.3037,44.8595,45.4874,649267.49713786
2021-01-13,45.3065,45.7973,44.8177,45.6078,311954.29023688
2021-01-14,46.0373,47.534,45.843,46.846,465310.65382789
2021-01-15,46.1501,47.5263,45.8654,47.4476,489142.58196168
2021-01-19,47.6021,48.1093,46.8615,47.3096,585219.38320981
2021-01-20,47.3182,48.1434,46.1715,47.328,533241.0640665
2021-01-21,47.431,47.7926,46.3212,46.6389,330080.59074225
2021-01-22,46.1054,46.9053,45.9266,46.8372,314620.34635685
2021-01-25,46.4582,47.121,45.5903,45.8314,524016.36583588
2021-01-26,46.1589,46.3299,44.0859,44.2317,470761.09738925
2021-01-27,43.3473,43.6554,41.9207,42.4444,800446.56441476
2021-01-28,42.9256,44.5505,42.6768,44.0092,558803.71639704
2021-01-29,43.9314,43.9567,42.116,42.737,396663.05288469
2021-02-01,42.805,44.0947,42.667,44.0606,405049.14218525
2021-02-02,44.6534,45.3658,44.4299,44.67,457115.95257762
2021-02-03,44.5068,45.4445,44.3007,45.118,349315.08979691
2021-02-04,45.221,45.8314,44.4863,44.7312,266887.54923245
2021-02-05,45.0403,45.6769,44.2151,44.4561,439169.72147442
2021-02-08,44.4475,45.5466,44.2764,45.3415,479992.99839596
2021-02-09,45.3756,46.1054,44.7137,45.5466,332134.41089487
2021-02-10,45.7614,47.1988,45.7614,47.1123,487671.15770404
2021-02-11,46.948,48.4611,44.9771,46.4164,907970.63480017
2021-02-12,45.9334,47.3368,45.0918,46.984,515372.00556421
2021-02-16,46.5437,47.8334,46.5437,47.121,720702.57242649
2021-02-17,47.0694,47.5807,46.0889,47.3961,403014.87242485
2021-02-18,47.2833,48.1181,46.5272,46.6487,664463.29674408
2021-02-19,46.8479,48.0987,46.8479,47.5516,496051.07319652
2021-02-22,47.3348,48.4019,46.7877,47.3591,758800.11308335
2021-02-23,43.5213,46.6827,43.1481,46.0228,1331860.1812913
2021-02-24,46.0228,46.7176,45.4231,46.1355,858410.39048585
2021-02-25,46.2318,46.5884,43.946,44.0082,467104.1450734
2021-02-26,44.2074,45.4329,43.3901,44.8488,704664.04801816
2021-03-01,45.7973,47.6458,45.6661,47.3348,1259697.6256179
2021-03-02,47.2901,47.5428,46.2142,46.3358,485176.93924212
2021-03-03,46.5263,47.7683,46.3173,46.4135,428799.78184606
2021-03-04,46.7002,46.7517,43.9645,45.2065,683828.47473631
2021-03-05,45.9888,46.2483,43.7458,46.223,533556.95724628
2021-03-08,46.4475,48.3932,46.3396,47.5594,511341.53785988
2021-03-09,48.0297,49.019,47.3513,48.1424,628138.66797249
2021-03-10,48.3591,48.914,47.9772,48.4369,394374.62802525
2021-03-11,48.8275,49.8091,48.5496,49.6274,415202.99853102
2021-03-12,49.6789,50.4087,49.054,49.2017,417302.09327619
2021-03-15,49.2532,49.2532,47.7517,48.7586,412891.9363753
2021-03-16,48.9501,49.4349,48.3766,49.1055,432003.98823649
2021-03-17,49.2357,50.3378,48.7498,50.3378,496656.10638778
2021-03-18,50.3378,51.7898,49.4272,49.4709,684295.62621391
2021-03-19,49.6439,49.7751,48.0724,49.1405,1032699.0503519
2021-03-22,49.1055,49.6711,47.8295,48.4981,455030.23441662
2021-03-23,48.2105,48.6983,47.5778,47.7595,465434.12998938
2021-03-24,48.1599,48.8188,47.3591,47.4038,359462.77233459
2021-03-25,47.2571,47.9723,46.1268,47.708,426138.87056616
2021-03-26,48.2027,48.7149,47.465,48.6109,372300.17725653
2021-03-29,48.2892,48.6983,47.6778,47.8032,282276.79482499
2021-03-30,47.8819,48.8451,47.7858,48.0384,480718.42084466
2021-03-31,48.1239,48.7498,47.0209,47.6642,538954.92343902
2021-04-01,48.02,48.8013,47.9062,48.7673,617999.2171789
2021-04-05,49.2532,50.3261,48.4369,50.1396,607141.5467127
2021-04-06,50.0609,50.713,49.296,49.5136,373803.49952256
2021-04-07,49.6439,49.7576,48.7099,48.9928,493083.52944894
2021-04-08,49.1502,49.1959,47.4991,47.7343,467514.70331033
2021-04-09,47.3348,47.7245,45.9451,47.0656,479147.18668981
2021-04-12,47.0656,47.6983,46.5612,47.2036,250681.30303811
2021-04-13,47.3076,47.431,45.4834,45.7274,547740.25232837
2021-04-14,45.6399,47.326,45.5485,45.9966,475848.31524225
2021-04-15,46.0306,46.5175,44.8673,45.2842,578983.83705503
2021-04-16,45.6399,47.1948,45.6399,47.0899,529649.96570343
2021-04-19,46.9869,47.951,46.118,47.8819,546200.91618191
2021-04-20,47.7421,47.8723,46.0753,46.7615,466957.00264764
2021-04-21,46.7691,47.9334,46.2483,47.916,255204.64642036
2021-04-22,47.8819,48.8101,47.2124,48.0724,420261.40527967
2021-04-23,48.2629,49.7839,48.0724,49.4525,343318.26422099
2021-04-26,49.6176,49.7226,48.9675,49.054,440741.98459727
2021-04-27,49.4622,49.7674,48.9665,49.5749,548846.39294163
2021-04-28,49.3319,49.6439,48.6235,49.2892,323550.75973595
2021-04-29,50.1134,50.2873,47.6215,48.7673,584765.60831637
2021-04-30,48.2988,49.0102,47.1269,47.1433,960664.08671205
2021-05-03,47.7858,48.0025,46.534,47.3689,508133.21559741
2021-05-04,47.3765,47.9062,46.3698,47.3765,573152.67532911
2021-05-05,47.5778,48.4806,47.5778,48.2716,301925.96798863
2021-05-06,48.4893,48.5681,47.4378,48.4291,439942.47645168
2021-05-07,48.3465,49.1016,47.6828,48.8567,459849.92058641
2021-05-10,49.0569,49.4661,47.9645,47.9908,386342.50372093
2021-05-11,47.191,47.6914,46.4757,46.6176,536749.84498857
2021-05-12,46.5632,47.6944,46.2853,46.6525,651302.79586627
2021-05-13,46.8809,48.2377,46.8809,47.7371,621771.41391213
2021-05-14,48.1278,48.5739,47.7002,48.4194,407455.89836611
2021-05-17,48.0919,48.328,47.2367,48.2824,339146.82789897
2021-05-18,48.4825,48.6643,47.2084,47.2172,470896.92116688
2021-05-19,46.4174,48.2105,46.2531,48.055,577539.16596571
2021-05-20,48.0287,48.2173,47.1725,47.8732,393293.18264428
2021-05-21,48.2639,48.7372,47.7595,48.2473,382580.59666782
2021-05-24,48.4641,48.6896,47.8547,48.3834,306257.92332057
2021-05-25,48.4923,49.1201,47.5457,47.6011,353631.61060867
2021-05-26,47.5729,48.5652,47.3533,48.4466,261432.98979904
2021-05-27,49.1386,49.1386,48.0821,48.6566,248534.87576437
2021-05-28,48.6186,48.8655,48.1093,48.8655,178028.95859088
2021-06-01,49.1386,49.9297,48.9383,49.8121,316069.13331823
2021-06-02,49.8752,49.884,48.4194,48.6011,490017.20477217
2021-06-03,48.3649,48.6186,47.7371,48.2473,237978.69292578
2021-06-04,48.2473,48.6837,47.809,48.3553,229123.39421159
2021-06-07,48.4923,48.9559,48.2396,48.6566,475054.98090475
2021-06-08,48.5652,49.5749,47.7459,49.4942,403266.96958789
2021-06-09,49.2562,49.3387,48.6468,48.883,406653.30331649
2021-06-10,49.1016,49.6566,48.9471,49.1298,351575.73252001
2021-06-11,49.3475,49.8577,49.2289,49.7294,234861.94881641
2021-06-14,49.848,49.8752,48.8198,49.0288,257253.32173292
2021-06-15,49.0472,50.0842,48.537,49.9034,446036.02502075
2021-06-16,49.8208,50.0939,49.3387,49.8023,431701.47164086
2021-06-17,50.5856,50.8762,48.4194,48.9296,442813.29720611
2021-06-18,48.1648,48.7197,47.8829,48.1376,745372.08052232
2021-06-21,48.7838,49.33,48.4923,48.9112,619328.64385084
2021-06-22,48.7469,49.365,48.019,49.2289,435593.02866352
2021-06-23,49.2386,50.1124,49.2386,49.8208,320454.59498682
2021-06-24,50.2124,50.4904,49.7217,50.4486,348995.08074507
2021-06-25,50.7489,51.8597,50.7402,51.1231,2116581.0275735
2021-06-28,51.2047,51.5283,50.1396,50.85,535993.55349951
2021-06-29,51.3136,52.7597,51.2776,51.5954,626149.67280464
2021-06-30,51.5692,52.0143,51.4224,51.7781,664290.43011801
2021-07-01,52.1153,52.1153,51.5313,51.8869,330103.22803852
2021-07-02,52.0959,52.1785,51.7693,51.9967,333744.74583419
2021-07-06,52.0774,52.0774,50.3038,50.6118,444139.63697401
2021-07-07,50.4486,51.5692,50.1298,51.2397,403676.49885679
2021-07-08,50.4029,50.7586,49.3475,49.4845,508410.00799273
2021-07-09,50.0657,50.0657,49.0288,49.7926,327476.27270301
2021-07-12,49.884,50.9413,49.502,50.9413,491500.97664597
2021-07-13,50.9666,51.7411,50.9219,51.505,436074.58569331
2021-07-14,51.505,51.7693,49.7674,49.8121,361553.63533566
2021-07-15,49.2115,50.126,48.8285,49.7761,246490.31632385
2021-07-16,50.2853,50.2853,49.0657,49.0745,333711.81885779
2021-07-19,48.1648,48.5739,47.6011,48.1463,508051.92712444
2021-07-20,48.2377,50.7673,47.8645,49.9578,641269.32877795
2021-07-21,50.3125,52.1241,50.1667,51.5954,704155.73782007
2021-07-22,51.7597,55.2272,51.7597,52.8976,1198086.1079432
2021-07-23,53.4254,53.5799,51.9054,53.2067,622226.21777359
2021-07-26,53.4439,53.889,52.7878,53.6528,387751.16092982
2021-07-27,53.0697,55.0629,51.2134,52.7149,478664.60069203
2021-07-28,52.7431,53.2612,51.8957,52.9064,284294.60109719
2021-07-29,53.507,54.3798,53.0512,54.162,330284.32640869
2021-07-30,54.126,54.7228,53.6936,54.475,404403.97924151
2021-08-02,54.8248,55.7063,54.337,54.5022,294578.10741251
2021-08-03,54.6314,55.1193,53.4458,53.6382,325455.37952679
2021-08-04,53.0959,54.1989,52.9851,54.0707,256277.86005722
2021-08-05,54.475,55.0542,54.2087,54.7228,381046.40536141
2021-08-06,55.2651,55.4215,54.3185,55.201,294546.20940413
2021-08-09,55.1641,55.6217,54.9813,55.1553,296434.36570677
2021-08-10,55.1271,56.1582,55.1048,56.0007,421994.18741246
2021-08-11,56.1844,57.0678,56.028,57.0494,355100.97693029
2021-08-12,57.2972,57.8764,56.8569,57.7579,365934.9811322
2021-08-13,57.7656,58.0883,57.0212,57.2331,274335.21970576
2021-08-16,57.0027,57.3992,56.3643,57.0309,272974.92399345
2021-08-17,56.5159,56.8288,55.6801,56.3137,258803.97652751
2021-08-18,56.0007,56.8473,55.6703,55.7063,341221.22741185
2021-08-19,55.1641,55.7715,54.1903,54.3826,300407.21120241
2021-08-20,54.5304,55.7665,54.2913,55.6878,317228.78026813
2021-08-23,56.0377,57.0309,56.0377,56.8288,272634.33558137
2021-08-24,57.0212,57.4537,56.681,56.8569,233474.89993577
2021-08-25,56.994,57.8036,56.4604,57.1776,304344.04281762
2021-08-26,57.3157,57.7384,56.337,56.5246,275437.24444698
2021-08-27,56.5343,58.2622,56.5343,58.1709,272086.9245988
2021-08-30,58.2904,58.5208,57.6199,57.6927,271057.95658646
2021-08-31,57.6656,57.8958,56.7938,56.9571,340093.47847031
2021-09-01,56.9114,57.8862,56.0202,57.6656,234499.75207607
2021-09-02,58.0057,58.5023,57.7754,58.0785,205070.23795515
2021-09-03,57.9601,58.5062,57.7482,58.0785,277913.97045268
2021-09-07,58.0785,58.7686,57.0591,57.1776,491911.53488288
2021-09-08,56.8473,57.2418,56.1203,56.7918,402236.97260753
2021-09-09,56.8832,57.7005,56.7365,57.0766,370432.60031414
2021-09-10,57.3439,57.3439,56.5343,56.7549,310923.26428852
2021-09-13,57.0494,57.2613,56.4245,57.169,250818.15578375
2021-09-14,57.5276,57.5276,56.3137,56.6995,256332.39536188
2021-09-15,56.7734,58.2535,56.6217,58.2166,284606.37840493
2021-09-16,58.5295,58.5295,57.4819,57.7754,249691.43581024
2021-09-17,58.0601,58.235,56.6451,56.9114,935246.51887125
2021-09-20,55.5139,55.5139,54.0425,55.2933,477560.51801479
2021-09-21,55.6878,55.6878,54.2359,54.4011,300320.77788938
2021-09-22,54.7967,56.2126,54.4011,55.7258,301807.6366672
2021-09-23,56.028,57.3527,55.9182,57.3341,287616.10984102
2021-09-24,57.0766,58.4002,57.0766,58.1622,232529.27833244
2021-09-27,58.0329,59.1826,58.0329,58.6121,340315.73556098
2021-09-28,58.6588,58.8055,56.9386,57.27,336650.55150103
2021-09-29,57.5178,58.3643,56.6354,58.0699,251584.73695294
2021-09-30,58.5946,58.7502,56.6995,56.8832,301824.1001554
2021-10-01,57.9503,59.9727,57.7656,59.6054,618074.3318438
2021-10-04,59.8356,61.5636,59.8075,60.1846,779257.02613666
2021-10-05,60.9659,62.3635,60.2585,61.5082,596008.11281918
2021-10-06,60.8921,61.7016,59.6238,61.6093,360094.55869416
2021-10-07,62.4188,63.0991,61.9863,62.2439,405153.06795449
2021-10-08,62.4188,63.2546,62.0961,62.7678,320037.86294182
2021-10-11,63.1545,64.0273,61.794,61.8114,266369.97832225
2021-10-12,62.0602,63.2468,61.5179,62.6851,397171.36308278
2021-10-13,62.8407,63.173,61.794,62.5841,254780.71159926
2021-10-14,63.4665,63.6414,62.8601,63.0068,300060.44898225
2021-10-15,64.0642,65.7095,63.7425,65.1866,541675.51486365
2021-10-18,65.453,66.4637,64.8184,65.075,400650.3039325
2021-10-19,65.3791,65.6095,64.7231,65.1303,322167.82672736
2021-10-20,65.1401,66.1974,65.0574,65.9671,216329.20594617
2021-10-21,66.0682,66.316,65.453,66.28,195237.41962924
2021-10-22,66.5919,66.7864,65.8018,65.8854,202825.02975223
2021-10-25,65.8659,66.6105,65.2323,66.3811,347334.32637315
2021-10-26,66.3082,66.7864,65.1303,65.4345,379525.59063918
2021-10-27,64.8368,65.3052,62.998,63.035,493547.59402251
2021-10-28,68.3121,70.4843,64.2391,64.4684,889032.47853307
2021-10-29,64.5705,66.9972,64.5705,66.8777,627570.67762968
2021-11-01,67.5852,70.3803,67.5852,70.3803,568390.611368
2021-11-02,70.3355,70.766,69.6814,70.7301,634882.52432536
2021-11-03,70.4813,70.872,69.2869,70.7758,553842.03264154
2021-11-04,70.9138,71.2442,69.6864,69.9857,447175.09261041
2021-11-05,71.145,73.0237,70.7039,71.6339,484935.13175923
2021-11-08,70.6854,72.0071,69.9186,70.3394,518546.37188229
2021-11-09,70.388,70.7758,68.7485,68.8739,509431.77322898
2021-11-10,68.6815,69.3627,66.937,67.4841,600317.43085486
2021-11-11,67.6367,68.9496,67.6367,67.9059,382874.88151934
2021-11-12,68.0876,68.0876,66.6502,67.2149,389799.83624239
2021-11-15,68.0974,68.6387,67.0672,67.3111,358662.23522099
2021-11-16,67.0332,68.006,66.487,67.5891,313321.78872528
2021-11-17,67.3209,67.522,65.8349,66.314,302254.20878456
2021-11-18,66.5162,66.8612,65.5288,65.8932,348501.17609914
2021-11-19,65.174,65.4617,64.3781,64.484,324551.94561195
2021-11-22,65.0496,65.7008,63.8514,63.9563,522332.97416769
2021-11-23,64.0429,64.5219,63.1895,64.3208,348649.34749292
2021-11-24,63.861,64.35,63.2187,63.2478,317866.74043578
2021-11-26,61.4839,61.6083,59.514,60.5063,294258.09836067
2021-11-29,61.3401,61.8765,60.1681,61.4742,525489.84802955
2021-11-30,60.6403,61.3401,58.6082,58.7618,608575.9281219
2021-12-01,60.4965,61.4937,58.3974,58.513,577615.30959863
2021-12-02,58.7045,60.6025,58.513,60.2759,280356.74051398
2021-12-03,60.8318,60.8318,58.273,58.8191,500863.55659023
2021-12-06,59.6345,59.6345,58.3886,59.1641,404821.74025453
2021-12-07,59.9027,61.206,59.615,60.1321,393968.18566037
2021-12-08,59.7394,59.7783,58.752,59.1544,556414.45267239
2021-12-09,58.8483,59.2506,58.0047,58.2059,399050.25867332
2021-12-10,59.2604,59.2604,57.0464,57.3527,630138.98178848
2021-12-13,57.0747,57.4196,56.5576,56.682,435643.44809613
2021-12-14,56.5285,59.6821,56.0211,59.3653,917938.24793569
2021-12-15,59.3653,59.8638,58.1194,59.3177,591275.88893043
2021-12-16,60.0942,60.3051,58.6947,59.5091,462818.49330201
2021-12-17,60.238,60.5976,58.6947,58.9533,899926.16287969
2021-12-20,57.8511,58.168,56.6344,57.8327,494563.18545068
2021-12-21,58.3303,59.1457,58.1107,58.752,393611.13376009
2021-12-22,58.6753,59.7968,58.2059,59.7968,410527.36788295
2021-12-23,60.2759,60.861,59.7492,59.7783,312990.4610253
2021-12-27,59.6248,60.8036,59.0018,60.7269,371152.87792278
2021-12-28,60.5063,61.1866,59.7016,60.4013,374580.37037187
2021-12-29,60.4013,61.2633,60.1807,60.7463,401952.97743613
2021-12-30,60.6792,61.4363,60.0844,60.1613,253117.89929133
2021-12-31,59.9125,60.3915,59.7589,59.9125,228424.72493122
2022-01-03,60.4684,60.7269,59.5762,59.9027,312530.51232379
2022-01-04,60.6025,61.6277,60.0369,60.0466,502501.67366588
2022-01-05,60.0942,60.5354,57.305,57.3341,610430.12848013
2022-01-06,57.9669,59.4712,57.2768,59.1835,569519.38927753
2022-01-07,58.9153,60.1807,58.5607,59.8162,519176.10030584
2022-01-10,60.1039,60.1807,58.5032,59.4237,570418.70732033
2022-01-11,59.3847,60.7842,58.4644,60.449,476763.06780522
2022-01-12,60.343,60.928,59.0591,59.481,436547.91097897
2022-01-13,59.998,60.2477,57.8511,58.0144,399475.22246241
2022-01-14,57.5548,57.8133,56.2699,57.0659,487698.93984036
2022-01-18,56.6053,56.922,53.5196,53.6538,580100.26734842
2022-01-19,54.2864,54.3243,52.6187,52.9248,517740.68992862
2022-01-20,53.3272,54.5158,52.5322,52.6187,518080.24937269
2022-01-21,52.5322,53.5575,51.6692,51.7557,574305.11950293
2022-01-24,50.5575,51.6022,48.4971,51.3913,596236.54371792
2022-01-25,50.471,52.4166,49.6371,51.2096,598262.58173423
2022-01-26,52.2067,53.6149,50.9646,51.6886,618629.97457047
2022-01-27,52.3116,53.1746,50.951,51.3913,591820.21300897
2022-01-28,51.2475,52.8383,50.6245,52.781,433441.45654973
2022-01-31,52.3689,54.1426,52.3689,54.1232,371693.08612925
2022-02-01,53.7879,54.9424,53.3087,54.4876,514829.73942171
2022-02-02,54.6218,55.0143,52.9443,53.232,481580.696039
2022-02-03,52.9054,53.4283,52.4078,52.4555,405951.54713207
2022-02-04,52.4264,53.2698,52.4078,52.5993,369342.92318907
2022-02-07,52.2825,53.2748,52.1872,52.9054,515385.38214838
2022-02-08,53.0308,54.3914,52.9492,54.0659,621366.00051527
2022-02-09,54.8997,56.1553,54.439,56.0397,650981.75784642
2022-02-10,54.1426,54.6314,50.5283,50.7586,1398326.3700484
2022-02-11,51.679,52.197,48.88,49.1201,1207979.6353818
2022-02-14,49.1492,49.7479,48.0656,49.2251,617598.9486221
2022-02-15,50.021,50.2795,49.0142,49.4457,479553.6290547
2022-02-16,49.0054,49.8869,48.5302,49.4942,513961.2904193
2022-02-17,49.0142,49.3884,47.7595,47.7877,485245.88009895
2022-02-18,47.2124,47.8741,46.7623,46.7906,478933.16134325
2022-02-22,46.3882,46.7954,45.7274,45.9383,951008.25088426
2022-02-23,45.9383,46.8867,44.8167,44.9032,968887.59906667
2022-02-24,43.3503,45.6982,42.7749,45.4591,772614.008649
2022-02-25,45.4591,47.0111,45.4591,46.9733,715007.23447819
2022-02-28,45.5641,47.2114,45.4504,46.2065,586532.34639356
2022-03-01,45.8614,46.0627,44.4241,45.5165,1031194.6991178
2022-03-02,45.948,46.7235,45.7945,46.4174,776899.66042039
2022-03-03,46.7906,46.9257,45.3435,46.1006,566028.10081168
2022-03-04,45.3153,45.5213,44.117,45.1142,586846.18163731
2022-03-07,45.0471,45.0753,42.8993,43.1685,638601.21472195
2022-03-08,42.804,44.0023,41.9129,42.564,544646.14551526
2022-03-09,43.3794,44.7109,43.3794,44.0975,479004.1601361
2022-03-10,43.2735,44.0208,42.5455,43.4747,396298.79820832
2022-03-11,44.0023,44.2434,42.6699,43.2929,426312.76616024
2022-03-14,43.8964,44.6253,43.3454,43.4368,315700.7627698
2022-03-15,43.7147,44.6486,43.5806,44.1073,399818.89777853
2022-03-16,44.4717,45.5262,44.155,45.1044,653673.5381667
2022-03-17,44.4144,44.9217,43.2929,44.5767,535748.65911257
2022-03-18,44.7876,45.6982,44.4621,45.5165,798257.94945251
2022-03-21,45.5165,45.8226,44.2317,44.4329,416106.43244585
2022-03-22,44.7021,45.737,44.5865,45.5932,395740.06857762
2022-03-23,44.9984,45.363,44.155,44.2133,412380.53927317
2022-03-24,44.4241,44.6778,43.7341,44.3085,269112.17807512
2022-03-25,44.3279,44.6875,43.8633,44.3085,471385.68097275
2022-03-28,44.3852,44.9411,43.911,44.8936,379665.53028886
2022-03-29,45.7176,46.6186,45.5262,46.4553,472247.95616709
2022-03-30,46.5418,46.5515,45.1326,45.3726,398382.45843331
2022-03-31,45.2191,45.6701,44.7205,44.9984,791010.92774162
2022-04-01,45.3055,45.5068,44.3852,45.4688,686846.4379165
2022-04-04,45.4688,46.1773,44.9032,45.8712,633640.55993446
2022-04-05,45.8614,45.8994,44.3279,44.3571,551069.9928163
2022-04-06,43.4941,43.6087,42.3152,42.6982,877061.46467751
2022-04-07,41.9031,43.5708,41.9031,43.0431,792687.11663372
2022-04-08,42.909,44.05,42.7651,42.8614,634143.7252925
2022-04-11,42.4785,43.7049,42.3434,42.6602,616395.05604767
2022-04-12,42.8614,43.772,42.3434,42.5543,714122.32198758
2022-04-13,42.2092,43.2161,42.2092,43.082,489075.69904088
2022-04-14,43.2929,43.6952,42.6982,43.2735,409208.23089113
2022-04-18,43.1102,43.5232,42.7749,43.3026,558109.16298871
2022-04-19,43.1685,45.6701,43.1685,45.4688,545929.26862665
2022-04-20,45.8897,46.3309,45.6312,46.0053,500126.8154934
2022-04-21,46.3115,46.5418,44.9606,45.4105,602084.16893205
2022-04-22,45.3921,45.3921,43.8585,43.9926,496589.22346698
2022-04-25,43.7147,45.0519,43.2832,44.8071,610121.43807643
2022-04-26,44.1938,45.258,43.187,43.2453,665984.11146632
2022-04-27,43.0528,44.6389,42.8993,43.0149,719310.3787058
2022-04-28,41.8361,45.4776,41.8361,45.0753,978666.91105594
2022-04-29,44.5096,45.3338,42.325,42.4202,916577.95222338
2022-05-02,42.7467,43.666,41.9799,43.1967,728964.15659757
2022-05-03,43.2453,43.5135,42.4114,42.6213,452822.06906213
2022-05-04,42.5067,43.1491,41.0741,42.9761,682863.30274073
2022-05-05,42.1908,42.3919,41.0693,41.6825,552479.67899321
2022-05-06,41.4105,41.7262,40.633,41.4784,573761.82439242
2022-05-09,40.5455,41.6729,40.5455,41.0314,618696.85749126
2022-05-10,41.5659,41.8963,40.3948,40.9245,589944.40432247
2022-05-11,40.9343,41.5367,39.6222,39.7486,617095.78326406
2022-05-12,39.3112,39.9915,38.8156,39.4959,739093.31771102
2022-05-13,40.0984,41.6729,39.8944,40.9634,534808.18234929
2022-05-16,40.1568,41.6825,40.0693,41.3424,558824.29575729
2022-05-17,42.0713,43.4805,41.945,43.2861,574138.42668493
2022-05-18,42.703,43.1306,41.702,42.2559,904710.86413707
2022-05-19,41.6631,43.2375,41.4396,42.5572,668899.17784528
2022-05-20,43.0334,43.4999,41.6825,42.7904,542817.66935733
2022-05-23,43.0528,43.6506,42.4698,43.2667,402463.34557024
2022-05-24,42.9848,43.0188,41.4899,42.8293,390129.10600633
2022-05-25,42.7613,43.908,42.7613,43.3152,540411.94214449
2022-05-26,43.7235,45.1132,43.5971,44.53,450188.93991856
2022-05-27,44.7925,45.5311,44.7925,45.4922,264732.89021461
2022-05-31,44.7244,45.9003,44.7244,45.5991,530360.98259996
2022-06-01,45.5116,45.774,44.3746,44.7147,391481.16997455
2022-06-02,44.9479,46.2016,44.8702,46.1919,300098.52079871
2022-06-03,45.5213,45.6865,44.3454,44.5981,668764.38303567
2022-06-06,45.3658,46.1773,44.9383,45.2201,456264.99603142
2022-06-07,44.773,45.4824,44.6272,45.016,424763.14033366
2022-06-08,44.5398,45.1228,43.4513,43.6652,741094.66049503
2022-06-09,43.4901,43.8886,41.7117,41.7797,346028.56596549
2022-06-10,40.8954,41.3522,38.9224,38.9419,511966.12144338
2022-06-13,37.8827,38.3005,36.8719,37.1635,648316.73069446
2022-06-14,37.076,37.557,36.7067,37.1537,574510.9131054
2022-06-15,37.5716,38.6261,37.5327,37.941,717017.83797431
2022-06-16,36.9302,37.319,36.1138,37.1052,909669.46098854
2022-06-17,37.455,38.2617,36.8726,37.5522,1134741.8081355
2022-06-21,38.3491,38.7427,37.8632,37.9701,693693.19107061
2022-06-22,37.4648,38.145,37.3675,37.8535,507022.9591121
2022-06-23,37.8243,37.9506,36.8136,37.7951,837284.64822451
2022-06-24,38.2422,39.5381,38.145,38.767,910240.53823539
2022-06-27,39.1558,39.2383,38.4851,38.6892,586392.40674388
2022-06-28,39.0586,39.3793,38.3491,38.7767,470444.17524145
2022-06-29,38.767,39.0197,38.4366,38.7767,416092.02689368
2022-06-30,38.213,38.9224,37.4259,38.2422,508886.42018245
2022-07-01,38.0478,38.8933,37.8559,38.5434,396370.82596918
2022-07-05,37.9021,39.6903,37.6105,39.6903,547049.81479209
2022-07-06,38.5143,39.0683,38.0187,38.8641,740162.41547585
2022-07-07,39.2432,40.1081,39.1314,39.4182,361719.29918565
2022-07-08,39.2432,39.5348,38.5726,39.0586,458227.23803095
2022-07-11,37.455,38.4258,37.319,38.3296,596630.63846665
2022-07-12,38.32,39.0488,38.1255,38.8156,590670.85573919
2022-07-13,37.9895,38.2908,37.3773,38.1255,551366.33560385
2022-07-14,37.3773,38.0478,36.8524,37.834,677728.75235916
2022-07-15,38.7379,40.0498,38.3685,39.6805,627512.02645297
2022-07-18,39.0975,40.4385,38.8156,39.1946,802156.70925127
2022-07-19,39.8166,40.5455,39.5153,40.4483,506850.09248603
2022-07-20,40.5358,41.4007,39.7778,41.148,479780.0020174
2022-07-21,41.0217,41.5076,40.5747,41.4882,384146.6859826
2022-07-22,41.8283,41.8833,40.9343,41.459,428675.27671657
2022-07-25,41.6825,42.2657,41.0703,41.8283,801035.13411782
2022-07-26,41.6242,42.2462,41.2063,41.4882,612460.28236847
2022-07-27,41.838,42.8488,41.2549,42.6932,948509.9165503
2022-07-28,43.3056,43.772,41.6874,43.7526,1307748.3738582
2022-07-29,43.8886,45.842,43.743,45.2686,790052.95852213
2022-08-01,44.7049,45.084,44.0587,44.7244,416315.31295235
2022-08-02,44.2191,44.4621,43.5679,43.7526,372032.64557333
2022-08-03,44.151,44.4669,43.6748,44.151,373377.50676545
2022-08-04,44.3454,44.5981,43.8497,43.9178,393303.4723244
2022-08-05,43.5337,44.2428,43.4253,44.0852,301430.17345485
2022-08-08,44.1837,45.0603,44.1837,44.5777,423280.10712244
2022-08-09,44.4398,44.6269,43.6026,44.0557,306477.2601893
2022-08-10,44.9618,45.3607,44.8042,45.0898,269874.45917065
2022-08-11,45.5232,46.3703,45.4404,45.9566,339856.46426932
2022-08-12,46.518,47.1582,45.9566,47.0597,372935.13773711
2022-08-15,46.4096,46.9366,45.996,46.8332,308898.76529122
2022-08-16,46.6756,47.1483,46.3801,46.912,319326.97447439
2022-08-17,46.2915,47.0548,46.1013,46.6953,499732.65813916
2022-08-18,46.912,47.0695,46.4687,46.6953,581369.36221685
2022-08-19,46.3506,46.3506,45.0455,45.474,331950.27549419
2022-08-22,44.6762,44.6762,43.2357,43.3465,306411.26529134
2022-08-23,43.1988,44.0754,43.1988,43.8193,314120.48467872
2022-08-24,43.6322,43.9276,43.1988,43.4056,245232.97958001
2022-08-25,43.4056,44.233,43.4056,44.2231,153557.94387014
2022-08-26,44.4201,44.4201,42.8935,42.9033,275846.48978261
2022-08-29,42.4699,42.8935,41.879,42.2139,373969.73467584
2022-08-30,42.3518,42.529,41.2092,41.288,355571.37243183
2022-08-31,41.485,41.5244,40.8941,41.032,412403.13263317
2022-09-01,40.7759,41.1108,40.3887,41.032,417168.97957171
2022-09-02,41.5244,41.6131,39.919,40.0667,297093.80100608
2022-09-06,40.1751,40.5001,39.5093,40.0569,296784.13263874
2022-09-07,40.0569,40.8941,39.8599,40.8645,304484.21427103
2022-09-08,40.4213,41.3964,40.1357,41.3176,431272.59691797
2022-09-09,41.6032,42.9723,41.5343,42.7753,369724.73977808
2022-09-12,43.2382,43.5041,42.3813,42.6275,471241.13773237
2022-09-13,41.4456,41.5808,39.4167,39.4462,560139.31119747
2022-09-14,39.397,39.406,37.3508,38.1461,771752.45914644
2022-09-15,38.1461,39.0523,38.1461,38.7371,767618.13261603
2022-09-16,38.2643,38.5795,37.3976,38.5499,990739.77546241
2022-09-19,38.1757,39.5989,38.1757,38.9538,715225.29078182
2022-09-20,38.5204,38.5499,37.7965,38.1855,394220.0152871
2022-09-21,38.5696,38.8454,37.3976,37.4173,409449.6071231
2022-09-22,37.3976,37.6931,36.1369,36.4816,339981.34692237
2022-09-23,34.4527,34.7334,32.6158,34.433,1663540.4999197
2022-09-26,34.167,34.4527,33.1575,33.2905,658709.29078455
2022-09-27,33.714,34.167,32.6404,33.2215,491327.95405793
2022-09-28,33.4086,34.3542,33.2708,34.1572,881355.77036565
2022-09-29,33.7041,33.9602,32.9211,33.2806,462850.64793686
2022-09-30,33.0639,34.1178,33.0048,33.3003,556809.107116
2022-10-03,33.5564,34.5994,32.8571,34.039,560395.16834031
2022-10-04,34.7875,37.8408,34.7875,37.762,1438800.4591143
2022-10-05,36.8657,37.24,36.0975,36.6096,829690.9030212
2022-10-06,36.3831,37.2186,36.0187,36.4915,384097.41324678
2022-10-07,35.9005,36.2452,34.8072,35.2209,549468.44385104
2022-10-10,35.6543,36.0285,35.3095,35.6838,359216.32141124
2022-10-11,35.5361,35.5361,34.4822,35.0929,388815.54079757
2022-10-12,35.152,36.7377,34.428,35.8611,664742.23976385
2022-10-13,35.0732,38.4121,34.3936,37.634,1044895.1887251
2022-10-14,37.6832,38.0378,36.6096,36.7377,536448.15813739
2022-10-17,37.3976,37.9984,36.1566,36.2649,450193.84181502
2022-10-18,37.5256,38.156,37.0529,37.5158,329234.33161677
2022-10-19,37.2006,37.6438,36.7771,37.1021,386465.10712421
2022-10-20,37.0135,37.7029,36.4225,36.7081,324476.6071272
2022-10-21,37.043,39.3773,36.6687,39.1114,593901.28568564
2022-10-24,39.3871,39.6038,38.5499,39.594,491476.1887518
2022-10-25,39.1803,39.5743,37.5059,37.8999,832359.12751087
2022-10-26,38.3037,40.0963,38.1314,39.4364,657845.26527439
2022-10-27,39.9978,41.032,39.7713,40.3918,526693.09691337
2022-10-28,40.5493,41.879,40.2539,41.6623,558201.09180981
2022-10-31,41.3668,42.2188,41.1797,41.8199,503707.58160835
2022-11-01,42.1351,42.9723,41.9775,42.9427,620250.51017416
2022-11-02,43.0018,43.5681,41.943,42.3616,967508.55607578
2022-11-03,37.5749,40.638,35.4671,39.3182,1562304.3264552
2022-11-04,40.3524,40.7069,39.3576,39.8599,782084.21424799
2022-11-07,40.4016,40.7818,38.5795,39.9387,729406.07139338
2022-11-08,40.3721,40.8744,39.5743,40.1849,476751.20405863
2022-11-09,39.8894,40.2736,39.0523,39.2,386208.23467525
2022-11-10,40.9,44.85,40.9,44.71,907038.0
2022-11-11,44.54,46.92,44.32,46.29,615365.0
2022-11-14,45.82,46.45,45.055,45.8,891879.0
2022-11-15,46.44,47.44,46.05,46.39,888712.0
2022-11-16,46.09,46.09,45.075,45.36,347933.0
2022-11-17,44.4,44.4,42.055,43.14,709241.0
2022-11-18,44.36,44.53,41.88,42.12,627376.0
2022-11-21,41.87,42.665,41.7904,42.14,515099.0
2022-11-22,42.11,42.58,41.81,42.43,368477.0
2022-11-23,42.39,42.745,42.025,42.5,380072.0
2022-11-25,42.2,43.11,42.16,42.72,253727.0
2022-11-28,42.23,42.5,41.31,41.56,340614.0
2022-11-29,41.61,42.295,41.5,41.79,312653.0
2022-11-30,42.13,43.23,40.73,43.22,493872.0
2022-12-01,43.2,44.0,42.8601,43.7,327563.0
2022-12-02,43.02,44.6325,42.63,44.2,440796.0
2022-12-05,43.8,43.875,41.78,42.46,534026.0
2022-12-06,42.31,42.33,40.1,40.74,583212.0
2022-12-07,40.54,40.74,39.34,40.41,713083.0
2022-12-08,40.62,41.28,40.3,41.26,520412.0
2022-12-09,40.91,41.83,40.91,41.66,405748.0
2022-12-12,41.33,42.44,41.05,42.38,466805.0
2022-12-13,44.2,44.75,42.96,43.06,669441.0
2022-12-14,42.77,43.82,42.42,42.7,546344.0
2022-12-15,42.01,42.18,40.7,41.2,494147.0
2022-12-16,40.51,40.85,39.95,40.77,989799.0
2022-12-19,40.77,41.08,39.4827,39.56,591972.0
2022-12-20,39.41,40.29,39.29,39.82,368289.0
2022-12-21,40.37,41.11,40.37,40.76,280175.0
2022-12-22,40.06,40.17,39.17,39.66,467109.0
2022-12-23,39.56,39.85,38.89,39.02,552088.0
2022-12-27,39.17,39.35,38.51,39.03,310380.0
2022-12-28,39.03,39.29,38.25,38.3,399051.0
2022-12-29,38.6,39.09,38.515,38.79,407198.0
2022-12-30,38.16,38.615,37.835,38.37,346432.0
2023-01-03,38.85,39.71,38.37,38.97,430854.0
2023-01-04,39.37,40.34,38.7,39.89,775407.0
2023-01-05,39.6,41.21,39.17,41.2,662326.0
2023-01-06,41.71,42.75,41.535,42.44,681755.0
2023-01-09,42.48,43.62,42.35,42.84,506754.0
2023-01-10,42.43,44.24,42.43,43.89,467708.0
2023-01-11,42.92,44.555,42.92,44.35,799114.0
2023-01-12,44.5,45.36,43.618,45.34,803038.0
2023-01-13,44.88,45.66,44.79,45.14,428737.0
2023-01-17,44.91,45.86,44.73,44.89,445989.0
2023-01-18,44.98,45.91,44.605,45.16,396306.0
2023-01-19,44.68,45.22,43.83,44.88,523116.0
2023-01-20,45.19,45.83,44.78,45.35,536342.0
2023-01-23,45.16,46.11,45.14,46.06,438208.0
2023-01-24,45.63,46.12,45.41,45.43,241038.0
2023-01-25,44.84,45.1,44.47,45.1,277497.0
2023-01-26,45.45,45.73,44.705,45.64,327712.0
2023-01-27,45.59,46.43,45.44,46.17,627565.0
2023-01-30,45.71,46.4,45.35,45.84,642263.0
2023-01-31,46.01,46.75,45.6,46.75,538589.0
2023-02-01,46.56,47.85,45.57,47.32,612997.0
2023-02-02,47.79,50.23,47.56,49.0,839397.0
2023-02-03,48.33,49.69,48.33,49.34,478552.0
2023-02-06,48.93,49.66,48.77,49.01,622805.0
2023-02-07,48.51,48.665,46.71,47.68,694363.0
2023-02-08,47.13,48.33,46.81,47.06,557259.0
2023-02-09,46.12,46.45,42.54,43.74,1956481.0
2023-02-10,43.66,44.94,43.66,44.25,878269.0
2023-02-13,44.19,47.01,43.96,46.97,734836.0
2023-02-14,46.79,47.41,46.09,46.67,626710.0
2023-02-15,46.65,46.95,45.87,46.72,413118.0
2023-02-16,45.96,46.46,45.42,45.5,420305.0
2023-02-17,45.09,45.59,44.36,45.39,398598.0
2023-02-21,44.24,44.89,43.36,43.57,594642.0
2023-02-22,43.5,44.18,42.69,43.32,809131.0
2023-02-23,43.0,43.89,42.34,42.77,764519.0
2023-02-24,42.13,42.545,41.68,42.27,663880.0
2023-02-27,42.67,43.27,42.265,43.03,804518.0
2023-02-28,43.03,43.59,42.7,42.83,717697.0
2023-03-01,42.85,43.58,42.64,42.93,765757.0
2023-03-02,42.29,42.97,41.945,42.89,496493.0
2023-03-03,43.07,43.45,42.38,43.1,548367.0
2023-03-06,43.05,43.0855,42.11,42.24,490149.0
2023-03-07,42.1,42.51,41.42,41.44,488395.0
2023-03-08,41.47,41.87,41.21,41.75,515094.0
2023-03-09,41.68,41.84,40.38,40.47,399032.0
2023-03-10,40.0,40.2,38.36,39.06,572888.0
2023-03-13,38.2,38.55,37.2,37.91,775275.0
2023-03-14,39.55,39.775,37.63,38.6,588822.0
2023-03-15,37.18,38.78,37.03,38.75,658902.0
2023-03-16,38.4,40.08,38.185,39.89,666429.0
2023-03-17,39.73,39.87,38.3501,39.07,895656.0
2023-03-20,39.7,40.18,38.99,39.47,428355.0
2023-03-21,40.57,40.81,39.62,39.88,452131.0
2023-03-22,39.96,40.18,38.56,38.62,472567.0
2023-03-23,38.73,39.39,38.375,38.58,400045.0
2023-03-24,37.35,37.82,36.0,37.75,820274.0
2023-03-27,38.57,38.59,37.99,38.1,458888.0
2023-03-28,37.92,38.16,36.94,37.51,663279.0
2023-03-29,38.1,38.12,36.9,37.49,805939.0
2023-03-30,37.94,38.37,37.1,37.15,486299.0
2023-03-31,37.43,38.46,37.31,38.44,776402.0
2023-04-03,38.36,38.83,37.67,37.96,550022.0
2023-04-04,38.1,38.1,36.8,37.32,381144.0
2023-04-05,36.89,38.08,36.66,38.04,525640.0
2023-04-06,38.31,38.59,38.03,38.53,342621.0
2023-04-10,38.44,39.585,38.325,39.15,738503.0
2023-04-11,39.43,40.38,39.14,40.23,447177.0
2023-04-12,40.42,40.755,39.98,40.09,418284.0
2023-04-13,40.13,41.265,39.96,40.86,596955.0
2023-04-14,41.26,41.87,40.98,41.58,676482.0
2023-04-17,41.54,42.37,41.44,41.57,691204.0
2023-04-18,41.53,41.85,40.87,41.58,557193.0
2023-04-19,41.36,42.24,40.95,41.68,435458.0
2023-04-20,41.37,42.055,41.29,41.73,394673.0
2023-04-21,41.99,42.89,41.35,42.78,556786.0
2023-04-24,42.87,43.0,41.57,42.6,558056.0
2023-04-25,42.2,42.2,41.55,41.94,603923.0
2023-04-26,41.52,42.13,40.31,40.6,1039657.0
2023-04-27,39.5,39.5,36.335,37.37,1720221.0
2023-04-28,37.49,38.79,37.09,37.88,811538.0
2023-05-01,37.88,38.6,37.26,37.56,576891.0
2023-05-02,37.17,37.215,35.83,36.7,715618.0
2023-05-03,36.7,37.105,36.02,36.05,818711.0
2023-05-04,35.46,35.75,34.58,35.59,804198.0
2023-05-05,35.69,36.53,34.89,34.98,611100.0
2023-05-08,35.24,35.4681,34.385,34.68,418367.0
2023-05-09,34.44,35.03,34.21,34.92,342736.0
2023-05-10,35.47,35.67,34.59,35.06,442115.0
2023-05-11,34.67,34.88,33.87,34.22,397414.0
2023-05-12,34.48,34.6399,33.985,34.43,377248.0
2023-05-15,34.65,35.28,34.29,35.09,355805.0
2023-05-16,34.96,34.96,34.03,34.62,542328.0
2023-05-17,34.94,36.17,34.85,36.1,600334.0
2023-05-18,36.01,36.68,35.41,36.59,467951.0
2023-05-19,36.87,36.87,36.13,36.47,453664.0
2023-05-22,36.66,37.82,36.325,37.63,528527.0
2023-05-23,37.61,38.47,37.5,37.9,526932.0
2023-05-24,37.71,38.325,36.43,37.88,681742.0
2023-05-25,37.72,38.53,37.5,38.1,461211.0
2023-05-26,38.09,38.65,37.97,38.46,386600.0
2023-05-30,38.49,39.02,38.25,38.71,369232.0
2023-05-31,38.48,38.48,37.5,37.87,515505.0
2023-06-01,38.03,38.3,37.34,38.12,443262.0
2023-06-02,38.75,40.0,38.72,39.78,579515.0
2023-06-05,42.6,42.6,39.67,39.83,1141074.0
2023-06-06,39.4,41.395,39.34,40.65,750581.0
2023-06-07,40.98,42.27,40.88,41.83,957453.0
2023-06-08,41.69,42.61,41.27,42.56,659541.0
2023-06-09,42.57,43.66,42.57,43.13,950453.0
2023-06-12,42.97,43.94,42.76,43.64,925918.0
2023-06-13,44.0,45.72,43.93,45.55,1251630.0
2023-06-14,45.44,47.385,45.36,46.29,1404135.0
2023-06-15,46.13,46.82,45.62,46.53,1576200.0
2023-06-16,46.57,46.98,44.02,45.38,15139886.0
2023-06-20,44.91,45.48,43.96,43.99,1771296.0
2023-06-21,43.72,44.08,42.8,43.33,1642788.0
2023-06-22,43.32,43.55,42.39,43.36,802943.0
2023-06-23,42.86,43.3,42.06,42.28,1680508.0
2023-06-26,42.28,43.6,42.19,43.0,781059.0
2023-06-27,43.16,44.74,42.83,44.62,1053970.0
2023-06-28,44.53,45.78,44.05,45.54,762145.0
2023-06-29,45.78,46.8,45.69,46.3,894231.0
2023-06-30,46.64,46.64,45.2,45.34,793636.0
2023-07-03,45.41,45.75,45.26,45.46,367595.0
2023-07-05,45.26,45.285,44.42,44.77,922391.0
2023-07-06,44.42,44.47,43.395,44.28,746014.0
2023-07-07,44.37,45.57,44.3,44.62,969011.0
2023-07-10,44.27,45.88,44.27,45.87,630535.0
2023-07-11,46.42,47.46,46.3,47.4,1018169.0
2023-07-12,48.42,49.13,47.77,47.86,1400280.0
2023-07-13,48.02,49.09,48.02,48.49,1238304.0
2023-07-14,48.53,48.74,47.06,48.54,961134.0
2023-07-17,48.24,49.63,48.24,49.42,909582.0
2023-07-18,49.33,50.53,49.33,50.4,935541.0
2023-07-19,50.4,51.27,49.93,51.23,681975.0
2023-07-20,51.42,51.42,50.51,50.82,723468.0
2023-07-21,51.18,51.4,50.43,50.51,614327.0
2023-07-24,50.47,51.05,50.22,50.74,797857.0
2023-07-25,50.97,52.5,50.805,51.78,862533.0
2023-07-26,51.38,52.23,51.0,52.01,1117800.0
2023-07-27,45.98,50.48,45.25,47.89,1962405.0
2023-07-28,48.5,48.675,47.25,47.61,967207.0
2023-07-31,47.61,49.24,47.48,48.83,805425.0
2023-08-01,47.71,48.82,47.56,48.75,472233.0
2023-08-02,48.12,48.31,47.4,47.9,506982.0
2023-08-03,47.48,48.45,47.27,48.41,540775.0
2023-08-04,48.12,48.675,47.77,48.12,345846.0
2023-08-07,48.56,48.725,47.97,48.45,454024.0
2023-08-08,48.05,48.08,47.04,47.8,674900.0
2023-08-09,48.09,48.09,47.15,47.74,429737.0
2023-08-10,47.94,48.635,47.78,48.02,367784.0
2023-08-11,48.09,48.38,47.76,48.0,640302.0
2023-08-14,47.81,47.94,47.17,47.52,609789.0
2023-08-15,47.19,47.25,45.96,45.97,684854.0
2023-08-16,45.98,46.44,44.95,44.96,647132.0
2023-08-17,45.19,45.29,44.275,44.41,441847.0
2023-08-18,43.97,44.88,43.97,44.53,605803.0
2023-08-21,44.6,44.9158,43.77,44.14,664587.0
2023-08-22,44.1,44.33,43.64,43.88,425441.0
2023-08-23,44.05,44.6,43.8,44.32,426659.0
2023-08-24,44.08,44.94,43.93,44.79,441796.0
2023-08-25,45.02,45.515,44.01,45.14,474362.0
2023-08-28,45.25,46.3,45.25,46.05,353768.0
2023-08-29,45.94,47.93,45.94,47.91,442139.0
2023-08-30,47.98,48.155,47.28,47.65,649731.0
2023-08-31,47.46,48.1699,47.27,47.41,1062135.0
2023-09-01,47.5,48.235,47.41,47.9,477599.0
2023-09-05,47.42,47.48,45.32,45.35,728228.0
2023-09-06,45.02,46.07,44.95,45.6,540940.0
2023-09-07,45.17,46.01,44.67,45.87,523440.0
2023-09-08,46.02,47.14,45.69,46.9,414840.0
2023-09-11,47.23,47.31,46.53,46.61,339333.0
2023-09-12,46.47,47.43,46.415,47.43,306112.0
2023-09-13,47.67,47.8699,46.665,46.92,563637.0
2023-09-14,47.5,48.09,47.28,48.01,477650.0
2023-09-15,47.95,48.65,47.8,48.42,1650882.0
2023-09-18,48.37,49.06,47.92,48.03,601854.0
2023-09-19,47.74,48.23,46.4,46.44,757136.0
2023-09-20,46.9,47.23,45.59,45.63,652531.0
2023-09-21,45.08,45.35,44.55,44.83,1107147.0
2023-09-22,45.08,45.44,44.36,44.61,476100.0
2023-09-25,44.12,45.4,44.05,45.35,502608.0
2023-09-26,45.25,45.55,44.1343,44.43,538343.0
2023-09-27,44.68,45.24,44.565,44.84,373587.0
2023-09-28,44.93,46.2,44.838,45.86,600744.0
2023-09-29,46.23,46.33,44.99,45.13,549131.0
2023-10-02,44.81,45.09,43.62,44.06,562848.0
2023-10-03,43.67,43.76,42.9,43.65,648436.0
2023-10-04,43.77,44.11,42.8,43.83,485438.0
2023-10-05,43.9,44.89,43.76,44.62,591633.0
2023-10-06,44.33,44.585,42.96,43.55,582662.0
2023-10-09,43.05,44.245,43.05,44.07,490196.0
2023-10-10,44.16,45.005,44.16,44.47,774776.0
2023-10-11,44.93,45.41,44.65,45.35,466661.0
2023-10-12,45.63,45.63,43.77,43.8,581917.0
2023-10-13,43.92,44.16,43.12,43.61,669210.0
2023-10-16,44.15,44.36,43.45,43.94,597105.0
2023-10-17,43.69,44.57,43.69,44.32,800245.0
2023-10-18,43.62,43.62,42.2632,42.55,563693.0
2023-10-19,42.45,42.9,41.33,41.43,607131.0
2023-10-20,41.45,41.645,40.8,40.85,726045.0
2023-10-23,40.68,41.71,40.4602,40.7,742858.0
2023-10-24,41.1,41.375,40.31,40.42,752345.0
2023-10-25,39.9,40.4,38.58,39.08,833435.0
2023-10-26,39.08,40.76,39.08,40.43,1019700.0
2023-10-27,40.69,40.9,39.8,39.91,609094.0
2023-10-30,40.58,40.63,39.82,40.21,727681.0
2023-10-31,40.51,41.8,39.91,41.64,913205.0
2023-11-01,41.65,42.69,41.23,42.6,877520.0
2023-11-02,43.38,44.11,42.92,43.77,799185.0
2023-11-03,44.0,44.28,40.68,43.36,1918662.0
2023-11-06,42.38,42.85,41.81,42.77,815643.0
2023-11-07,42.73,43.19,41.98,42.16,598903.0
2023-11-08,42.31,42.73,42.16,42.29,524261.0
2023-11-09,42.7,42.7,41.3975,41.76,635987.0
2023-11-10,41.38,41.84,40.88,41.57,427849.0
2023-11-13,41.2,41.8967,41.18,41.55,451522.0
2023-11-14,42.74,44.35,42.585,44.06,807224.0
2023-11-15,44.02,45.01,44.02,44.99,629150.0
2023-11-16,45.05,45.16,44.34,44.85,594160.0
2023-11-17,45.23,45.77,44.97,45.32,664882.0
2023-11-20,45.33,45.335,44.63,44.7,608484.0
2023-11-21,44.44,44.655,44.06,44.36,404113.0
2023-11-22,44.78,44.9243,44.32,44.75,301333.0
2023-11-24,44.74,45.27,44.69,44.97,162825.0
2023-11-27,44.78,46.02,44.525,45.91,510528.0
2023-11-28,45.95,46.51,45.45,46.34,574882.0
2023-11-29,46.8,47.8985,46.8,47.11,718206.0
2023-11-30,47.26,47.66,46.95,47.45,629414.0
2023-12-01,47.18,49.355,47.18,49.22,608355.0
2023-12-04,49.43,51.365,49.4,51.19,833059.0
2023-12-05,50.73,51.59,50.46,50.88,513026.0
2023-12-06,51.26,52.92,51.235,51.31,696203.0
2023-12-07,51.52,53.31,51.52,52.76,723362.0
2023-12-08,52.6,53.86,52.43,53.59,624071.0
2023-12-11,53.29,53.32,52.33,52.77,533853.0
2023-12-12,52.94,53.42,52.665,52.76,518849.0
2023-12-13,52.67,54.865,51.7,54.59,1712728.0
2023-12-14,55.84,57.98,55.32,57.54,1237733.0
2023-12-15,57.23,58.67,56.74,58.2,1459069.0
2023-12-18,58.41,58.41,56.57,56.8,859835.0
2023-12-19,57.48,57.94,56.66,57.54,1076127.0
2023-12-20,57.35,58.13,55.74,55.84,710795.0
2023-12-21,56.57,56.87,56.03,56.81,422852.0
2023-12-22,57.1,57.86,56.51,56.61,552601.0
2023-12-26,56.69,57.55,56.69,57.19,268010.0
2023-12-27,57.4,57.74,56.91,57.59,508453.0
2023-12-28,57.25,57.65,57.03,57.22,312080.0
2023-12-29,57.05,57.23,56.1,56.13,307803.0
2024-01-02,55.45,56.05,55.03,55.68,603438.0
2024-01-03,55.06,55.25,53.81,54.44,692312.0
2024-01-04,54.23,54.9589,54.0,54.23,662787.0
2024-01-05,53.86,55.205,53.86,54.54,404133.0
2024-01-08,54.74,56.12,54.73,56.09,401147.0
2024-01-09,55.09,55.22,54.39,54.69,473897.0
2024-01-10,54.52,54.79,53.62,53.72,483306.0
2024-01-11,53.57,53.57,51.71,52.7,749756.0
2024-01-12,53.21,53.5,52.06,53.2,485237.0
2024-01-16,52.56,53.57,52.04,53.55,406595.0
2024-01-17,52.56,53.33,52.41,53.28,344821.0
2024-01-18,53.8,54.02,52.795,53.24,420827.0
2024-01-19,53.38,54.0,52.48,53.88,904773.0
2024-01-22,54.19,55.55,54.19,55.55,477180.0
2024-01-23,56.01,56.13,54.49,55.04,500667.0
2024-01-24,55.86,56.25,55.11,55.25,415232.0
2024-01-25,56.12,56.49,55.605,55.65,493777.0
2024-01-26,55.84,56.14,55.275,55.39,315087.0
2024-01-29,55.37,57.69,55.01,57.67,482171.0
2024-01-30,57.3,57.39,56.35,56.96,408888.0
2024-01-31,56.99,56.99,54.79,54.97,434071.0
2024-02-01,55.36,55.98,54.54,55.88,547195.0
2024-02-02,55.49,57.485,54.96,56.86,591588.0
2024-02-05,56.15,56.245,54.89,55.03,648172.0
2024-02-06,55.13,55.745,54.12,54.73,569803.0
2024-02-07,54.92,55.55,54.06,54.69,773243.0
2024-02-08,55.2,56.0,52.35,55.22,1136248.0
2024-02-09,55.23,55.395,53.8701,54.17,881389.0
2024-02-12,54.17,56.46,53.975,56.08,992071.0
2024-02-13,53.75,54.75,53.19,53.63,1141725.0
2024-02-14,54.11,54.74,53.34,54.13,801986.0
2024-02-15,55.02,56.43,54.73,56.37,1037225.0
2024-02-16,55.08,56.35,54.815,55.71,619530.0
2024-02-20,54.93,55.67,54.52,55.37,426886.0
2024-02-21,55.07,55.09,54.01,54.78,456416.0
2024-02-22,54.76,55.675,54.57,55.57,574983.0
2024-02-23,54.5,55.45,53.74,53.96,1247076.0
2024-02-26,53.67,54.5948,52.57,53.53,824479.0
2024-02-27,52.8,53.722,52.76,53.44,770641.0
2024-02-28,53.0,53.87,53.0,53.78,494708.0
2024-02-29,54.39,54.91,53.56,54.04,1025724.0
2024-03-01,53.86,54.37,53.29,53.57,772679.0
2024-03-04,53.29,53.81,51.98,52.1,735535.0
2024-03-05,51.78,52.5,51.52,52.34,1141260.0
2024-03-06,52.91,52.97,51.72,52.05,506743.0
2024-03-07,52.41,52.81,52.0,52.2,725361.0
2024-03-08,52.61,53.94,52.3317,53.2,620906.0
2024-03-11,53.1,53.45,52.575,53.43,632161.0
2024-03-12,53.31,53.49,52.41,52.42,567192.0
2024-03-13,53.79,54.89,53.68,54.36,893114.0
2024-03-14,54.2,54.2,52.69,53.2,533368.0
2024-03-15,52.83,54.41,52.83,53.65,1397498.0
2024-03-18,53.78,54.5,53.475,53.71,608776.0
2024-03-19,53.5,56.05,53.5,55.05,901603.0
2024-03-20,54.72,56.23,54.4,55.67,410205.0
2024-03-21,56.03,57.895,55.8601,57.13,567430.0
2024-03-22,56.72,56.74,55.58,55.69,324503.0
2024-03-25,55.75,56.32,55.31,55.33,533650.0
2024-03-26,54.63,55.22,54.19,55.17,556693.0
2024-03-27,55.71,57.49,55.7,57.49,743117.0
2024-03-28,57.7,57.83,56.74,56.77,432885.0
2024-04-01,57.01,57.04,56.014,56.17,316025.0
2024-04-02,55.72,56.15,54.9,55.75,456246.0
2024-04-03,55.48,56.77,55.48,56.26,429759.0
2024-04-04,56.93,57.11,55.64,55.71,578594.0
2024-04-05,55.68,56.58,55.18,56.36,455688.0
2024-04-08,57.17,57.38,56.105,56.7,666789.0
2024-04-09,56.72,57.39,56.16,57.12,399790.0
2024-04-10,55.86,56.175,53.99,54.04,681155.0
2024-04-11,54.24,54.29,53.19,53.43,723594.0
2024-04-12,52.85,53.02,51.67,52.05,768173.0
2024-04-15,52.22,52.485,51.12,51.73,587261.0
2024-04-16,51.4,51.6896,50.75,51.11,520766.0
2024-04-17,51.47,51.88,51.21,51.26,307198.0
2024-04-18,51.37,51.82,50.83,50.97,374100.0
2024-04-19,50.97,52.09,50.97,51.66,589537.0
2024-04-22,52.0,53.57,51.62,53.22,690547.0
2024-04-23,53.25,54.78,53.235,54.6,612500.0
2024-04-24,54.6,54.715,53.33,53.99,856056.0
2024-04-25,50.55,51.38,46.24,50.26,1758854.0
2024-04-26,50.19,50.975,49.54,49.75,811805.0
2024-04-29,49.96,50.74,49.755,50.05,545653.0
2024-04-30,49.79,49.79,48.95,49.08,712590.0
2024-05-01,49.26,51.74,48.825,50.4,947722.0
2024-05-02,51.22,51.87,50.51,51.86,461890.0
2024-05-03,52.38,52.4,51.41,51.58,466804.0
2024-05-06,52.19,52.65,51.82,52.39,581027.0
2024-05-07,52.77,52.975,52.0,52.03,381661.0
2024-05-08,51.61,52.99,51.605,52.93,470490.0
2024-05-09,53.11,54.32,52.835,54.14,536335.0
2024-05-10,54.08,54.46,53.65,54.43,482467.0
2024-05-13,54.67,55.3799,54.445,55.04,685766.0
2024-05-14,55.73,56.18,54.93,55.74,484858.0
2024-05-15,56.27,56.83,55.89,56.03,463479.0
2024-05-16,55.8,56.45,55.56,56.31,328362.0
2024-05-17,56.3,56.81,55.81,56.66,447572.0
2024-05-20,56.5,57.36,56.44,56.91,385268.0
2024-05-21,56.91,58.0,56.5101,57.92,431929.0
2024-05-22,57.84,58.26,57.345,57.75,595004.0
2024-05-23,57.77,57.77,56.4,56.65,489025.0
2024-05-24,57.01,57.91,56.86,57.88,339114.0
2024-05-28,58.11,58.36,57.39,57.84,480763.0
2024-05-29,57.09,57.12,55.43,55.6,425515.0
2024-05-30,56.0,56.56,55.71,56.34,297755.0
2024-05-31,56.71,56.765,54.9964,56.61,1019064.0
2024-06-03,57.01,57.01,55.36,55.49,494476.0
2024-06-04,55.1,55.525,54.65,54.81,430990.0
2024-06-05,55.26,56.045,54.78,55.23,465777.0
2024-06-06,55.04,55.35,54.35,54.52,278215.0
2024-06-07,53.91,54.47,53.65,54.1,399041.0
2024-06-10,53.37,53.86,52.67,52.8,522197.0
2024-06-11,52.55,53.18,52.29,52.31,429531.0
2024-06-12,54.07,55.16,52.89,52.95,680285.0
2024-06-13,52.67,52.775,51.84,52.3,301585.0
2024-06-14,51.67,52.86,51.67,52.41,382432.0
2024-06-17,52.28,52.62,51.8,52.36,328486.0
2024-06-18,52.47,53.945,52.47,53.69,411375.0
2024-06-20,53.64,54.11,53.0,53.76,420261.0
2024-06-21,53.79,53.79,52.47,52.66,1112032.0
2024-06-24,52.89,53.86,52.85,53.16,466723.0
2024-06-25,52.99,53.41,52.31,52.84,451021.0
2024-06-26,52.41,53.36,52.2725,53.31,482983.0
2024-06-27,53.5,54.78,53.025,54.68,842947.0
2024-06-28,55.15,57.41,55.095,56.86,2066636.0
2024-07-01,56.84,57.46,56.25,57.14,468208.0
2024-07-02,56.99,57.75,56.95,57.24,295863.0
2024-07-03,57.68,57.7994,57.09,57.26,189151.0
2024-07-05,57.01,58.18,56.62,58.08,275051.0
2024-07-08,58.37,59.01,57.75,57.78,374800.0
2024-07-09,58.08,58.63,57.87,58.15,456273.0
2024-07-10,57.94,59.05,57.53,58.84,434222.0
2024-07-11,59.69,60.63,59.09,60.11,802360.0
2024-07-12,60.76,61.63,60.535,61.02,536982.0
2024-07-15,61.93,63.95,61.77,63.92,742783.0
2024-07-16,64.04,66.55,64.04,66.28,731466.0
2024-07-17,65.93,67.5,65.42,66.85,688545.0
2024-07-18,66.6,68.5,64.955,65.09,814267.0
2024-07-19,65.04,65.51,63.74,64.34,472552.0
2024-07-22,64.62,65.12,63.6,64.78,748058.0
2024-07-23,64.78,66.56,64.67,64.79,538442.0
2024-07-24,64.27,64.83,62.69,62.79,991906.0
2024-07-25,62.32,67.75,62.32,66.82,1634562.0
2024-07-26,68.08,68.37,66.83,68.08,723517.0
2024-07-29,68.32,68.8399,66.41,67.39,591162.0
2024-07-30,68.04,69.47,67.64,69.13,902275.0
2024-07-31,69.29,70.0,67.87,68.0,1071145.0
2024-08-01,68.53,68.815,64.1,64.25,1032458.0
2024-08-02,61.53,62.6999,61.17,62.22,1003792.0
2024-08-05,58.53,61.33,58.01,59.72,829028.0
2024-08-06,59.64,61.61,59.3,60.82,662000.0
2024-08-07,61.6,62.06,59.41,59.58,698015.0
2024-08-08,60.44,61.15,59.84,60.51,612115.0
2024-08-09,60.72,61.37,60.31,61.1,320005.0
2024-08-12,61.06,61.08,60.0,60.13,325002.0
2024-08-13,60.78,62.235,60.3,62.06,375198.0
2024-08-14,62.35,62.68,61.35,62.66,373537.0
2024-08-15,64.15,64.62,63.55,64.15,513893.0
2024-08-16,63.94,64.95,63.64,64.86,379929.0
2024-08-19,64.89,65.13,64.26,64.73,424862.0
2024-08-20,64.52,64.54,63.0,63.25,203918.0
2024-08-21,63.55,64.44,62.92,64.03,257718.0
2024-08-22,64.0,65.55,63.83,65.41,671216.0
2024-08-23,65.6,68.3,65.57,67.8,953320.0
2024-08-26,68.29,68.36,67.31,68.36,644936.0
2024-08-27,67.75,68.57,67.4,68.25,553557.0
2024-08-28,67.66,68.56,66.86,66.86,576600.0
2024-08-29,67.31,67.31,66.58,66.65,483474.0
2024-08-30,66.8,66.87,66.0101,66.79,566853.0
2024-09-03,65.86,66.54,63.82,64.62,597264.0
2024-09-04,64.17,65.36,64.06,64.35,1124913.0
2024-09-05,64.72,65.73,64.22,65.29,408485.0
2024-09-06,65.26,65.755,62.86,63.48,1150156.0
2024-09-09,63.81,65.37,63.445,64.35,743542.0
2024-09-10,64.62,64.62,62.34,63.45,1015052.0
2024-09-11,63.2,63.29,61.41,62.69,853671.0
2024-09-12,62.6,64.45,62.01,64.1,785755.0
2024-09-13,65.08,68.02,65.065,67.35,668992.0
2024-09-16,67.46,68.34,66.67,68.3,468143.0
2024-09-17,68.74,70.06,68.555,69.28,615384.0
2024-09-18,69.6,70.66,68.4001,68.93,590825.0
2024-09-19,70.72,70.75,69.68,70.62,977099.0
2024-09-20,70.76,70.825,69.57,70.17,1312778.0
2024-09-23,70.62,71.34,69.735,70.09,806494.0
2024-09-24,70.47,70.59,69.66,70.57,625428.0
2024-09-25,70.5,70.7792,68.86,69.43,652871.0
2024-09-26,69.89,70.72,69.17,69.21,446132.0
2024-09-27,69.77,70.19,68.09,68.93,621450.0
2024-09-30,68.12,68.8178,67.68,68.51,598372.0
2024-10-01,68.41,68.41,67.08,67.93,857687.0
2024-10-02,67.29,68.46,66.26,66.44,905782.0
2024-10-03,66.23,67.2299,65.845,66.42,693566.0
2024-10-04,67.58,68.82,67.14,68.69,829238.0
2024-10-07,68.45,68.45,66.56,66.6,542597.0
2024-10-08,66.69,67.495,66.5,67.22,692952.0
2024-10-09,67.31,68.05,66.43,67.22,747590.0
2024-10-10,66.21,66.83,65.8,66.73,580801.0
2024-10-11,66.92,69.01,66.92,68.98,439636.0
2024-10-14,68.88,69.77,68.82,69.67,430624.0
2024-10-15,69.51,72.15,69.455,70.95,708034.0
2024-10-16,71.92,72.4,71.4,71.75,501174.0
2024-10-17,71.37,72.8,71.26,71.9,385617.0
2024-10-18,72.18,72.3,71.24,71.32,497897.0
2024-10-21,71.5,71.5,70.495,70.64,530790.0
2024-10-22,70.48,70.685,69.77,70.39,400768.0
2024-10-23,69.79,70.17,68.1,68.24,647069.0
2024-10-24,68.27,69.165,66.315,66.96,837208.0
2024-10-25,67.58,68.01,65.83,65.89,1228214.0
2024-10-28,65.39,67.385,65.22,67.04,580605.0
2024-10-29,66.44,67.52,65.9,67.48,429615.0
2024-10-30,67.45,69.02,66.73,66.88,306539.0
2024-10-31,66.99,68.06,66.39,66.4,379684.0
2024-11-01,67.2,68.03,66.75,66.93,365788.0
2024-11-04,66.0,66.23,65.18,65.74,598112.0
2024-11-05,65.91,68.01,65.795,68.0,542327.0
2024-11-06,75.44,80.61,74.68,80.49,2133150.0
2024-11-07,80.35,81.6,76.5,77.27,1746753.0
2024-11-08,78.04,78.32,76.58,77.01,645067.0
2024-11-11,77.9801,79.4899,77.37,78.0,909032.0
2024-11-12,78.12,78.515,76.43,76.93,780048.0
2024-11-13,77.315,77.77,75.08,75.36,833131.0
2024-11-14,76.24,76.7,75.08,76.33,714122.0
2024-11-15,76.45,76.71,74.66,74.69,664339.0
2024-11-18,75.31,75.38,73.52,73.65,449444.0
2024-11-19,72.94,74.49,72.6007,73.93,451697.0
2024-11-20,73.7,73.94,72.65,73.38,326400.0
2024-11-21,74.0339,75.44,73.27,74.64,521542.0
2024-11-22,75.045,75.81,74.415,75.05,493673.0
2024-11-25,76.21,78.27,75.95,77.58,718702.0
2024-11-26,77.245,77.28,75.8,76.9,343396.0
2024-11-27,77.27,78.0113,75.64,75.85,456269.0
2024-11-29,76.31,77.29,75.68,76.98,326264.0
2024-12-02,77.525,77.74,75.77,75.81,438387.0
2024-12-03,76.45,76.895,75.25,75.46,453061.0
2024-12-04,75.73,76.67,75.295,75.94,567338.0
2024-12-05,75.855,76.365,75.16,75.25,422777.0
2024-12-06,76.0,76.47,74.97,75.69,361197.0
2024-12-09,77.185,78.15,75.08,75.6,798083.0
2024-12-10,75.535,75.535,73.43,73.63,1011753.0
2024-12-11,74.405,74.94,73.88,74.29,656228.0
2024-12-12,74.06,75.69,73.92,75.1,479815.0
2024-12-13,75.1,75.65,73.42,73.93,346191.0
2024-12-16,74.0,76.31,73.575,75.99,525261.0
2024-12-17,75.49,75.49,73.42,74.4,665162.0
2024-12-18,74.765,76.785,70.445,70.99,928814.0
2024-12-19,71.895,73.57,71.24,71.72,533614.0
2024-12-20,70.86,74.09,70.66,73.81,1260007.0
2024-12-23,73.715,74.33,73.17,74.28,407622.0
2024-12-24,74.11,75.0075,73.8924,74.84,168654.0
2024-12-26,74.54,75.77,74.18,75.41,311568.0
2024-12-27,74.685,75.3,73.28,74.46,284309.0
2024-12-30,73.41,74.5,72.65,74.17,406499.0
2024-12-31,74.62,74.86,73.665,73.88,383730.0
2025-01-02,74.08,75.38,73.59,74.2,1123571.0
2025-01-03,74.37,75.13,74.15,74.86,513739.0
2025-01-06,75.3595,76.241,74.7,75.46,550019.0
2025-01-07,75.73,75.855,72.56,73.88,841522.0
2025-01-08,74.01,76.671,73.824,74.73,1533526.0
2025-01-10,72.26,72.38,70.69,71.44,1044786.0
2025-01-13,70.2,71.0665,69.7,70.72,871363.0
2025-01-14,71.585,72.9,70.89,72.81,633493.0
2025-01-15,76.1,76.3,74.32,75.28,586420.0
2025-01-16,75.74,77.33,75.545,76.57,455007.0
2025-01-17,77.41,77.65,76.66,77.34,523424.0
2025-01-21,78.0,79.36,77.82,79.21,485391.0
2025-01-22,79.005,79.535,78.38,78.49,833799.0
2025-01-23,77.81,78.675,77.49,77.87,580892.0
2025-01-24,77.69,78.17,76.85,78.04,481943.0
2025-01-27,77.44,77.79,75.28,75.99,686997.0
2025-01-28,76.19,78.06,75.95,77.74,335869.0
2025-01-29,77.96,79.148,76.6,77.36,503171.0
2025-01-30,78.4,78.86,77.34,77.77,333569.0
2025-01-31,78.54,80.0,78.07,78.29,520750.0
2025-02-03,75.27,77.65,74.63,77.58,566959.0
2025-02-04,78.0,79.94,77.59,77.61,1160211.0
2025-02-05,78.37,80.08,78.32,79.68,1307112.0
2025-02-06,81.44,82.89,76.8,81.2,1525641.0
2025-02-07,81.38,81.38,78.29,78.8,1058433.0
2025-02-10,79.145,79.435,77.22,78.51,1427859.0
2025-02-11,78.41,78.41,76.92,77.57,836487.0
2025-02-12,76.12,77.14,74.81,76.02,795253.0
2025-02-13,76.615,76.935,74.9,75.76,784381.0
2025-02-14,76.115,77.17,75.77,75.95,490208.0
2025-02-18,75.74,77.38,75.25,77.34,540040.0
2025-02-19,76.68,78.57,76.08,77.75,672995.0
2025-02-20,77.83,77.85,73.31,73.56,593723.0
2025-02-21,73.515,73.73,69.21,71.27,1220224.0
2025-02-24,71.41,71.78,69.69,70.41,821343.0
2025-02-25,70.536,70.8,67.75,69.04,1397751.0
2025-02-26,69.12,71.46,68.99,70.59,1192852.0
2025-02-27,70.25,71.26,69.52,69.56,794636.0
2025-02-28,69.57,70.69,69.1877,70.64,562834.0
2025-03-03,70.5,71.301,67.55,68.17,727046.0
2025-03-04,67.0756,67.0756,63.455,64.67,1596838.0
2025-03-05,65.3,65.38,63.68,64.29,882616.0
2025-03-06,63.095,64.56,62.08,62.47,867182.0
2025-03-07,62.29,62.475,59.65,61.82,659940.0
2025-03-10,60.99,61.24,58.82,59.24,2098618.0
2025-03-11,59.22,61.12,59.11,59.79,1281495.0
2025-03-12,60.98,61.17,59.5,60.09,1215753.0
2025-03-13,59.21,59.69,57.83,58.55,1609211.0
2025-03-14,59.055,60.005,57.92,59.55,600368.0
2025-03-17,59.465,60.7,59.465,60.2,644463.0
2025-03-18,60.05,60.12,58.98,59.41,1118576.0
2025-03-19,59.46,61.22,58.935,60.18,1001150.0
2025-03-20,60.0,61.28,59.95,60.5,860770.0
2025-03-21,60.35,61.51,59.67,60.89,5740593.0
2025-03-24,62.07,63.4,62.07,62.99,703143.0
2025-03-25,63.154,63.83,62.54,62.92,665775.0
2025-03-26,62.985,63.95,61.62,61.63,703345.0
2025-03-27,60.91,61.06,59.06,59.66,1320063.0
2025-03-28,59.24,60.3599,57.335,57.91,705592.0
2025-03-31,56.88,58.78,56.48,58.36,928976.0
2025-04-01,58.03,59.0,57.23,58.38,737927.0
2025-04-02,57.38,60.615,57.06,60.13,820476.0
2025-04-03,56.36,56.36,52.78,52.94,1330649.0
2025-04-04,50.73,51.46,48.3,50.56,1489803.0
2025-04-07,47.79,52.83,47.09,50.05,1618886.0
2025-04-08,51.89,52.81,47.86,48.86,1685711.0
2025-04-09,48.055,55.21,47.0,54.31,1397966.0
2025-04-10,52.625,53.09,49.875,50.78,1177620.0
2025-04-11,53.245,53.245,48.73,50.6,996288.0
2025-04-14,51.36,52.6,50.92,52.12,1271554.0
2025-04-15,52.335,53.315,52.0,52.35,697168.0
2025-04-16,52.06,52.14,50.27,50.77,766704.0
2025-04-17,50.95,52.2,50.73,51.63,732693.0
2025-04-21,51.38,51.38,48.96,49.64,967182.0
2025-04-22,50.565,51.91,50.1682,51.37,1084400.0
2025-04-23,53.465,55.2276,51.925,52.15,2261068.0
2025-04-24,50.875,53.1,50.0,52.61,1859352.0
2025-04-25,52.395,53.24,51.96,52.53,1040882.0
2025-04-28,52.719,53.58,51.95,52.83,919263.0
2025-04-29,52.73,53.84,51.79,53.31,1223422.0
2025-04-30,52.325,53.68,51.64,53.58,1047820.0
2025-05-01,54.025,54.53,53.04,53.41,891880.0
2025-05-02,54.255,55.5,53.965,54.81,877826.0
2025-05-05,53.4,54.56,53.4,53.45,817008.0
2025-05-06,52.41,53.06,51.98,52.42,714401.0
2025-05-07,52.505,53.445,52.505,52.95,644581.0
2025-05-08,53.99,55.57,53.66,55.13,878209.0
2025-05-09,55.015,55.59,54.62,54.96,853234.0
2025-05-12,58.35,61.44,58.35,60.72,2056172.0
2025-05-13,61.19,61.61,60.705,61.14,1002612.0
2025-05-14,61.0,61.66,60.4201,60.79,898202.0
2025-05-15,60.65,61.445,60.375,61.07,738115.0
2025-05-16,61.21,62.1,60.87,61.47,882658.0
2025-05-19,60.17,61.805,59.87,60.88,815680.0
2025-05-20,60.63,60.99,59.77,60.18,716675.0
2025-05-21,59.445,59.85,56.6,56.77,912972.0
2025-05-22,56.26,57.08,56.26,56.57,716129.0
2025-05-23,55.225,56.81,54.83,56.55,949917.0
2025-05-27,57.445,58.45,56.815,58.37,516404.0
2025-05-28,58.03,58.295,57.04,57.12,781270.0
2025-05-29,57.44,57.9,56.82,57.86,682211.0
2025-05-30,57.555,58.16,56.99,57.11,969130.0
2025-06-02,56.95,57.02,55.92,56.88,593286.0
2025-06-03,56.745,58.02,56.4201,57.42,682415.0
2025-06-04,57.26,57.65,56.6,57.0,763047.0
2025-06-05,56.715,57.6599,56.63,57.31,501125.0
2025-06-06,58.53,59.16,58.0218,59.06,518786.0
2025-06-09,58.99,59.0099,57.57,58.47,827135.0
2025-06-10,58.625,58.86,57.38,57.79,898563.0
2025-06-11,58.11,58.6188,57.78,58.0,1025322.0
2025-06-12,57.745,58.91,57.2586,58.91,879400.0
2025-06-13,57.93,58.2425,55.7,55.99,1050800.0
2025-06-16,56.7,57.41,56.515,56.68,694280.0
2025-06-17,56.145,56.71,55.8,56.07,653252.0
2025-06-18,55.96,57.29,55.87,56.51,461939.0
2025-06-20,56.71,57.31,56.37,56.57,2143494.0
2025-06-23,57.475,59.54,57.04,59.53,1328689.0
2025-06-24,60.375,62.28,60.31,62.2,1107070.0
2025-06-25,62.31,62.67,61.55,61.76,917776.0
2025-06-26,62.0,63.16,61.78,62.99,776996.0
2025-06-27,63.27,63.9,62.68,62.96,1564453.0
2025-06-30,63.395,63.65,62.19,62.32,728138.0
2025-07-01,61.83,64.405,61.45,64.0,728624.0
2025-07-02,64.09,65.65,64.02,65.49,669866.0
2025-07-03,65.67,66.18,64.89,65.8,406487.0
2025-07-07,65.22,66.29,64.77,65.58,739304.0
2025-07-08,65.67,66.62,65.63,66.2,705813.0
2025-07-09,66.52,68.27,66.49,68.25,760175.0
2025-07-10,68.105,71.0299,68.105,70.37,752681.0
2025-07-11,70.065,70.495,68.97,69.47,715183.0
2025-07-14,69.775,70.915,69.145,70.73,902906.0
2025-07-15,71.12,71.12,69.5,69.53,876591.0
2025-07-16,69.905,71.24,68.95,71.08,757150.0
2025-07-17,70.56,72.5,70.3,71.83,899350.0
2025-07-18,71.48,72.32,69.9,70.45,831586.0
2025-07-21,70.9,71.025,68.735,68.81,936431.0
2025-07-22,69.075,70.7125,68.28,70.35,1167838.0
2025-07-23,70.72,71.7,70.59,70.98,1011683.0
2025-07-24,71.0,71.73,70.36,71.04,1422074.0
2025-07-25,72.75,73.99,70.1658,70.4,1564464.0
2025-07-28,70.56,71.44,69.88,71.28,1186333.0
2025-07-29,70.75,71.5,70.41,71.1,679912.0
2025-07-30,71.725,72.67,70.7811,71.16,843562.0
2025-07-31,70.86,70.87,69.5,70.14,722741.0
2025-08-01,68.76,68.88,66.36,68.58,1087355.0
2025-08-04,68.68,69.7,68.28,69.38,581363.0
2025-08-05,69.555,70.45,69.16,70.25,940116.0
2025-08-06,70.415,70.82,70.06,70.09,462323.0
2025-08-07,70.63,70.92,68.78,69.49,514479.0
2025-08-08,70.195,71.04,69.665,70.02,402267.0
2025-08-11,70.235,71.59,70.13,71.09,758821.0
2025-08-12,71.5487,73.77,71.5487,73.6,918147.0
2025-08-13,73.765,75.1,73.6,75.06,747583.0
2025-08-14,73.92,74.71,73.73,74.35,693234.0
2025-08-15,74.525,74.7,71.94,72.08,569161.0
2025-08-18,72.095,72.4799,71.2,71.62,415883.0
2025-08-19,71.85,72.345,70.74,71.34,541547.0
2025-08-20,71.07,71.51,69.01,70.32,778841.0
2025-08-21,69.5849,70.6474,69.35,69.38,619362.0
2025-08-22,69.9,73.25,69.84,72.55,829003.0
2025-08-25,72.575,73.4,71.95,71.99,462322.0
2025-08-26,72.085,73.855,71.81,73.62,721921.0
2025-08-27,73.48,73.78,72.335,72.51,573942.0
2025-08-28,72.74,73.28,72.31,72.94,430604.0
2025-08-29,72.89,72.97,71.465,72.11,612501.0
2025-09-02,70.94,71.27,69.965,71.21,427289.0
2025-09-03,71.15,71.325,68.93,70.27,654237.0
2025-09-04,71.05,72.0,70.32,71.73,511690.0
2025-09-05,72.27,72.63,70.1,70.68,533271.0
2025-09-08,71.11,72.56,70.51,72.42,547513.0
2025-09-09,72.2,72.824,71.935,72.19,405160.0
2025-09-10,72.165,73.38,71.88,73.29,412354.0
2025-09-11,73.465,75.89,73.38,75.65,465934.0
2025-09-12,75.35,75.77,74.19,74.69,421825.0
2025-09-15,75.31,76.34,74.16,74.48,508060.0
2025-09-16,74.74,74.78,73.54,74.23,626897.0
2025-09-17,74.4,77.595,74.375,75.43,722245.0
2025-09-18,76.0903,77.9,75.5684,77.75,584355.0
2025-09-19,77.92,78.05,76.31,77.18,1721181.0
2025-09-22,76.42,76.91,74.6,75.81,731365.0
2025-09-23,75.25,77.59,74.94,75.14,584530.0
2025-09-24,75.335,75.91,72.61,72.74,545684.0
2025-09-25,72.01,72.43,71.46,71.76,813508.0
2025-09-26,72.35,72.98,71.38,72.4,661033.0
2025-09-29,73.7,73.7,71.905,72.26,672081.0
2025-09-30,72.565,73.03,70.115,71.32,677313.0
2025-10-01,70.695,71.6,68.615,68.7,865455.0
2025-10-02,68.65,69.255,67.46,68.83,722091.0
2025-10-03,69.2,70.085,67.815,68.27,696360.0
2025-10-06,68.36,68.92,66.92,67.54,713157.0
2025-10-07,67.555,68.15,66.57,66.8,597086.0
2025-10-08,66.645,67.26,65.595,65.71,608753.0
2025-10-09,66.26,66.95,65.37,65.68,805246.0
2025-10-10,65.77,66.55,62.885,63.09,567460.0
2025-10-13,64.43,66.045,63.8872,65.77,893113.0
2025-10-14,64.96,67.91,64.8,67.69,709318.0
2025-10-15,68.86,69.15,67.86,68.58,770541.0
2025-10-16,68.325,68.5664,66.54,67.11,601485.0
2025-10-17,67.32,67.89,65.97,67.7,584159.0
2025-10-20,68.27,69.49,68.27,68.65,452261.0
2025-10-21,68.565,69.48,68.09,69.02,719504.0
2025-10-22,69.23,69.33,67.66,68.66,1081379.0
2025-10-23,68.63,69.345,68.005,68.98,701282.0
2025-10-24,69.75,71.355,69.6,70.92,705674.0
2025-10-27,71.73,73.06,71.695,72.09,748808.0
2025-10-28,72.255,72.79,71.3,71.33,771535.0
2025-10-29,70.92,71.09,66.14,66.84,1808217.0
2025-10-30,64.85,65.83,61.44,64.27,1855918.0
2025-10-31,63.91,65.13,62.885,63.33,1413256.0
2025-11-03,63.33,64.065,62.02,63.4,1395297.0
2025-11-04,62.9,63.7,62.0,62.14,1150768.0
2025-11-05,62.355,64.05,62.02,63.63,1290354.0
2025-11-06,63.455,63.99,62.2684,62.93,613703.0
2025-11-07,62.35,64.015,61.51,63.91,843095.0
2025-11-10,63.785,64.7,62.79,63.39,750579.0
2025-11-11,64.13,64.32,63.12,63.94,600932.0
2025-11-12,64.58,65.96,64.44,65.26,785858.0
2025-11-13,64.81,65.21,62.51,63.02,857634.0
2025-11-14,62.36,63.715,61.3601,63.35,717902.0
2025-11-17,63.25,63.27,60.0,60.62,1075741.0
2025-11-18,60.15,61.64,59.77,60.98,698994.0
2025-11-19,61.36,62.07,60.99,61.33,721336.0
2025-11-20,62.385,63.38,60.43,60.83,928970.0
2025-11-21,61.45,63.2,60.99,62.72,890781.0
2025-11-24,63.35,63.41,62.12,62.55,874329.0
2025-11-25,63.6,64.48,62.9,64.1,609755.0
2025-11-26,64.1,65.16,64.02,64.25,780394.0
2025-11-28,64.375,65.0,64.045,64.17,253637.0
2025-12-01,63.85,64.5,62.93,63.83,660590.0
2025-12-02,64.335,64.5,62.765,63.5,924970.0
2025-12-03,63.47,66.52,63.47,65.24,1059718.0
2025-12-04,65.22,67.08,65.15,66.45,1002541.0
2025-12-05,66.68,69.46,66.47,68.68,1131156.0
2025-12-08,68.77,69.33,67.19,67.65,888454.0
2025-12-09,67.75,71.215,67.57,69.59,786957.0
2025-12-10,70.35,71.51,68.4,70.55,1117966.0
2025-12-11,70.44,72.26,70.44,70.98,965800.0
2025-12-12,71.555,71.83,68.96,69.75,964974.0
2025-12-15,70.045,70.835,69.34,69.41,986823.0
2025-12-16,68.37,69.83,68.37,69.37,735092.0
2025-12-17,69.36,70.85,69.14,69.38,992953.0
2025-12-18,69.97,71.57,69.66,70.05,900474.0
2025-12-19,70.49,70.74,69.65,70.03,1048510.0
2025-12-22,70.5,71.375,70.215,71.08,591297.0
2025-12-23,70.94,71.58,70.285,70.39,700016.0
2025-12-24,70.45,71.18,69.51,71.12,281877.0
2025-12-26,71.6,71.78,70.9001,71.58,459922.0
2025-12-29,71.505,71.69,70.715,71.55,462564.0
2025-12-30,71.52,71.52,70.18,70.46,499962.0
2025-12-31,70.04,70.495,68.69,68.74,664156.0
2026-01-02,68.825,71.3,68.5701,71.22,840494.0
2026-01-05,71.48,76.22,71.22,74.55,800536.0
2026-01-06,74.35,76.87,74.05,76.59,775512.0
2026-01-07,76.9,76.9,74.51,74.59,1077707.0
2026-01-08,74.15,75.0,73.09,74.31,1057403.0
2026-01-09,74.455,75.6299,72.77,74.58,730840.0
2026-01-12,73.445,75.15,73.445,75.02,733880.0
2026-01-13,75.1801,75.35,73.255,73.61,530837.0
2026-01-14,73.26,74.1,71.53,73.68,695707.0
2026-01-15,74.115,77.76,74.115,77.75,675383.0
2026-01-16,77.755,78.2162,77.1,77.52,955068.0
2026-01-20,76.0,78.0,74.57,74.81,632890.0
2026-01-21,75.39,78.18,75.07,76.71,833579.0
2026-01-22,76.85,78.195,76.355,76.91,481214.0
2026-01-23,76.145,76.145,72.79,73.64,563273.0
2026-01-26,73.725,74.515,72.85,74.11,571746.0
2026-01-27,73.66,74.18,72.11,73.39,539521.0
2026-01-28,74.055,74.0923,71.76,72.9,665091
2026-01-29,72.99,73.915,71.07,71.73,1112955
2026-01-30,72.31,72.93,70.995,71.67,981283
2026-02-02,71.7,72.415,70.96,71.65,920936
2026-02-03,71.43,72.35,67.81,69.38,1505596
2026-02-04,69.435,71.57,68.99,70.89,1352571
2026-02-05,75.54,76.87,68.94,71.68,2180756
2026-02-06,72.345,74.66,71.88,73.25,1425411
2026-02-09,72.42,73.82,72.185,73.22,796803
2026-02-10,73.315,74.325,71.9401,72.84,653665
