date,open,high,low,close,volume
2005-02-25,12.7278,12.9398,12.5194,12.9398,393984.05520157
2005-02-28,12.9564,13.0349,12.598,12.6127,467724.77837835
2005-03-01,12.6218,13.0112,12.598,12.9564,609110.12364231
2005-03-02,12.897,13.0487,12.897,12.9371,521903.71270333
2005-03-03,12.9371,13.0716,12.8805,12.9937,337495.56068272
2005-03-04,12.949,13.0716,12.7041,13.0633,760061.92761547
2005-03-07,13.0633,13.172,12.9564,13.0349,366164.30313646
2005-03-08,13.1026,13.183,12.9654,12.9654,701098.66987612
2005-03-09,13.1639,13.1639,12.897,12.9371,314107.84478311
2005-03-10,13.0203,13.183,12.9564,13.0395,230050.13788861
2005-03-11,12.9718,13.1108,12.9564,13.1108,245128.46976532
2005-03-14,13.1108,13.226,13.0395,13.2196,336939.7783149
2005-03-15,13.2745,13.7552,13.2552,13.5075,551277.02965486
2005-03-16,13.5075,13.534,13.1949,13.2424,308601.44191447
2005-03-17,13.2104,13.576,13.088,13.427,268949.4333375
2005-03-18,13.6227,13.64,13.2424,13.4188,611312.46597781
2005-03-21,13.5075,13.5075,13.1858,13.4015,376945.16820054
2005-03-22,13.4188,13.4581,13.172,13.2808,386409.87935027
2005-03-23,13.151,13.3795,13.0203,13.0395,539925.06538605
2005-03-24,13.0349,13.1427,12.7745,13.0203,493349.84652641
2005-03-28,13.0349,13.0797,12.8722,12.9371,201040.04878375
2005-03-29,12.8476,12.9043,12.7278,12.8274,403368.8999874
2005-03-30,12.6949,12.9398,12.6127,12.9398,296116.03171442
2005-03-31,12.8722,12.9189,12.737,12.8659,288254.1181412
2005-04-01,12.7745,13.0716,12.7443,12.9371,228494.38488261
2005-04-04,12.8193,13.5185,12.8193,13.4581,259323.89540023
2005-04-05,13.534,13.534,13.1191,13.4097,229409.018858
2005-04-06,13.3028,13.5998,13.2196,13.4865,390352.87079444
2005-04-07,13.3631,13.5249,13.3476,13.47,350094.75309981
2005-04-08,13.3567,13.4929,13.2745,13.2745,274535.70257001
2005-04-11,13.2552,13.3704,12.9189,12.9189,154346.67146796
2005-04-12,12.927,13.4188,12.8567,13.3476,218376.52004471
2005-04-13,13.3193,13.3384,12.9801,13.0633,189060.0942017
2005-04-14,13.0716,13.1108,12.7187,12.737,320468.70833929
2005-04-15,12.6583,12.8329,12.5058,12.6501,309492.00657473
2005-04-18,12.6501,12.7945,8.70886,12.2571,3955899.1614545
2005-04-19,12.1519,12.7497,12.0761,12.7115,472040.84420723
2005-04-20,12.7497,12.7497,11.8915,12.0066,466706.20872393
2005-04-21,12.0615,12.376,11.9463,12.3056,702627.07138763
2005-04-22,12.3119,12.6346,12.1519,12.5058,353368.17995912
2005-04-25,12.5058,12.7745,12.3595,12.7497,299539.34476349
2005-04-26,12.6721,12.7278,12.3521,12.3521,221727.62514835
2005-04-27,12.3521,12.3521,12.0131,12.0844,633347.92399036
2005-04-28,11.9372,12.2507,11.7306,12.0761,395761.90234274
2005-04-29,12.2442,12.2442,11.8613,12.1593,254411.56699171
2005-05-02,12.1519,12.2671,11.9664,12.2059,215236.56847845
2005-05-03,11.993,12.6044,11.993,12.1748,242777.33529985
2005-05-04,12.1447,12.7041,12.1447,12.6949,187537.16298907
2005-05-05,12.7644,12.7644,12.1922,12.4198,209665.61608285
2005-05-06,12.5669,12.6218,12.4198,12.4609,102234.41606586
2005-05-09,12.4198,12.5817,12.3814,12.5817,140767.20148873
2005-05-10,12.4509,12.6272,12.2817,12.5752,176313.20371442
2005-05-11,12.5194,12.6438,12.2671,12.2773,193102.64508578
2005-05-12,12.4134,12.4901,12.1447,12.1447,189020.70804964
2005-05-13,12.1447,12.344,12.1127,12.1519,205917.36727936
2005-05-16,12.1127,12.5669,12.1127,12.5194,237244.67499653
2005-05-17,12.5523,12.7644,12.3119,12.4682,569367.30810368
2005-05-18,12.5295,12.6272,12.322,12.4354,286743.22158615
2005-05-19,12.4271,12.513,12.2964,12.4271,227982.36490595
2005-05-20,12.5349,12.5349,12.322,12.4436,281663.50203141
2005-05-23,12.4271,12.5669,12.3119,12.4609,309587.18977552
2005-05-24,12.3961,12.5817,12.2671,12.5349,225677.1809512
2005-05-25,12.3961,12.598,12.2817,12.5568,213981.68191174
2005-05-26,12.4802,12.7187,12.4609,12.6272,240045.46803123
2005-05-27,12.6501,12.6583,12.5295,12.6044,102619.52510813
2005-05-31,12.513,12.6903,12.4802,12.5669,223070.03649741
2005-06-01,12.6127,12.8193,12.5432,12.8193,206197.44658283
2005-06-02,12.8329,13.0633,12.7115,12.897,269668.23061242
2005-06-03,12.897,13.0276,12.7745,12.8119,173393.15816378
2005-06-06,12.8119,13.0952,12.7278,13.0605,178646.83322341
2005-06-07,13.088,13.3384,12.8274,12.8274,315259.88973058
2005-06-08,13.0487,13.1026,12.8193,12.9874,183147.79515498
2005-06-09,13.0487,13.3028,12.9398,13.2808,351100.19403688
2005-06-10,13.3028,13.4188,13.2014,13.3704,322450.05059938
2005-06-13,13.427,13.576,13.3028,13.4188,353079.34817741
2005-06-14,13.4481,13.6299,13.31,13.576,392131.8119954
2005-06-15,13.6117,13.7963,13.4636,13.7963,770819.81742418
2005-06-16,13.7552,13.9535,13.576,13.9316,437417.13437539
2005-06-17,13.9919,14.1738,13.6875,14.1738,1080480.3092049
2005-06-20,14.1683,14.1811,13.8914,14.0001,618015.77024487
2005-06-21,13.8768,13.9618,13.7242,13.8466,482609.46167415
2005-06-22,13.799,14.0631,13.6547,14.0293,669480.3422577
2005-06-23,13.7963,14.0943,13.7963,13.8868,432911.79620471
2005-06-24,13.8868,14.1738,13.7242,14.0678,708134.56831605
2005-06-27,14.0843,14.0843,13.8868,13.9316,336707.83764171
2005-06-28,13.9618,14.278,13.8868,14.278,291483.78260935
2005-06-29,14.2086,14.3758,14.0468,14.3758,222184.94213605
2005-06-30,14.3758,14.4581,14.1136,14.1382,295431.15029265
2005-07-01,14.1136,14.3227,14.1136,14.1811,250839.46181266
2005-07-05,14.2222,14.3831,14.1136,14.3384,222179.47183716
2005-07-06,14.3227,14.5531,14.2533,14.3384,297242.91328698
2005-07-07,14.1811,14.3036,13.9243,14.2917,328147.91392937
2005-07-08,14.3227,14.5623,14.0678,14.5294,229666.12290612
2005-07-11,14.4891,14.5677,14.4434,14.5677,283431.50263455
2005-07-12,14.5358,14.6427,14.4956,14.5294,289707.02952796
2005-07-13,14.5294,14.5677,14.1136,14.2314,260783.37114567
2005-07-14,14.331,14.3648,14.0678,14.0742,214909.44460447
2005-07-15,13.9919,14.1811,13.832,14.0631,246665.62375508
2005-07-18,13.1255,13.8393,12.927,13.5185,1405035.3308195
2005-07-19,13.4929,13.7478,13.439,13.694,499573.95261017
2005-07-20,13.5998,13.9178,13.534,13.9079,384824.58673023
2005-07-21,13.8393,13.9243,13.6547,13.6875,358476.34506814
2005-07-22,13.6299,13.799,13.2745,13.694,642883.74902573
2005-07-25,13.6227,13.9453,13.5715,13.8694,434615.2472809
2005-07-26,13.799,14.0001,13.6784,13.8768,428108.8737741
2005-07-27,13.9535,13.9865,13.799,13.8914,259498.94496491
2005-07-28,13.9079,14.0066,13.7624,14.0066,454043.56083966
2005-07-29,13.8987,14.0001,13.534,13.7963,755314.80223359
2005-08-01,13.6491,13.9773,13.6491,13.9079,367045.02125871
2005-08-02,13.8914,14.0266,13.8768,13.9865,352310.22415266
2005-08-03,13.9398,14.5742,13.8621,14.5677,2190239.8462204
2005-08-04,14.3475,15.086,14.331,14.7222,1121488.951908
2005-08-05,14.7222,15.0284,14.7222,14.8291,1097084.8544735
2005-08-08,14.8,14.9809,14.5806,14.8,742483.66914332
2005-08-09,14.7615,14.9965,14.7615,14.8776,487026.18100272
2005-08-10,14.8776,15.033,14.7615,14.9278,452285.4067745
2005-08-11,15.0037,15.3264,14.8823,15.0795,918642.61042887
2005-08-12,15.0037,15.0284,14.7222,14.8776,510840.58021622
2005-08-15,14.8127,15.2907,14.8054,15.1564,466976.44148939
2005-08-16,15.0741,15.0741,14.4143,14.5531,438501.34761655
2005-08-17,14.5129,14.6427,14.4187,14.5065,242109.95883456
2005-08-18,14.4187,14.4854,14.0843,14.1811,357979.64192839
2005-08-19,14.1811,14.6746,14.1811,14.5677,211136.03242607
2005-08-22,14.6427,15.0284,14.5677,15.022,295626.98699312
2005-08-23,14.9114,15.2414,14.9114,15.0596,453078.60011442
2005-08-24,15.022,15.1837,14.8429,14.8823,400051.71073692
2005-08-25,14.9498,15.2497,14.8429,15.1482,257978.20187184
2005-08-26,15.1418,15.1482,14.6958,14.6958,241825.50329197
2005-08-29,14.5979,14.8776,14.3475,14.7898,286738.84534703
2005-08-30,14.6244,14.8575,14.1811,14.4581,410274.6053136
2005-08-31,14.4956,14.7433,14.2222,14.7433,219193.78269976
2005-09-01,14.7615,14.937,14.6244,14.8182,273350.83582916
2005-09-02,14.8182,14.9461,14.4891,14.5979,140140.30523526
2005-09-06,14.5979,15.0403,14.5979,14.8127,238011.61090173
2005-09-07,14.852,14.8968,14.6071,14.6674,243522.39000949
2005-09-08,14.6838,14.8182,14.5677,14.6674,220095.28795781
2005-09-09,14.6746,14.8648,14.6144,14.704,169533.31526281
2005-09-12,14.7268,15.2414,14.6958,15.0942,280162.45201436
2005-09-13,15.1034,15.8263,15.022,15.5019,916747.69889133
2005-09-14,15.5613,15.8987,15.4132,15.6418,502465.55260656
2005-09-15,15.681,15.7633,15.3667,15.4324,409071.1395565
2005-09-16,15.5247,15.746,15.4489,15.6418,687577.18506518
2005-09-19,15.7176,15.7569,15.3785,15.4324,449114.82153444
2005-09-20,15.2597,15.4717,15.0741,15.1207,354356.11593974
2005-09-21,15.0942,15.1728,14.5677,15.0037,388891.20692947
2005-09-22,15.0037,15.2807,14.8823,15.086,246578.09897274
2005-09-23,15.1207,15.4635,14.9965,15.4132,214597.63756741
2005-09-26,15.4799,15.5923,15.2697,15.3045,340128.96257122
2005-09-27,15.2643,15.4717,14.9901,15.3081,271272.12224871
2005-09-28,15.2268,15.4881,15.0128,15.3583,290707.00016613
2005-09-29,15.3511,15.4635,15.086,15.3428,276341.99526544
2005-09-30,15.3511,15.3511,14.8,15.1837,458566.40396679
2005-10-03,15.2497,15.4489,15.1837,15.3081,294462.90738807
2005-10-04,15.3785,15.5869,15.1372,15.2907,396392.08077554
2005-10-05,15.2697,15.4717,15.0504,15.0741,471316.57663341
2005-10-06,15.1837,15.1837,14.3475,14.6354,506602.19263166
2005-10-07,14.6746,14.9278,14.5677,14.7816,269811.5524435
2005-10-10,14.9188,14.9188,14.5888,14.6281,274194.35591891
2005-10-11,14.6144,14.852,14.4306,14.469,408562.40175919
2005-10-12,14.4306,14.5412,13.5249,13.832,1236580.7584989
2005-10-13,13.6619,14.2141,13.576,14.0468,537798.21317532
2005-10-14,14.0468,14.1217,13.5843,13.9243,564084.09342999
2005-10-17,13.8987,13.8987,13.576,13.799,513958.65058689
2005-10-18,13.7013,14.0001,13.5843,13.7388,267372.89319569
2005-10-19,13.5952,14.3831,13.5952,14.1929,436741.00543185
2005-10-20,14.1811,14.2314,13.8694,14.1683,375904.71735054
2005-10-21,14.0943,14.3831,14.0742,14.3036,372075.5081234
2005-10-24,14.3384,14.5358,14.2461,14.4398,384850.84416493
2005-10-25,14.3831,14.5229,13.9618,14.267,273768.7666648
2005-10-26,14.331,14.3648,13.8914,13.9919,306237.17873166
2005-10-27,14.0066,14.1683,13.7853,13.799,246202.83646849
2005-10-28,13.8868,14.3227,13.694,14.1738,383143.01684963
2005-10-31,14.1811,14.4033,14.1062,14.3227,348033.54447583
2005-11-01,14.3384,14.5358,14.2314,14.4398,342015.12163053
2005-11-02,14.5294,14.7158,14.4891,14.6427,367011.10540556
2005-11-03,14.7532,14.9114,14.3831,14.5129,322704.96652793
2005-11-04,14.5742,14.6746,14.3227,14.5065,155380.55795929
2005-11-07,14.5065,14.5677,14.1537,14.1929,459847.54796822
2005-11-08,14.1062,14.267,13.9919,14.1136,336769.10498936
2005-11-09,14.2012,14.2917,14.0742,14.2141,393200.70839966
2005-11-10,14.2917,14.8054,14.1062,14.7725,399576.88879275
2005-11-11,14.8383,14.9901,14.7433,14.937,332043.86080305
2005-11-14,14.7615,14.9498,14.5806,14.7898,201854.02925947
2005-11-15,14.8429,14.9498,14.4398,14.7816,270434.07245785
2005-11-16,14.852,14.852,14.5358,14.5979,201460.16773897
2005-11-17,14.6071,14.9114,14.6071,14.9114,195523.79937711
2005-11-18,14.9498,14.9589,14.734,14.8575,296802.00719597
2005-11-21,14.8575,14.9901,14.734,14.9498,279448.03097855
2005-11-22,14.9498,14.9901,14.7222,14.9188,664700.39508244
2005-11-23,14.9059,14.9188,14.6911,14.7433,200515.99414953
2005-11-25,14.8968,14.8968,14.6354,14.7898,79377.319159148
2005-11-28,14.7222,14.8054,14.2872,14.3959,367211.31834515
2005-11-29,14.4143,14.7433,14.4143,14.6746,201096.93989228
2005-11-30,14.7433,14.8291,14.5129,14.5412,235303.81294824
2005-12-01,14.5888,14.9726,14.4187,14.9461,399532.0323418
2005-12-02,14.8776,14.8776,14.5677,14.8291,164887.93744041
2005-12-05,14.9059,14.9059,14.4525,14.6518,284674.35454371
2005-12-06,14.7158,14.9498,14.6281,14.8383,251165.49162686
2005-12-07,14.8383,14.8383,14.4956,14.6281,252328.47717214
2005-12-08,14.6746,14.704,14.0293,14.4773,560528.39914764
2005-12-09,14.5358,14.6427,14.4187,14.5294,359353.78101104
2005-12-12,14.5531,14.6144,14.278,14.3227,382885.91280151
2005-12-13,14.3384,14.4187,14.0843,14.1738,949418.51201733
2005-12-14,14.2012,14.331,14.0001,14.1217,408249.50066234
2005-12-15,14.2012,14.2012,13.5715,13.8228,983143.99877044
2005-12-16,13.8621,13.9178,13.6154,13.7388,1071069.2069843
2005-12-19,13.7086,14.0843,13.6547,14.0001,702629.2595072
2005-12-20,13.8914,14.0631,13.8228,14.0559,526272.29340161
2005-12-21,14.1007,14.331,14.0678,14.1446,254443.2947253
2005-12-22,14.1446,14.3384,14.0148,14.1929,307837.7881886
2005-12-23,14.1811,14.1811,13.97,14.1299,102488.23793463
2005-12-27,14.1299,14.1811,13.8082,13.8174,275405.48009447
2005-12-28,13.8914,13.9773,13.7853,13.9243,192868.51629303
2005-12-29,13.9865,13.9919,13.799,13.799,205905.3326218
2005-12-30,13.8082,13.8987,13.6299,13.7478,343091.67645325
2006-01-03,13.799,13.9919,13.6154,13.8987,511635.96167569
2006-01-04,13.8768,13.9773,13.7552,13.853,246665.62375508
2006-01-05,13.8174,14.1062,13.7963,14.034,385388.0275165
2006-01-06,14.1811,14.3475,14.1537,14.3227,583951.1249602
2006-01-09,14.3758,14.3758,14.1136,14.1638,340265.72004362
2006-01-10,14.2606,14.2606,13.8466,14.1007,454871.7640925
2006-01-11,14.0678,14.2461,14.0678,14.1929,385817.99300973
2006-01-12,14.1136,14.2086,13.97,14.0001,416807.23625511
2006-01-13,14.1136,14.3128,13.9865,14.1811,221828.27864805
2006-01-17,14.1446,14.1638,13.8987,14.1217,268306.12618735
2006-01-18,13.9618,14.1062,13.799,13.8466,494343.25280589
2006-01-19,13.9535,14.0001,13.8174,13.853,214225.65724249
2006-01-20,13.9243,13.9453,13.7013,13.7086,220904.89219441
2006-01-23,13.7853,14.1382,13.7149,14.1007,239433.88861467
2006-01-24,14.1007,14.1738,14.0266,14.1062,183657.62701208
2006-01-25,14.1136,14.1537,13.7149,13.8868,336450.7335936
2006-01-26,14.0001,14.1299,13.832,13.9919,224889.45791019
2006-01-27,14.0843,14.1683,13.8914,14.0001,370678.39378538
2006-01-30,14.0678,14.0678,13.8914,14.0066,188411.31675264
2006-01-31,13.8694,14.0678,13.6491,13.9773,367816.33340303
2006-02-01,13.8914,14.1446,13.8393,13.9243,249888.72386455
2006-02-02,14.0631,14.1062,13.6547,13.7086,538199.73311427
2006-02-03,13.9453,14.1062,13.8466,14.0468,328190.58226077
2006-02-06,14.1062,14.2141,13.9919,14.2012,278584.81781277
2006-02-07,14.2141,14.3648,14.1738,14.1929,421018.2723452
2006-02-08,14.267,14.852,14.267,14.7816,1198573.1217701
2006-02-09,14.7615,14.8291,14.5677,14.6746,724748.96012275
2006-02-10,14.7433,14.9278,14.6071,14.8823,405181.7570415
2006-02-13,14.937,14.9498,14.6958,14.8968,430164.61209917
2006-02-14,14.9498,14.9589,14.7898,14.9589,386382.52785579
2006-02-15,14.9498,14.9498,14.7222,14.767,526977.96195918
2006-02-16,14.8383,14.937,14.7615,14.9188,367376.5213718
2006-02-17,14.9726,14.9726,14.8,14.8182,255663.17137909
2006-02-21,14.9461,14.9498,14.8182,14.9114,351782.88733909
2006-02-22,14.9498,14.9901,14.7725,14.8823,484943.09118314
2006-02-23,14.852,14.9498,14.8054,14.9278,426209.58599743
2006-02-24,14.852,14.9114,14.5294,14.7532,436975.1342246
2006-02-27,14.7222,14.8,14.6144,14.6958,431105.50350927
2006-02-28,14.6071,14.6911,14.1683,14.4033,780892.82581114
2006-03-01,14.4773,14.5888,14.4033,14.5412,456729.47759755
2006-03-02,14.5888,14.5888,14.1929,14.3384,587388.6607864
2006-03-03,14.3384,14.469,14.1136,14.1446,653140.55945557
2006-03-06,14.2222,14.2222,13.8174,13.9773,620575.87012817
2006-03-07,14.0001,14.2461,13.9535,14.2222,584957.65995705
2006-03-08,14.2606,14.3128,14.0631,14.1929,292246.34227545
2006-03-09,14.2533,14.4773,14.0266,14.1446,423752.32773339
2006-03-10,13.8082,14.034,13.799,13.9919,484705.68021106
2006-03-13,14.0631,14.2141,13.7388,13.7689,561410.21132967
2006-03-14,13.799,14.2086,13.7552,13.9316,723378.10321942
2006-03-15,14.0001,14.0001,13.7388,13.8466,899374.02959788
2006-03-16,13.8466,13.9919,13.6684,13.6875,1504988.6322457
2006-03-17,13.6875,13.9618,13.6875,13.7624,10646812.107456
2006-03-20,13.8914,14.0293,13.8228,14.0148,2301313.1712423
2006-03-21,14.0631,14.1007,13.8768,13.9243,1516360.2895905
2006-03-22,13.9453,13.9865,13.799,13.853,1018604.6643334
2006-03-23,13.8914,13.9178,13.7624,13.799,1151408.2046894
2006-03-24,13.8228,13.9865,13.7242,13.9178,1191061.3073261
2006-03-27,13.9535,14.0631,13.8174,13.8694,1492448.5190567
2006-03-28,13.8768,13.9618,13.799,13.853,572307.04673034
2006-03-29,13.8768,13.8914,13.6491,13.694,1647285.3293057
2006-03-30,13.7624,13.8466,13.7086,13.7323,782906.98986462
2006-03-31,13.7771,13.7853,13.6227,13.6547,664148.98895373
2006-04-03,13.6299,13.7853,13.5843,13.5998,902355.34249615
2006-04-04,13.6299,14.0678,13.6117,13.8393,1163104.7977886
2006-04-05,14.1683,14.2606,13.9919,14.1929,1721535.8843396
2006-04-06,14.2461,14.469,14.2222,14.3648,1676286.6659324
2006-04-07,14.4434,14.4434,14.0843,14.1811,644819.1407751
2006-04-10,14.2606,14.4398,14.1811,14.2222,931266.96622088
2006-04-11,14.2461,14.2991,13.8466,13.8914,602325.85895159
2006-04-12,13.8393,14.0468,13.8393,13.9398,442057.0418989
2006-04-13,13.9398,14.0266,13.8466,14.0148,463349.63332139
2006-04-17,13.97,14.0066,13.7242,13.9178,897689.17753794
2006-04-18,13.9178,14.2606,13.8987,14.2012,853170.79106316
2006-04-19,14.1537,14.267,13.9865,14.267,613394.4617376
2006-04-20,14.2314,14.2872,14.0678,14.1811,592633.5833678
2006-04-21,14.1738,14.5531,14.0678,14.267,531583.95362955
2006-04-24,14.2222,14.2991,13.9618,14.034,461393.45443622
2006-04-25,14.034,14.1638,13.8466,14.0468,515127.10643106
2006-04-26,14.1062,14.2141,14.0468,14.1811,586933.53191826
2006-04-27,14.1638,14.4306,14.0468,14.3036,623690.6583195
2006-04-28,14.2141,14.3959,14.1811,14.3384,724888.99977448
2006-05-01,14.4143,14.4525,14.2141,14.2991,821125.78013086
2006-05-02,14.3227,14.352,14.0742,14.267,1141337.3844219
2006-05-03,14.2917,14.5979,14.278,14.5294,982168.09744741
2006-05-04,14.5294,14.5979,14.4434,14.5677,582924.89688733
2006-05-05,14.5979,14.6071,14.4581,14.5742,694787.03901
2006-05-08,14.5677,14.6518,14.4956,14.5358,349865.00054618
2006-05-09,14.5294,14.5742,14.3986,14.4187,476393.01400882
2006-05-10,14.4398,14.4525,14.1929,14.2872,404142.40025128
2006-05-11,14.2377,14.331,14.0631,14.0678,825997.62832755
2006-05-12,14.0468,14.1217,13.8393,13.8768,703356.80926036
2006-05-15,13.8768,13.9535,13.7853,13.9079,798110.04455616
2006-05-16,13.9535,14.0559,13.9178,13.97,727001.62920809
2006-05-17,13.9535,14.0468,13.8768,13.9398,574075.0473335
2006-05-18,13.9398,14.0631,13.8987,13.9178,312615.5472443
2006-05-19,13.8914,13.9865,13.7624,13.8914,754362.9702257
2006-05-22,13.799,13.9453,13.6299,13.8868,745449.66520468
2006-05-23,13.9453,13.97,13.6117,13.6619,410001.09036881
2006-05-24,13.6784,13.9865,13.6117,13.8914,714386.02589431
2006-05-25,13.9535,14.6427,13.8393,14.6427,1087942.8909587
2006-05-26,14.6427,14.7222,14.278,14.5358,510753.05543388
2006-05-30,14.3036,14.4434,14.2461,14.3475,673744.98727696
2006-05-31,14.4033,14.8383,14.2991,14.5979,1596004.5593358
2006-06-01,14.6518,14.8648,14.5677,14.8648,594310.7770093
2006-06-02,14.8429,14.8904,14.6838,14.8127,493651.80702546
2006-06-05,14.7725,14.8,14.352,14.352,470215.95249556
2006-06-06,14.3758,14.5531,14.3227,14.4773,431980.75133262
2006-06-07,14.5358,14.6354,14.3128,14.3603,319776.16849905
2006-06-08,14.2872,14.5742,14.0266,14.4854,622150.22215041
2006-06-09,14.5358,14.5623,14.2991,14.3384,256476.05779503
2006-06-12,14.3959,14.4398,14.1217,14.1382,346031.41507992
2006-06-13,14.0843,14.3959,13.8082,13.8868,766763.04376296
2006-06-14,13.9178,14.0266,13.6117,13.7149,747921.14624586
2006-06-15,13.7624,14.0001,13.6784,13.9316,806947.8594524
2006-06-16,13.8621,13.9535,13.7478,13.799,1513514.6401048
2006-06-19,13.8082,14.0559,13.7771,13.9773,736355.84032011
2006-06-20,13.8621,13.9535,13.5715,13.694,551694.96049051
2006-06-21,13.7388,13.9178,13.6875,13.8694,493150.7276466
2006-06-22,13.8987,14.0148,13.8174,14.0001,520653.20237571
2006-06-23,13.8987,14.0293,13.799,14.0001,575424.02304124
2006-06-26,14.0266,14.1062,13.9178,14.1062,537462.33682311
2006-06-27,14.1062,14.1299,13.8768,13.9316,584350.4567796
2006-06-28,14.0148,14.0843,13.8868,14.0468,263596.19883795
2006-06-29,14.0943,14.4891,14.0742,14.4891,711366.42090376
2006-06-30,14.5294,14.5294,14.1638,14.1683,3000620.8652598
2006-07-03,14.1446,14.2377,14.1062,14.2141,233691.16883373
2006-07-05,14.2533,14.2606,14.0943,14.2222,479325.09421704
2006-07-06,14.2377,14.2377,13.9919,14.1007,410862.11541503
2006-07-07,14.1382,14.1811,13.799,13.8228,454215.32822498
2006-07-10,13.8228,14.0678,13.8228,14.0066,309025.9371088
2006-07-11,14.0266,14.1136,13.799,14.0631,585348.23929821
2006-07-12,14.0678,14.0742,13.8466,13.8914,509799.03530643
2006-07-13,13.8082,13.9453,13.7478,13.799,775308.74469818
2006-07-14,13.7624,14.0678,13.7624,13.8228,1127208.6964337
2006-07-17,13.8868,13.9398,13.7478,13.7689,534013.86039912
2006-07-18,13.8228,13.9398,13.7388,13.8694,649806.95930841
2006-07-19,13.8768,14.0678,13.8082,14.0293,782505.46992566
2006-07-20,14.0293,14.1811,13.9178,13.97,382011.75903794
2006-07-21,13.8987,14.0266,13.8621,13.8768,500977.63130687
2006-07-24,14.0001,14.2606,13.9453,14.2461,343220.7755072
2006-07-25,14.1811,14.3986,14.0293,14.2991,358508.07280174
2006-07-26,14.2461,14.352,14.034,14.2086,424008.33772171
2006-07-27,14.3384,14.4187,14.2377,14.3227,468734.59555454
2006-07-28,14.469,14.5806,14.3758,14.5677,715298.47175015
2006-07-31,14.6071,14.7898,14.4143,14.7725,540029.00106507
2006-08-01,14.734,14.734,14.278,14.5979,402592.11754418
2006-08-02,14.6746,14.9059,14.5677,14.7222,387508.31536856
2006-08-03,14.6674,14.9461,14.6144,14.8904,295444.27901001
2006-08-04,14.9498,15.0741,14.5677,14.8,550045.11834349
2006-08-07,14.8,14.937,14.6281,14.8776,536198.69777815
2006-08-08,14.8776,15.0678,14.7725,14.8291,504928.28116951
2006-08-09,14.8429,15.1116,14.6354,14.6958,835238.05722255
2006-08-10,14.6518,15.0504,14.5806,14.9653,692891.03341268
2006-08-11,15.0284,15.0403,14.7898,14.9461,510614.10984192
2006-08-14,14.9809,15.0795,14.7615,14.8823,378242.72309865
2006-08-15,15.0403,15.0403,14.8291,14.9498,509541.93125833
2006-08-16,15.0795,15.1116,14.9498,15.0284,805569.34413063
2006-08-17,15.0284,15.2497,14.9726,15.1034,641975.679409
2006-08-18,15.1655,15.214,14.9589,15.033,514908.29447522
2006-08-21,14.9589,15.0504,14.9498,14.9726,300220.94400592
2006-08-22,14.9965,15.0504,14.9278,14.9809,454516.19466426
2006-08-23,15.0284,15.0678,14.6911,14.7532,507493.8513517
2006-08-24,14.8429,14.9461,14.7158,14.8127,366200.40710918
2006-08-25,14.767,14.9726,14.767,14.8648,426073.9225848
2006-08-28,14.8823,15.1418,14.7725,14.9901,653974.23300732
2006-08-29,15.0678,15.1207,14.9059,15.086,517351.32996214
2006-08-30,15.1728,15.3511,15.0128,15.3264,587651.23513339
2006-08-31,15.4132,15.5558,15.2807,15.3081,561504.30047068
2006-09-01,15.3428,15.4635,15.298,15.3428,437600.93641829
2006-09-05,15.331,15.4416,15.3045,15.4132,391756.54949115
2006-09-06,15.3867,15.3867,15.2414,15.3172,338271.24906616
2006-09-07,15.3081,15.3667,15.1564,15.1902,481682.79304119
2006-09-08,15.2497,15.3511,15.1837,15.298,564959.34125334
2006-09-11,15.2643,15.3511,15.0741,15.1034,617210.54224739
2006-09-12,15.2322,15.5613,15.1418,15.4022,2143251.0727642
2006-09-13,15.4489,15.6883,15.3702,15.5247,588668.71072804
2006-09-14,15.5247,15.6965,15.4022,15.4635,511494.82796416
2006-09-15,15.5869,15.7862,15.4946,15.746,883564.86578867
2006-09-18,15.81,15.9077,15.7176,15.8173,641962.55069166
2006-09-19,15.7241,15.7241,15.1034,15.3583,807371.26058695
2006-09-20,15.4022,15.9863,15.4022,15.895,885123.90097401
2006-09-21,15.9406,15.9406,15.746,15.8173,537114.42581332
2006-09-22,15.831,15.895,15.5724,15.681,582526.6591277
2006-09-25,15.6418,15.7925,15.4946,15.6262,488645.38947592
2006-09-26,15.6262,15.8173,15.5247,15.746,569555.4863857
2006-09-27,15.7029,15.9772,15.6883,15.9571,572580.56167514
2006-09-28,15.9507,15.9772,15.7241,15.9406,800849.57024323
2006-09-29,15.8556,15.9681,15.7241,15.7241,450801.86171393
2006-10-02,15.7241,16.0623,15.6098,15.7633,541952.35815688
2006-10-03,15.6317,15.9242,15.6098,15.8263,507426.01964538
2006-10-04,15.8419,16.1692,15.7396,16.0768,656884.43201994
2006-10-05,16.1171,16.149,15.9982,16.0878,690854.98816362
2006-10-06,16.0384,16.1051,15.9635,16.0723,516433.41380741
2006-10-09,16.1015,16.1015,15.9772,16.0174,674429.86869873
2006-10-10,16.0942,16.1015,15.9863,16.0302,616124.14088667
2006-10-11,16.0521,16.1015,15.7569,15.8794,575271.94873193
2006-10-12,15.9863,16.1015,15.8894,16.0723,590738.67183026
2006-10-13,16.1015,16.2376,16.0092,16.1015,510344.97113625
2006-10-16,16.1334,16.1546,16.0092,16.0248,660425.90352516
2006-10-17,15.7569,16.0623,15.6418,15.9946,727024.60446344
2006-10-18,16.0248,16.0623,15.9177,15.9863,480240.82225222
2006-10-19,15.9863,16.0248,15.9242,15.9982,466391.11950752
2006-10-20,16.0248,16.0302,15.8044,15.8894,704994.61674979
2006-10-23,15.8794,16.149,15.8044,16.1171,401629.3449385
2006-10-24,16.1765,16.3766,16.1051,16.2926,532809.30058223
2006-10-25,16.3382,16.4799,16.224,16.3766,473336.21098579
2006-10-26,16.3986,16.7888,16.2871,16.776,613502.77365574
2006-10-27,16.8391,16.8492,16.4799,16.5211,478295.58396483
2006-10-30,16.5147,16.6709,16.4095,16.4671,575078.30015102
2006-10-31,16.5375,16.6234,16.3766,16.532,455503.03658508
2006-11-01,16.6343,16.7596,16.0248,16.0768,915276.18848832
2006-11-02,15.9507,16.0942,15.6482,15.8694,739446.5591963
2006-11-03,15.9571,16.0521,15.8482,15.9077,463495.14327202
2006-11-06,16.0521,16.6298,15.9982,16.4854,400783.63672919
2006-11-07,16.6755,17.2349,16.5851,16.7285,1123823.6754769
2006-11-08,16.2926,17.2028,16.2871,17.0027,1161005.2970724
2006-11-09,17.1526,17.4653,17.0365,17.2092,1249840.7630226
2006-11-10,17.3254,17.6545,17.2614,17.4972,913746.69291702
2006-11-13,17.5348,17.6974,17.3894,17.6425,661228.94340309
2006-11-14,17.637,17.8501,17.5255,17.8418,882274.96930902
2006-11-15,17.8281,17.8628,17.5567,17.6188,697063.7774105
2006-11-16,17.6188,17.7148,17.3427,17.4789,726455.69337827
2006-11-17,17.4159,17.69,17.3821,17.6134,568355.30280793
2006-11-20,17.6234,17.6974,17.3227,17.3254,646393.49279735
2006-11-21,17.3254,17.4744,17.2732,17.3227,539205.17405135
2006-11-22,17.3948,17.4789,17.3126,17.3427,294623.73417561
2006-11-24,17.3427,17.3821,17.2614,17.3227,805133.90833852
2006-11-27,17.3254,17.3427,16.8391,16.9442,1005617.0806947
2006-11-28,16.9442,17.0685,16.8391,17.0027,472627.26024888
2006-11-29,17.0868,17.2614,17.0027,17.2092,557351.24954889
2006-11-30,17.2092,17.2871,17.1235,17.2304,667108.42065643
2006-12-01,17.1526,17.1929,16.4854,16.5211,2987729.5588817
2006-12-04,16.5211,16.8902,16.5211,16.8703,1624257.5590735
2006-12-05,16.936,17.106,16.7979,17.0127,1139567.1956994
2006-12-06,17.0814,17.3565,16.9808,17.16,1378115.9899526
2006-12-07,17.4451,17.5567,17.3254,17.3254,910248.98380297
2006-12-08,17.3501,17.4744,17.2806,17.2806,713626.74840755
2006-12-11,17.3254,17.6134,17.3062,17.4744,669828.25326747
2006-12-12,17.4972,17.5503,17.2871,17.3062,601030.49217304
2006-12-13,17.3254,17.4744,17.2961,17.4058,473065.97822033
2006-12-14,17.4744,17.4789,17.3062,17.3254,561049.17160253
2006-12-15,17.3565,17.3647,17.2678,17.2678,1641597.3125138
2006-12-18,17.3254,17.3821,17.2678,17.3254,768594.49983333
2006-12-19,17.0466,17.1152,16.8994,17.0192,921218.02714908
2006-12-20,17.0503,17.1152,16.9049,17.0685,1995735.7105574
2006-12-21,17.0365,17.0979,16.8391,16.9598,719601.40886168
2006-12-22,17.0292,17.0292,16.6709,16.8812,603590.59205634
2006-12-26,16.9598,17.0292,16.8191,16.8703,364743.11948331
2006-12-27,16.8812,17.0127,16.7047,16.9049,852631.41959202
2006-12-28,16.9233,17.1526,16.915,17.1152,555471.65484826
2006-12-29,17.1279,17.2871,17.0979,17.1737,589441.11693214
2007-01-03,17.1929,17.4451,17.1819,17.4122,744830.42736967
2007-01-04,17.4579,17.4579,17.2513,17.3126,780606.18214899
2007-01-05,17.1526,17.1526,16.6343,16.8994,1640742.8518263
2007-01-08,16.936,17.1152,16.776,17.0466,963186.16027858
2007-01-09,17.0979,17.2404,16.8391,17.1526,745757.09600264
2007-01-10,17.1929,17.3062,17.0027,17.1983,649565.1720972
2007-01-11,17.2513,17.5128,17.16,17.2028,1375855.6624489
2007-01-12,17.1646,17.1737,16.8703,16.8994,10168152.201585
2007-01-16,16.9808,17.0868,16.9442,17.0503,2250442.6736895
2007-01-17,17.0814,17.1152,16.8994,16.9287,2134147.4013416
2007-01-18,16.9442,16.9808,16.7385,16.8099,2380578.896304
2007-01-19,16.8602,17.0027,16.8191,16.9287,2024011.6855505
2007-01-22,16.9908,16.9908,16.8703,16.9287,1182130.4973487
2007-01-23,16.9598,17.0192,16.9049,16.9808,1175194.1583487
2007-01-24,17.0365,17.0685,16.9808,17.0466,1172114.3800703
2007-01-25,17.0603,17.074,16.9049,16.936,1097561.8645373
2007-01-26,17.0292,17.0685,16.8902,16.9808,1098358.3400566
2007-01-29,16.9808,17.0814,16.9442,16.9598,1071107.4990766
2007-01-30,16.9598,16.9908,16.9049,16.9671,902450.52569695
2007-01-31,16.9808,17.074,16.9049,17.0192,1116323.8956906
2007-02-01,17.0466,17.1279,17.0192,17.1152,1254336.2546552
2007-02-02,17.1279,17.2028,17.0603,17.1929,1097817.8745256
2007-02-05,17.1983,17.2404,17.1152,17.2092,1548113.1865618
2007-02-06,17.2349,17.4451,17.1737,17.425,1918922.8675207
2007-02-07,17.5348,17.5658,17.2961,17.4451,1351388.1095472
2007-02-08,17.574,17.7057,17.3821,17.6545,2160472.6677483
2007-02-09,17.8418,17.9926,17.4122,17.6234,2524916.014852
2007-02-12,17.7641,17.818,17.2513,17.6134,1943764.5888668
2007-02-13,17.6545,17.9743,17.6545,17.9185,1538193.346544
2007-02-14,18.0018,18.1544,17.8884,18.0283,1490291.0331721
2007-02-15,18.0548,18.1261,17.8318,17.9469,1064358.2442989
2007-02-16,17.9469,18.3098,17.9469,18.2394,1001922.4408204
2007-02-20,18.4077,18.5529,18.2787,18.4926,1530355.5022859
2007-02-21,18.3317,18.3317,17.7897,18.0018,2202646.4841162
2007-02-22,18.0356,18.1261,17.8281,17.9551,1172378.048477
2007-02-23,17.9551,17.9551,17.5503,17.69,1532023.9434491
2007-02-26,17.8281,17.8281,17.3766,17.5036,1674015.3978308
2007-02-27,17.2961,17.4579,16.8291,16.8812,1923771.7404619
2007-02-28,16.9233,17.489,16.7979,17.3894,4332717.4187206
2007-03-01,17.2194,17.4579,16.8785,17.0685,1877944.8584914
2007-03-02,16.9442,17.0814,16.7385,16.7688,1479854.7969385
2007-03-05,16.5064,16.5987,13.2644,15.5613,5760174.4106547
2007-03-06,15.8482,16.4278,15.7689,16.2705,1997016.8545588
2007-03-07,16.3986,16.532,16.139,16.4241,1885440.2620385
2007-03-08,16.66,16.9716,16.5018,16.6343,1712931.1041763
2007-03-09,16.8602,16.9808,16.4278,16.6343,1455890.5115353
2007-03-12,16.5612,16.8703,16.5466,16.6846,1330527.6717375
2007-03-13,16.6755,16.6755,15.7633,15.8894,4227510.4422346
2007-03-14,15.9177,16.3986,15.6098,16.2304,1959287.1090139
2007-03-15,16.256,16.6453,16.256,16.6343,1051762.3340611
2007-03-16,16.6343,16.8291,16.3227,16.4278,2252506.070433
2007-03-19,16.5018,16.7596,16.4854,16.6343,1309998.7340408
2007-03-20,16.2304,16.5612,16.1015,16.5466,1240590.4875896
2007-03-21,16.5375,16.6097,16.2167,16.447,1503816.8942222
2007-03-22,16.4671,16.5147,16.213,16.2459,1375367.7117873
2007-03-23,16.256,16.4278,16.213,16.3703,991294.74412537
2007-03-26,16.4159,16.4799,16.3072,16.4799,2591896.5426533
2007-03-27,16.4241,16.5777,16.3465,16.4159,643506.26904008
2007-03-28,16.3547,16.4278,16.1015,16.1234,1552940.1783076
2007-03-29,16.2926,16.3154,16.1015,16.2971,758158.26359969
2007-03-30,16.3309,16.447,16.192,16.4095,1252474.1649111
2007-04-02,16.5211,16.5612,16.3547,16.5612,813725.55978446
2007-04-03,16.6298,16.8703,16.6097,16.8135,808897.47397892
2007-04-04,16.7888,17.2304,16.7888,17.0292,1137399.8632767
2007-04-05,17.0127,17.2194,16.9908,17.0603,819766.95788511
2007-04-09,17.2678,17.2678,16.8994,16.936,854512.10835243
2007-04-10,16.9533,17.0365,16.8391,16.9716,828141.98549476
2007-04-11,17.0127,17.0127,16.5987,16.6974,1051555.5567628
2007-04-12,16.5147,16.5777,16.1234,16.4095,1464434.0243509
2007-04-13,16.4095,16.4241,16.2167,16.3858,2022851.9821845
2007-04-16,16.4378,16.7979,16.2632,16.776,1065228.0218234
2007-04-17,16.8291,17.0685,16.7688,16.7816,959399.61938282
2007-04-18,16.8191,17.0192,16.7477,16.8785,805738.92339641
2007-04-19,16.7596,17.0192,16.5211,16.6453,1235286.4857801
2007-04-20,16.6709,16.8902,16.4854,16.5851,1188451.9747527
2007-04-23,16.5851,16.7221,16.5147,16.6343,939358.63234772
2007-04-24,16.7285,16.7514,16.5777,16.5987,748385.02759224
2007-04-25,16.7156,16.9671,16.4928,16.9287,1197402.4778063
2007-04-26,16.9442,17.0292,16.7285,16.9442,901482.28279236
2007-04-27,17.0127,17.074,16.7979,16.9908,892221.06676157
2007-04-30,17.0603,17.1819,16.8291,16.8447,1029231.2669686
2007-05-01,16.9049,17.0055,16.7477,16.8291,944943.80752046
2007-05-02,16.8602,17.0814,16.7688,16.8135,1183786.9038543
2007-05-03,16.8291,17.0365,16.7596,16.9287,917957.7290071
2007-05-04,17.0365,17.2304,17.0127,17.1929,764328.76075429
2007-05-07,17.2404,17.3254,17.0814,17.106,1101156.9449717
2007-05-08,17.106,17.1646,16.8812,17.1526,566928.64885587
2007-05-09,17.1279,17.436,17.0192,17.3565,865498.65665501
2007-05-10,17.3227,17.3427,16.9908,17.0466,870323.4602812
2007-05-11,17.0868,17.2871,16.936,17.2806,784860.98063023
2007-05-14,17.3227,17.425,17.1425,17.2871,1287876.8453057
2007-05-15,17.3565,17.3894,17.0814,17.0814,905392.45244318
2007-05-16,17.1334,17.2194,16.8902,17.0292,1703404.0316192
2007-05-17,16.9533,17.0868,16.8902,16.9442,940669.31596319
2007-05-18,17.0192,17.074,16.8902,17.0292,861494.39786319
2007-05-21,17.0685,17.2349,17.0603,17.0868,1259750.7565025
2007-05-22,17.1279,17.1646,16.9442,16.9716,1273050.1471782
2007-05-23,17.0192,17.0603,16.776,16.8099,1142246.5480985
2007-05-24,16.8602,16.8703,16.5612,16.66,1173356.1379196
2007-05-25,16.7596,16.9049,16.7285,16.8703,870579.47026953
2007-05-29,16.936,17.3126,16.8492,17.2513,1357790.547375
2007-05-30,17.2871,17.8574,17.2614,17.8034,1557109.640126
2007-05-31,17.7486,18.0858,17.7486,18.0383,2284567.4922621
2007-06-01,18.0722,18.3317,17.9798,18.2787,2811985.2662525
2007-06-04,18.266,18.3673,18.0383,18.2312,1608448.3952642
2007-06-05,18.2083,18.244,18.0155,18.1709,1241517.1562226
2007-06-06,18.1325,18.1325,17.7148,17.8318,1525693.7135667
2007-06-07,17.8318,17.9259,17.4159,17.6188,1782285.7416985
2007-06-08,17.637,17.818,17.4653,17.7266,1235621.2680726
2007-06-11,17.7486,18.1261,17.6736,17.9743,983618.82071462
2007-06-12,17.9404,18.0931,17.7057,17.7111,1485753.967268
2007-06-13,17.8099,18.0018,17.7148,17.8774,1722372.8400707
2007-06-14,17.9332,18.0383,17.8628,17.9551,769922.68840526
2007-06-15,18.1964,18.244,17.9798,18.2394,1917265.3669552
2007-06-18,18.3254,18.5328,18.2312,18.498,2159602.8902238
2007-06-19,18.1964,18.2083,17.9551,18.1406,1498790.7835966
2007-06-20,18.2083,18.349,17.6425,17.6809,1204869.4357993
2007-06-21,17.6425,17.7266,17.2614,17.6545,1250746.6445198
2007-06-22,17.5968,17.6545,17.2732,17.3821,2440508.2088282
2007-06-25,17.3821,17.4744,17.074,17.3354,1452108.3468786
2007-06-26,17.3062,17.3427,16.9287,17.16,1374892.8898431
2007-06-27,17.0127,17.1235,16.6343,16.9442,2028649.4049544
2007-06-28,17.0027,17.0127,16.7047,16.8703,1450749.5246329
2007-06-29,16.936,17.1526,16.3465,16.5018,1767116.60286
2007-07-02,16.3986,16.8703,16.3465,16.8602,1380953.9810198
2007-07-03,16.8602,16.9716,16.8099,16.9533,836903.21620646
2007-07-05,16.9533,16.9533,16.7285,16.8812,1143495.9643664
2007-07-06,16.8447,17.1425,16.7514,17.1152,1094929.5567086
2007-07-09,17.1526,17.1983,16.9716,17.0055,959695.0155232
2007-07-10,16.9598,17.0365,16.7477,16.7596,1304653.1579597
2007-07-11,16.7816,17.0027,16.6893,16.7596,1003308.6145606
2007-07-12,16.7221,17.2513,16.7221,17.2513,1359742.3500209
2007-07-13,17.2404,17.5438,17.1737,17.489,1344635.5725899
2007-07-16,17.4159,17.7486,17.3501,17.4451,1436815.5792853
2007-07-17,17.5255,17.6234,17.1235,17.5567,1365295.7974601
2007-07-18,17.5128,17.5567,17.0055,17.2513,1257340.5428089
2007-07-19,17.3062,17.4579,17.106,17.3501,981487.59226477
2007-07-20,17.3126,17.3227,16.7514,16.7596,1834745.9081102
2007-07-23,16.9049,17.2513,16.9049,17.0603,1307739.5005969
2007-07-24,16.9716,17.0192,16.139,16.1765,1917138.4560208
2007-07-25,16.256,16.3593,15.2807,15.8556,3183201.9374493
2007-07-26,15.6098,15.6537,14.7532,15.2268,3490059.4480756
2007-07-27,15.1564,16.0878,15.1034,15.8482,3131725.3307788
2007-07-30,15.9077,16.1015,15.4881,15.9982,2063554.2881495
2007-07-31,16.149,16.8391,16.149,16.1692,2563086.666488
2007-08-01,16.1171,16.3986,14.4525,15.6262,3901878.8657974
2007-08-02,15.5613,15.9982,15.5247,15.831,2333994.924966
2007-08-03,15.8419,15.8794,15.331,15.3867,1634834.9290186
2007-08-06,15.3264,15.6637,14.7615,15.4799,2544069.7194063
2007-08-07,15.331,16.0248,15.331,15.9863,2035574.8033566
2007-08-08,15.8987,17.0365,15.8894,16.8291,2334322.04884
2007-08-09,16.4854,17.2349,16.1051,16.4854,2632859.2348458
2007-08-10,16.1051,17.0466,15.8794,16.9287,2253465.5608593
2007-08-13,17.1334,17.2404,16.6298,16.6974,1394867.1392316
2007-08-14,16.7979,16.8391,15.8694,15.895,1240165.9923952
2007-08-15,15.7633,15.7788,14.9114,14.9498,3560579.2592625
2007-08-16,14.704,15.6098,13.8914,15.458,2948761.3376668
2007-08-17,16.5777,16.6343,15.458,16.192,1979937.4873459
2007-08-20,16.2304,16.4854,15.8556,16.0878,1294911.6496859
2007-08-21,16.1765,16.6755,15.8894,16.6097,1084684.7809363
2007-08-22,16.7979,17.0192,16.6097,16.8191,933077.63515543
2007-08-23,16.8602,16.8703,16.4525,16.7888,799010.45575442
2007-08-24,16.8703,16.9598,16.7156,16.936,968528.45418033
2007-08-27,17.0192,17.0365,16.8099,16.9533,626271.5453386
2007-08-28,16.7888,16.8602,16.1546,16.2304,1118603.9162703
2007-08-29,16.3593,16.6298,16.1051,16.6142,847448.85841803
2007-08-30,16.5932,16.7596,16.3465,16.4378,622384.35094317
2007-08-31,16.7156,16.8492,16.6142,16.7477,890881.93759186
2007-09-04,16.9808,17.106,16.7688,17.0027,797267.61852619
2007-09-05,16.9233,17.0027,16.6453,16.7221,731918.33385573
2007-09-06,16.8447,17.0027,16.5612,16.8447,702792.2744143
2007-09-07,16.8099,16.8191,16.4159,16.7156,1129359.6179594
2007-09-10,16.8191,16.8812,16.3309,16.6535,1148440.0205085
2007-09-11,16.1692,16.3227,16.0384,16.1015,2109747.6801461
2007-09-12,15.7331,15.7569,15.331,15.331,3289257.9043237
2007-09-13,15.1837,15.298,15.1564,15.1837,12496802.64453
2007-09-14,15.1837,15.4416,15.1418,15.3583,4607500.3788007
2007-09-17,15.3702,15.3785,15.2497,15.331,3031251.2568977
2007-09-18,15.3978,15.5923,15.2643,15.5339,2931052.8860808
2007-09-19,15.6537,15.7396,15.5019,15.6965,2780833.0080999
2007-09-20,15.7176,15.7176,15.458,15.5869,1706820.7803096
2007-09-21,15.7029,15.7569,15.5923,15.681,1876022.5954594
2007-09-24,15.7569,15.831,15.5247,15.5805,1242645.1318549
2007-09-25,15.5019,15.5613,15.3785,15.4946,1149624.8872494
2007-09-26,15.5613,15.8694,15.5247,15.7689,1432686.5976785
2007-09-27,15.8694,16.0248,15.6537,15.9982,1138714.9231313
2007-09-28,15.9635,16.1051,15.8419,15.9507,1578977.7069924
2007-10-01,15.9077,16.0092,15.8263,15.8894,1347117.9942289
2007-10-02,15.8894,16.1171,15.831,16.1015,1420321.5340542
2007-10-03,16.0723,16.2779,15.9571,16.139,849736.5374163
2007-10-04,16.1765,16.7385,16.1051,16.7221,1563330.4640305
2007-10-05,16.776,16.8291,16.4928,16.6535,1052429.7105264
2007-10-08,16.6846,16.7385,16.5018,16.5777,858152.04523778
2007-10-09,16.5211,16.6846,16.3227,16.6535,1047904.6792797
2007-10-10,16.5987,16.6142,16.4625,16.5612,934855.4822966
2007-10-11,16.5667,16.6709,16.1765,16.2376,1057100.2517238
2007-10-12,16.1765,16.5539,16.1546,16.4928,635476.96432065
2007-10-15,16.4854,16.4854,15.9982,16.192,1195119.1750472
2007-10-16,16.192,16.192,15.8173,15.9982,1025642.7508929
2007-10-17,15.9772,16.1171,15.6537,15.8894,1019206.3972119
2007-10-18,15.7569,16.0384,15.681,15.9946,762943.68107384
2007-10-19,15.9946,15.9946,15.3702,15.3702,1614882.5608256
2007-10-22,15.331,16.0942,15.1482,16.0521,1417755.963872
2007-10-23,16.1234,16.1609,15.81,16.0942,966609.47332764
2007-10-24,16.1015,16.1015,15.4635,15.8482,869054.35093736
2007-10-25,15.831,15.9325,15.458,15.7788,1088761.2476736
2007-10-26,15.8894,16.1015,15.7176,16.0942,1074324.0348275
2007-10-29,16.0768,16.139,15.895,15.9177,1095544.4183045
2007-10-30,15.9077,15.9406,15.7176,15.746,1039497.9239365
2007-10-31,15.8694,16.0623,15.6262,15.9507,1074596.4557125
2007-11-01,15.8044,15.8611,15.3172,15.6637,1607551.2662453
2007-11-02,15.6637,15.7241,15.203,15.4717,1307324.8519404
2007-11-05,15.3264,15.3867,14.9188,15.2597,1627483.9413623
2007-11-06,15.0596,15.6965,15.0504,15.6537,1597702.5401131
2007-11-07,14.5229,15.086,13.8914,14.0843,4632780.8181184
2007-11-08,14.2991,14.6674,13.8174,14.5229,2406340.7219243
2007-11-09,14.278,14.6958,14.1811,14.3758,2079581.1698547
2007-11-12,14.5229,14.8776,14.4398,14.4854,1209917.4276204
2007-11-13,14.6518,14.8575,14.4956,14.7725,1130539.0144015
2007-11-14,14.8054,14.9278,14.3959,14.4143,1404180.8701318
2007-11-15,14.4143,14.5806,13.9919,14.2222,1278715.1887149
2007-11-16,14.2461,14.4581,14.034,14.2461,1382691.3479492
2007-11-19,14.0843,14.1382,13.8082,13.8174,1995860.4333723
2007-11-20,13.8082,13.9079,13.5715,13.7771,2179922.8625026
2007-11-21,13.6491,13.8393,13.5185,13.5715,1235749.2730667
2007-11-23,13.6117,13.9453,13.6117,13.8868,523415.70331817
2007-11-26,13.8768,13.9919,13.1191,13.1191,1825375.2861016
2007-11-27,13.2644,13.534,13.0716,13.1949,1577412.1074484
2007-11-28,13.3942,14.0148,13.3384,13.8768,2131789.7025174
2007-11-29,13.8694,14.0742,13.5715,13.6619,1961041.9808997
2007-11-30,13.8868,14.0001,13.4188,13.576,4122381.1439932
2007-12-03,13.576,13.6227,13.2014,13.31,1566354.4452601
2007-12-04,13.2808,13.2944,13.0605,13.0605,1308125.7036988
2007-12-05,13.1858,13.4015,13.151,13.3869,1069754.1471298
2007-12-06,13.3869,13.97,13.3567,13.9178,1530548.056807
2007-12-07,13.9865,14.1738,13.8082,14.0066,2083891.7653848
2007-12-10,13.9316,14.4143,13.9316,14.2086,1053314.8048878
2007-12-11,14.2917,14.6281,13.6547,13.7013,1475290.3795398
2007-12-12,13.9865,14.034,13.5568,13.8082,1220993.6888248
2007-12-13,13.7149,13.7552,13.4188,13.7013,1278463.5549656
2007-12-14,13.5715,13.8393,13.4188,13.4188,1114988.0487002
2007-12-17,13.0349,13.0952,12.5568,12.5669,2245131.0134615
2007-12-18,12.5898,12.7115,12.2297,12.5898,1874490.9117685
2007-12-19,12.5817,12.7443,12.3595,12.6218,1379173.945759
2007-12-20,12.7041,12.7041,12.2671,12.513,1741156.7524195
2007-12-21,12.6272,12.9564,12.5898,12.9564,2826250.7117133
2007-12-24,12.9654,13.2196,12.9564,13.0395,796472.23706671
2007-12-26,12.8412,13.5843,12.8412,13.427,1944291.9256803
2007-12-27,13.4929,13.5642,13.0048,13.0112,1455312.8479718
2007-12-28,13.0203,13.6684,13.0203,13.5185,2514433.8281078
2007-12-31,13.3193,13.427,12.9371,13.0716,1636162.0235308
2008-01-02,13.0716,13.183,12.7041,12.8037,1160665.0444811
2008-01-03,12.9107,12.9398,12.6583,12.6583,817493.50166396
2008-01-04,12.7644,12.7945,12.2671,12.3961,1331416.0482782
2008-01-07,12.4682,12.4802,12.0066,12.2671,2100350.8007028
2008-01-08,12.2964,12.3814,11.6529,11.6529,1979986.7200362
2008-01-09,11.6529,11.8824,11.4327,11.7827,2462408.0034282
2008-01-10,11.6995,12.2123,11.5149,11.9372,1187746.3061953
2008-01-11,11.9746,12.1127,11.5241,11.6694,1418119.1917187
2008-01-14,11.6923,11.8613,11.4638,11.8074,1223034.110313
2008-01-15,11.5789,11.7699,11.5003,11.5542,1358564.0476388
2008-01-16,11.5003,12.0615,11.5003,11.8448,1314649.5821621
2008-01-17,11.8613,11.9554,11.4244,11.4327,1393258.8713563
2008-01-18,11.5003,11.7233,10.8102,11.0561,2197039.427748
2008-01-22,10.3952,11.2791,9.57532,10.8943,2139047.6950925
2008-01-23,10.6931,11.6849,10.5214,11.664,2161555.7869297
2008-01-24,11.6529,11.6529,11.3394,11.3768,1696973.1482371
2008-01-25,11.5606,11.6155,11.3084,11.332,1478779.3361756
2008-01-28,11.3459,11.4564,11.1932,11.3394,1854784.7070258
2008-01-29,11.4327,11.4382,11.1192,11.3084,1579778.5587508
2008-01-30,11.2471,11.5396,11.0716,11.1795,2336137.0940136
2008-01-31,11.0406,11.7909,10.9711,11.6384,2455755.0259109
2008-02-01,11.5396,11.961,11.5396,11.8997,1304899.32141
2008-02-04,12.0295,12.0295,11.5241,11.6995,1449356.786534
2008-02-05,11.5789,11.6694,11.2325,11.237,1571952.7491502
2008-02-06,11.5149,11.5487,10.9336,11.0323,2359303.8098379
2008-02-07,10.9564,11.7379,10.8943,11.5241,2507889.1625086
2008-02-08,11.4564,11.5396,11.2325,11.4382,1853522.1620407
2008-02-11,11.4244,11.5999,11.2234,11.5844,2798510.8260121
2008-02-12,11.6237,11.7608,11.4327,11.5149,2415944.3786659
2008-02-13,11.5926,11.7379,11.3934,11.7233,1588975.2252545
2008-02-14,11.801,11.8074,11.4638,11.4638,1550128.444675
2008-02-15,11.3842,11.6237,11.2928,11.5093,1422473.5496398
2008-02-19,11.6384,11.7087,11.3459,11.4674,1731471.0411944
2008-02-20,11.4244,11.876,11.3549,11.8239,2099832.2163674
2008-02-21,11.9271,12.1593,11.7306,11.7543,1570500.9318233
2008-02-22,11.7909,11.8824,11.4482,11.7781,1794611.4191707
2008-02-25,11.8074,12.0615,11.5542,11.9838,1370903.9478883
2008-02-26,11.9226,12.1675,11.7608,12.1127,1685227.3224479
2008-02-27,11.9664,12.4436,11.8915,12.3285,1421248.2026871
2008-02-28,12.2507,12.3814,12.0761,12.2442,1631565.8783984
2008-02-29,12.045,12.2964,11.7699,11.8824,1353660.4717085
2008-03-03,11.8385,11.8385,11.3549,11.5003,1555528.7237451
2008-03-04,11.3549,11.5926,11.1621,11.5487,2080256.2047385
2008-03-05,11.6237,11.8165,11.5487,11.7087,2083404.908783
2008-03-06,11.6694,11.6694,11.3248,11.3632,2171830.102316
2008-03-07,11.332,11.715,11.1932,11.3019,3307290.1976043
2008-03-10,11.3632,11.3934,10.9409,10.9875,1498068.7041424
2008-03-11,10.9629,11.7087,10.9629,11.7087,1958491.7275545
2008-03-12,11.7233,11.9554,11.5093,11.5305,1737887.7017993
2008-03-13,11.3768,11.801,11.1932,11.7608,1637178.4050657
2008-03-14,11.8824,11.8824,11.2699,11.3997,1907963.6707126
2008-03-17,11.2699,11.5999,11.1256,11.4327,2640375.4255287
2008-03-18,11.7699,12.4994,11.7453,12.4061,7719064.3759687
2008-03-19,12.2773,12.6657,12.099,12.6438,19225502.227186
2008-03-20,12.6501,12.7115,12.1283,12.4436,5554664.0336132
2008-03-24,12.6583,12.6903,12.3119,12.3521,2649114.7750449
2008-03-25,12.3285,12.4198,12.1127,12.3905,1941590.6920856
2008-03-26,12.1987,12.376,12.0615,12.3595,1769649.3512487
2008-03-27,12.4271,12.5349,12.1072,12.1127,2586878.0904462
2008-03-28,12.1675,12.2964,12.0514,12.1283,1937751.6363205
2008-03-31,12.1519,12.2442,12.0002,12.1373,2668227.9993872
2008-04-01,12.344,12.5523,12.2442,12.5523,1875651.7091942
2008-04-02,12.5523,12.6346,12.3521,12.5523,1935288.9077575
2008-04-03,12.5295,12.8412,12.4198,12.7945,1759797.3429373
2008-04-04,12.8567,12.9043,12.5752,12.7836,1596348.0941065
2008-04-07,12.8805,13.0203,12.6903,12.7497,1454624.6843708
2008-04-08,12.7644,12.9189,12.6438,12.8722,1606316.0727546
2008-04-09,12.9398,12.9718,12.4609,12.4746,2074684.1582831
2008-04-10,12.5568,12.8805,12.4746,12.7041,1345695.7165161
2008-04-11,12.5752,12.6903,12.3595,12.4354,1375316.2909777
2008-04-14,12.4134,12.4994,12.1831,12.1831,1320565.1633883
2008-04-15,12.2571,12.3814,12.1127,12.2223,1244031.3055952
2008-04-16,12.0295,12.2773,11.8613,12.2442,2011091.933618
2008-04-17,12.2223,12.344,12.0514,12.3056,1137265.293924
2008-04-18,12.5568,12.7873,12.4994,12.6127,1476140.4639882
2008-04-21,12.3285,12.5523,12.2964,12.3285,988797.0056495
2008-04-22,12.7041,12.7041,11.9838,12.1373,1356044.4279673
2008-04-23,12.1922,12.2817,11.9746,12.1987,698934.61963289
2008-04-24,12.1987,12.5523,11.9746,12.4271,1399360.4427448
2008-04-25,12.4802,12.7187,12.3686,12.6903,852038.4391917
2008-04-28,12.1987,12.8274,12.1987,12.737,860251.54595403
2008-04-29,12.757,12.8412,12.6272,12.6721,874865.99648437
2008-04-30,12.7278,12.8659,12.3686,12.4061,1172429.4692867
2008-05-01,12.3595,13.0487,12.3595,12.9937,1142720.275983
2008-05-02,13.1858,13.3028,13.0349,13.1949,1686932.9616436
2008-05-05,13.226,13.31,12.737,12.897,1342940.873992
2008-05-06,12.7945,13.0112,12.6583,12.897,774938.95249281
2008-05-07,12.927,13.1639,12.7278,12.7836,1013643.1032348
2008-05-08,12.8037,12.897,12.6272,12.7836,946738.06555833
2008-05-09,12.6501,13.0605,12.6127,13.0203,832738.13062711
2008-05-12,13.0797,13.2808,12.9654,13.2479,1412261.5956609
2008-05-13,12.9874,13.7323,12.8119,13.7323,5018713.6874049
2008-05-14,13.7149,13.832,13.5843,13.799,3067913.2000981
2008-05-15,13.7853,14.1683,13.6875,14.1062,1689757.8239934
2008-05-16,14.1811,14.1811,13.8393,14.0066,1468220.5652467
2008-05-19,13.9865,14.1062,13.7624,13.832,3293502.856267
2008-05-20,13.8228,13.8768,13.6619,13.7853,1481040.7577391
2008-05-21,13.799,13.9398,13.5715,13.5998,1577495.2559916
2008-05-22,13.7242,13.8694,13.694,13.8393,1771670.0796609
2008-05-23,13.7689,13.8768,13.576,13.8082,3548271.0867466
2008-05-27,13.8694,14.0293,13.694,14.0148,1559356.8389125
2008-05-28,14.1217,14.1811,13.7478,13.9535,1464856.3314256
2008-05-29,13.3869,14.0293,13.1108,13.7689,3292432.8658029
2008-05-30,13.694,13.9865,13.4188,13.8393,4901781.6722655
2008-06-02,13.799,13.8174,13.2944,13.4929,2857060.5291548
2008-06-03,13.534,13.853,13.427,13.7963,2790039.5211418
2008-06-04,13.7086,14.1382,13.6227,13.853,1955440.3948303
2008-06-05,13.9618,14.2917,13.8768,14.2533,2545784.1110803
2008-06-06,14.1738,14.1738,13.6784,13.7013,2608584.2364651
2008-06-09,13.799,14.0468,13.5715,13.6875,1386382.7056442
2008-06-10,13.6117,14.0293,13.5715,13.853,1781136.9789302
2008-06-11,13.853,13.9316,13.2014,13.226,2619444.9678931
2008-06-12,13.3869,13.7323,13.1639,13.427,1538438.4159344
2008-06-13,13.5998,13.7242,13.3193,13.6299,1714426.6838945
2008-06-16,13.6547,13.7771,13.4865,13.7552,1203851.9602046
2008-06-17,13.332,13.4774,12.6501,12.6657,2397150.6197792
2008-06-18,12.6272,12.6657,12.4061,12.598,2294201.7826775
2008-06-19,12.598,12.6501,12.2909,12.5523,1395677.837528
2008-06-20,12.4198,12.5349,12.1922,12.2361,2406491.7021738
2008-06-23,12.344,12.4061,11.9143,11.9143,1661794.7500973
2008-06-24,11.8704,12.2223,11.7306,11.9838,1347140.9694843
2008-06-25,12.0066,12.3285,11.8549,11.9838,1797000.8457284
2008-06-26,11.9079,11.9143,11.5241,11.6923,2019728.4415149
2008-06-27,11.6384,11.7699,11.3997,11.5926,3137341.1396253
2008-06-30,11.4327,11.4765,10.9564,10.9875,1976062.3276081
2008-07-01,10.6712,10.9409,10.3952,10.8641,2335616.3215587
2008-07-02,10.7572,10.9025,10.4646,10.4875,2421841.3608758
2008-07-03,10.5259,10.7197,10.4034,10.4263,969583.12780747
2008-07-07,10.4335,10.504,9.95379,10.228,2575074.2794885
2008-07-08,10.228,10.8331,10.1211,10.8331,1830847.773117
2008-07-09,10.8879,10.9564,10.3742,10.451,2163406.936076
2008-07-10,10.5214,10.8815,10.451,10.7343,1659240.1205129
2008-07-11,10.6037,10.9089,10.4263,10.7343,1643327.0210246
2008-07-14,10.8331,10.9264,10.4199,10.4335,2745547.3921017
2008-07-15,10.2828,10.5633,9.70699,10.0507,2999816.7313222
2008-07-16,10.0589,10.918,9.97473,10.9089,2032492.8369586
2008-07-17,10.9629,12.0295,10.8257,11.7699,3224024.5899899
2008-07-18,11.6466,11.8074,11.4564,11.6758,1713931.0748145
2008-07-21,11.664,11.9226,11.4847,11.5999,951093.51753925
2008-07-22,11.5542,12.4436,11.4327,12.4198,1442423.7297133
2008-07-23,12.1127,12.8476,12.1127,12.5349,1363371.3463086
2008-07-24,12.4746,12.5523,12.0514,12.1283,1398313.4275362
2008-07-25,12.2909,12.5568,12.0066,12.1283,1314268.8493589
2008-07-28,11.9554,12.099,11.4939,11.4939,1602924.4874391
2008-07-29,11.5003,11.9554,11.3842,11.9372,1520365.6424422
2008-07-30,12.0295,12.2059,11.7909,12.1831,1200078.5480261
2008-07-31,12.045,12.4198,12.045,12.2123,1249143.8469432
2008-08-01,12.2964,12.4436,11.7827,11.8448,2854241.1371039
2008-08-04,11.8549,12.0066,11.4089,11.4847,2567340.3709095
2008-08-05,11.5241,12.1283,11.4244,12.0761,2202730.7267193
2008-08-06,11.9463,12.5669,11.7781,12.2817,2020915.4963754
2008-08-07,11.8915,12.344,11.7827,11.8549,1624268.4996713
2008-08-08,11.8824,12.6127,11.8074,12.4901,1375748.4445905
2008-08-11,12.5568,13.1108,12.376,12.7187,1893534.1162849
2008-08-12,12.6218,12.7278,12.2297,12.3119,1358954.62698
2008-08-13,12.2671,12.5669,11.9463,12.4609,1436760.8762962
2008-08-14,12.3595,12.9564,12.344,12.8722,881992.70188598
2008-08-15,13.0487,13.1858,12.5898,12.9043,1681270.1082264
2008-08-18,12.9043,13.1858,12.7644,12.9398,1316084.9885925
2008-08-19,12.8037,12.9654,12.5898,12.6721,1202279.796302
2008-08-20,12.7278,13.088,12.5669,12.8274,1020538.962023
2008-08-21,12.7873,12.8805,12.5349,12.6949,823096.18179316
2008-08-22,12.757,13.1108,12.6903,13.1108,1580424.0540204
2008-08-25,13.0797,13.1337,12.8805,12.9654,977364.08095702
2008-08-26,12.9564,13.1427,12.7278,12.9371,956674.31647287
2008-08-27,12.9564,13.3476,12.7945,13.2745,1873285.2578918
2008-08-28,13.2808,13.8174,13.1191,13.7963,1692914.1864564
2008-08-29,13.7149,13.832,13.5568,13.5715,1729676.7831565
2008-09-02,13.5843,13.7853,12.9043,13.1191,2565801.0288003
2008-09-03,13.1108,13.172,12.9564,13.1255,2036619.6304458
2008-09-04,13.088,13.2196,12.8412,12.8567,1657503.8476433
2008-09-05,13.0276,13.0952,12.344,12.9874,1919842.9717951
2008-09-08,13.4097,13.6619,12.9874,13.5249,2624266.48934
2008-09-09,13.4015,13.6619,12.8805,12.8888,1709071.2612753
2008-09-10,13.0716,13.3256,12.9043,13.088,1826541.5538261
2008-09-11,12.8274,13.3869,12.7745,13.3028,1568222.0053032
2008-09-12,12.927,13.4188,12.8888,13.1574,1261770.3908548
2008-09-15,12.6272,12.8412,12.2964,12.4509,2557657.9418637
2008-09-16,12.0295,12.8722,11.5241,12.8119,2997884.6217521
2008-09-17,12.4271,12.7945,11.237,11.3157,3434049.0576804
2008-09-18,11.5093,13.4581,11.3248,13.1108,4017604.1330005
2008-09-19,15.4717,15.5558,13.1858,13.534,4859347.46967
2008-09-22,13.226,13.4097,12.4994,13.0349,1071802.2270364
2008-09-23,12.9398,12.9937,12.4134,12.7836,1015829.0346736
2008-09-24,12.8193,13.1858,12.4609,12.9718,712274.49052048
2008-09-25,12.8412,13.6547,12.8412,13.6227,1176345.1092364
2008-09-26,13.0487,13.5075,12.8888,13.4015,945644.00577914
2008-09-29,13.4188,13.4188,10.8175,10.8175,1692418.5773764
2008-09-30,11.2608,13.226,11.2608,13.0716,2076513.4262339
2008-10-01,12.7644,12.8805,12.0386,12.1519,1148213.5501342
2008-10-02,12.1127,12.5898,11.5542,11.7909,1202111.311096
2008-10-03,11.8824,12.8476,11.8074,11.8074,1032376.6888338
2008-10-06,11.6529,11.8704,9.81304,11.5305,2290873.6528292
2008-10-07,11.4482,11.5606,9.65392,9.65392,1408335.0151135
2008-10-08,9.20791,10.5716,7.66704,9.25361,2488108.5617011
2008-10-09,9.43732,9.62198,7.58194,7.58194,2677430.1361899
2008-10-10,8.4191,8.4191,6.1343,7.65178,4267014.7527415
2008-10-13,9.57532,10.3514,7.97443,10.2736,2072749.8605935
2008-10-14,9.25361,10.4199,9.13205,9.40716,2521846.0831117
2008-10-15,9.26915,9.45468,8.08136,8.11245,1752986.8208118
2008-10-16,8.40959,9.65392,7.67499,9.5379,2563395.1913458
2008-10-17,9.14667,10.3129,7.59821,9.3313,2200011.988168
2008-10-20,9.55888,10.1265,9.35324,9.86054,1884393.2468299
2008-10-21,9.75362,10.2892,9.49124,9.59818,1568701.2034865
2008-10-22,9.39253,9.40716,8.51041,8.77923,1631994.7498318
2008-10-23,8.78563,8.99312,7.89719,8.51846,1910621.1419162
2008-10-24,7.82086,8.55758,7.68304,8.16463,1394159.2825546
2008-10-27,8.01985,8.31188,7.66704,7.67499,1159374.0539416
2008-10-28,8.15869,8.96935,7.50571,8.96935,1333582.2866408
2008-10-29,9.13205,9.65854,8.87702,9.1558,2206371.7576644
2008-10-30,9.39894,9.87517,9.28468,9.63748,1602070.0267516
2008-10-31,9.57532,10.3952,9.39253,10.1045,2000687.425118
2008-11-03,9.5379,10.2114,9.5159,9.96746,1215823.1623085
2008-11-04,10.014,10.1365,9.8523,10.1045,1958538.7721249
2008-11-05,10.0223,10.0589,8.80117,8.86971,1540904.4266768
2008-11-06,9.06166,9.1558,7.82086,8.11245,1925427.0529078
2008-11-07,8.35777,8.62522,7.82086,8.17304,1751725.3698864
2008-11-10,8.51041,8.72622,7.59127,7.6983,1418520.7116576
2008-11-11,7.58194,7.88157,6.9073,7.54465,1768989.6332019
2008-11-12,7.45298,7.73668,7.06826,7.10793,2221861.456018
2008-11-13,7.07694,8.00395,6.52432,7.99718,2805087.2193447
2008-11-14,8.17304,8.17304,7.2369,7.35426,2151909.4618566
2008-11-17,7.2911,7.87343,7.17684,7.35947,1763406.6461489
2008-11-18,7.34512,7.57573,6.7543,7.13827,3246410.1471318
2008-11-19,7.08462,7.50571,6.34024,6.39426,2071092.360028
2008-11-20,6.37168,6.4098,4.50076,4.95293,4630124.4409744
2008-11-21,5.00695,5.17559,3.94841,4.66172,3650434.3889269
2008-11-24,4.70751,5.48973,4.6842,5.45929,3844581.8611018
2008-11-25,5.62766,5.85033,5.22896,5.84255,4287488.9874491
2008-11-26,5.7889,6.27187,5.45135,6.25634,2146974.1581927
2008-11-28,6.26401,6.50951,6.21045,6.50951,1010782.1369122
2008-12-01,6.4023,6.51683,5.827,5.858,1779594.3546415
2008-12-02,6.04893,7.55233,5.83479,6.7467,4219378.295896
2008-12-03,6.47881,7.18452,6.44791,7.11515,1710752.831156
2008-12-04,6.96936,7.13105,6.68583,6.93043,2262399.6530162
2008-12-05,6.80913,7.57573,5.98861,7.55946,1728975.4908381
2008-12-08,7.68304,7.92681,7.40635,7.68304,2023804.9082522
2008-12-09,7.65178,7.83559,6.93043,6.99249,2068382.3739551
2008-12-10,7.13105,7.37601,6.70841,7.03864,1629708.1648933
2008-12-11,6.91589,7.16862,6.50951,6.54781,2327862.7199037
2008-12-12,6.50951,6.92402,6.28695,6.90154,1636851.2811916
2008-12-15,6.93043,7.02347,6.53959,6.76252,1963983.907646
2008-12-16,6.25634,6.65476,6.17927,6.64726,2315667.2355452
2008-12-17,6.49344,6.63153,6.31803,6.47058,2091583.0056323
2008-12-18,6.50951,6.86169,6.36373,6.59379,1683077.4949818
2008-12-19,6.65476,7.00912,6.65476,6.86169,3468915.6487831
2008-12-22,6.80913,6.80913,6.08056,6.29527,1658368.1548688
2008-12-23,6.31803,6.51683,6.11913,6.18787,1606837.9392693
2008-12-24,6.17169,6.26401,6.08056,6.22626,490853.2021103
2008-12-26,6.24902,6.30962,6.00332,6.30962,660703.79470908
2008-12-29,6.41766,6.51683,6.09565,6.28695,1402941.3004021
2008-12-30,6.20287,6.80913,5.97317,6.80913,2159792.1625657
2008-12-31,6.78592,7.20692,6.70073,7.13827,2108423.8678134
2009-01-02,7.16112,7.46768,6.82358,7.33698,1300137.9732511
2009-01-05,6.90154,7.34512,6.65476,7.20692,1802184.5009622
2009-01-06,7.21442,7.64464,6.97732,7.48322,1784980.4109344
2009-01-07,7.33698,7.46768,6.7235,6.83848,1280476.6249594
2009-01-08,6.63968,6.90154,6.62459,6.90154,1239399.05649
2009-01-09,6.90154,6.97732,6.52432,6.57789,1388453.760806
2009-01-12,6.30962,6.73163,6.29527,6.56299,2010668.5324835
2009-01-13,6.51683,6.96132,6.44791,6.86891,1239583.9525928
2009-01-14,6.61701,6.86891,6.21045,6.21712,1357618.7799896
2009-01-15,6.21045,6.4098,5.78104,6.30175,1949708.6156471
2009-01-16,6.36373,6.53346,6.05771,6.4023,1357369.33436
2009-01-20,5.99537,6.03422,5.26744,5.26744,2128114.7557191
2009-01-21,5.37484,6.11913,5.32878,6.09565,2877477.872754
2009-01-22,5.8963,6.02664,5.57392,5.72757,1555255.2088003
2009-01-23,5.65061,5.97992,5.38234,5.91156,1924463.1862424
2009-01-26,5.97317,6.23348,5.84255,5.99537,1193068.907021
2009-01-27,6.08056,6.25634,6.00332,6.08743,1213321.0475934
2009-01-28,6.30962,6.35633,6.04893,6.18787,1613971.2090296
2009-01-29,5.88076,5.93424,5.42841,5.4433,1605142.1466115
2009-01-30,5.63507,5.63507,4.98355,5.02221,2452734.3268607
2009-02-02,5.02221,5.03702,4.75377,4.999,1696011.4696912
2009-02-03,5.00695,5.01417,4.64627,4.85329,2047993.4759101
2009-02-04,4.8076,4.83822,4.14037,4.19392,2793250.5865937
2009-02-05,4.07108,4.61575,3.71104,4.54665,3523672.2466715
2009-02-06,4.14822,4.39318,3.78755,4.3781,3105549.9505618
2009-02-09,4.15544,4.40871,4.15544,4.40871,2056435.2411663
2009-02-10,4.33962,4.48513,4.20881,4.22472,2337053.9161086
2009-02-11,4.23194,4.36237,4.06385,4.10187,1720520.5968645
2009-02-12,4.04064,4.05626,3.64961,3.89512,4643339.5890472
2009-02-13,3.82575,3.97172,3.75711,3.79541,1759262.3477052
2009-02-17,3.68818,3.74933,3.4659,3.51133,2198390.5915752
2009-02-18,3.39635,3.43482,3.2277,3.32788,1843167.9802904
2009-02-19,3.38125,3.48053,3.31198,3.38885,1729938.2634438
2009-02-20,3.26591,3.36563,3.07461,3.34259,2471465.7243401
2009-02-23,3.30466,3.40402,3.17423,3.28117,2073354.8756514
2009-02-24,3.2969,3.48802,3.12022,3.45812,2360523.6864918
2009-02-25,3.40402,3.42714,3.13602,3.1969,1404129.4493223
2009-02-26,3.12816,3.519,3.10531,3.36563,1425585.0556519
2009-02-27,3.24324,3.36563,3.1129,3.16646,1606250.4291679
2009-03-02,3.08219,3.08219,2.85259,2.8598,1739039.7467468
2009-03-03,2.89061,2.98265,2.63751,2.70661,2086022.9938346
2009-03-04,2.76749,2.84473,2.71411,2.73724,2800634.3960434
2009-03-05,2.829,2.829,2.11597,2.14668,3472866.2986458
2009-03-06,2.17758,2.32337,2.00135,2.07786,2003758.4509182
2009-03-09,2.06999,2.39997,1.85539,1.90145,2266577.8673128
2009-03-10,1.91689,1.9626,1.73254,1.80951,3149984.0944337
2009-03-11,1.99331,2.11597,1.72513,1.7637,2285163.7548417
2009-03-12,1.7637,1.87832,1.74789,1.84752,3905313.1194443
2009-03-13,1.94002,2.12365,1.75567,1.77897,15200414.725296
2009-03-16,2.03189,2.06999,1.80951,1.84003,9610418.0311137
2009-03-17,1.83254,1.83254,1.52597,1.61006,6957047.3635279
2009-03-18,1.63299,1.71737,1.58721,1.65622,4777168.2634164
2009-03-19,1.68683,1.80951,1.59507,1.61006,8448455.4317345
2009-03-20,1.64105,1.71737,1.54881,1.57167,6015994.0325822
2009-03-23,1.68683,1.87832,1.59507,1.83254,12927227.642856
2009-03-24,1.83254,2.08535,1.70959,1.90145,12453272.194036
2009-03-25,2.03189,2.0626,1.64105,1.70192,10067939.607991
2009-03-26,1.8244,2.06999,1.70192,2.06999,6253129.3016008
2009-03-27,2.14668,2.8216,2.08535,2.54547,9715104.2351447
2009-03-30,2.47674,2.48405,2.19266,2.46092,5109250.4163118
2009-03-31,2.53789,2.85259,2.53789,2.66795,5355177.5497158
2009-04-01,2.576,3.1586,2.53039,3.09005,5149971.3212929
2009-04-02,3.40402,3.73371,3.2586,3.69559,7633213.5050962
2009-04-03,3.75711,3.98708,3.43482,3.56488,9746889.9539094
2009-04-06,3.703,3.703,3.28894,3.2969,3984437.7107945
2009-04-07,3.4116,3.4116,2.99783,3.04408,4795572.5370218
2009-04-08,3.28894,3.28894,2.87499,3.08219,2736616.5821242
2009-04-09,3.24324,3.4659,3.2277,3.4659,3747991.6994367
2009-04-13,3.45009,3.7645,3.32788,3.703,1894701.4780694
2009-04-14,3.64212,3.81825,3.50383,3.5806,2211267.6751763
2009-04-15,3.60382,3.7794,3.49607,3.7645,1716336.9122689
2009-04-16,3.82575,4.14037,3.80244,4.02547,3822924.9477728
2009-04-17,4.0867,4.10187,3.87191,3.98708,2572974.7787723
2009-04-20,3.85674,4.02547,3.52668,3.52668,2004275.9411938
2009-04-21,3.48802,3.80244,3.31198,3.65675,2115827.3703392
2009-04-22,3.5806,3.74933,3.50383,3.57266,1244485.3404035
2009-04-23,3.58811,3.68025,3.48053,3.60382,1138032.2298291
2009-04-24,3.62678,3.8646,3.62678,3.80244,1438486.208568
2009-04-27,3.71817,3.93324,3.61872,3.62678,1618735.8393679
2009-04-28,3.5806,3.62678,3.51133,3.52668,1221677.4761869
2009-04-29,3.54971,3.83334,3.53436,3.82575,1529160.789007
2009-04-30,3.85674,3.91797,3.68025,3.68025,2082432.2896393
2009-05-01,3.68025,4.00188,3.67284,3.92548,2083062.4680722
2009-05-04,4.02547,4.59993,3.99429,4.59243,3874412.495041
2009-05-05,4.46228,4.93785,4.4547,4.6842,2934047.3276965
2009-05-06,4.79206,5.01417,4.65413,4.91472,3630544.3821414
2009-05-07,5.05996,5.10585,4.48513,4.54665,3287876.1068227
2009-05-08,4.69993,5.23655,4.69993,5.13692,2531377.531908
2009-05-11,5.4817,5.55089,5.14451,5.38234,2694839.9094561
2009-05-12,5.55847,5.55847,4.94526,5.36708,2770777.5046695
2009-05-13,5.02221,5.09826,4.40871,4.50835,3586036.9362644
2009-05-14,4.59243,4.92249,4.52334,4.69993,2358137.5421133
2009-05-15,4.59993,4.6842,4.40871,4.43175,1765100.250687
2009-05-18,4.48513,4.74581,4.46968,4.73027,1510519.1044295
2009-05-19,4.7225,4.85329,4.55432,4.56163,1539124.391416
2009-05-20,4.59993,4.88383,4.49281,4.51557,2820105.3779335
2009-05-21,4.4547,4.53888,4.42398,4.46968,1417542.6222151
2009-05-22,4.49281,4.52334,4.40871,4.41612,702134.744487
2009-05-26,4.41612,4.64627,4.37042,4.51557,1398316.7097154
2009-05-27,4.46228,4.61575,4.33962,4.34703,1800865.0648685
2009-05-28,4.3781,4.44655,4.16293,4.30873,1177955.5652314
2009-05-29,4.32426,4.33962,4.10946,4.22472,2005931.2536397
2009-06-01,4.32426,4.66172,4.31659,4.59243,3151571.5751732
2009-06-02,4.55432,5.0755,4.44655,4.83822,5295262.4599686
2009-06-03,4.83036,4.99114,4.8076,4.98355,1880061.8641641
2009-06-04,5.05996,5.35894,4.95293,5.35894,1961589.0107893
2009-06-05,5.4817,5.52017,5.12934,5.14451,1747702.5120784
2009-06-08,5.1212,5.19825,4.99114,5.0681,1289955.5588862
2009-06-09,5.17559,5.23655,5.02221,5.03702,1402392.082393
2009-06-10,5.0681,5.13692,4.97569,5.01417,1526249.4959346
2009-06-11,5.09131,5.31341,5.01417,5.19825,2319606.94481
2009-06-12,5.22165,5.27484,5.14451,5.22165,1610376.1285952
2009-06-15,5.19066,5.31341,5.05996,5.29039,2316888.2062588
2009-06-16,4.95293,5.05228,4.79206,4.83036,1896263.7954341
2009-06-17,4.86089,5.02221,4.6842,4.92971,1605680.4240229
2009-06-18,4.92249,5.00695,4.83036,4.93785,1134090.3324447
2009-06-19,4.97569,4.98355,4.86875,4.92971,1662214.8690525
2009-06-22,4.85329,4.91472,4.50835,4.51557,2041614.0133377
2009-06-23,4.57754,4.59993,4.27061,4.28587,1610186.8562533
2009-06-24,4.30122,4.50076,4.28587,4.42398,1181696.1556163
2009-06-25,4.40113,4.50076,4.36237,4.4547,1767579.3901466
2009-06-26,4.53111,4.53111,4.34703,4.42398,2266028.6493038
2009-06-29,4.48513,4.66172,4.40871,4.54665,1655663.6390947
2009-06-30,4.59243,4.6693,4.56163,4.59243,1867537.067812
2009-07-01,4.66172,4.83036,4.6077,4.76125,1527120.3675188
2009-07-02,4.75377,4.79965,4.52334,4.53111,1159068.8112633
2009-07-06,4.47718,4.57754,4.30873,4.40113,1375390.6870427
2009-07-07,4.40871,4.58503,4.16293,4.1708,2025241.4087422
2009-07-08,4.19392,4.35506,3.90244,4.00188,2363182.251755
2009-07-09,4.01048,4.13241,4.01048,4.07108,946392.34266809
2009-07-10,4.04796,4.11724,3.9411,3.97172,795309.25152144
2009-07-13,3.98708,4.14822,3.9411,4.12428,1731638.4323406
2009-07-14,4.14037,4.14037,4.00188,4.0867,2427425.4419888
2009-07-15,4.17847,4.48513,4.14037,4.46228,1784350.2325017
2009-07-16,4.43175,4.48513,4.25516,4.31659,1557779.204711
2009-07-17,4.33962,4.43175,4.22472,4.33212,1655201.9458679
2009-07-20,4.40113,4.40113,4.27819,4.35506,1178463.2089689
2009-07-21,4.41612,4.56163,4.37042,4.48513,1655041.1190804
2009-07-22,4.58503,4.58503,4.40871,4.46968,1073084.4650976
2009-07-23,4.44655,4.81501,4.44655,4.74581,2312492.2740659
2009-07-24,4.77615,4.87642,4.59993,4.77615,2111910.6363296
2009-07-27,4.8076,4.93785,4.69993,4.92249,1584643.8425887
2009-07-28,4.91472,5.34377,4.90677,5.32092,3699617.8463001
2009-07-29,5.29788,5.62017,5.26744,5.41314,3903457.5940589
2009-07-30,5.51249,5.55847,5.34377,5.42841,2833233.0012239
2009-07-31,5.38234,5.48973,5.36708,5.45929,2050468.2391307
2009-08-03,5.51249,5.64283,5.42036,5.59731,1726017.1531951
2009-08-04,5.57392,5.76587,5.51249,5.76587,2724224.1670054
2009-08-05,5.77336,5.78104,5.59731,5.71148,1988436.1437106
2009-08-06,5.76587,5.92645,5.65061,5.90343,2866385.2006529
2009-08-07,6.36373,7.66704,6.34865,7.16862,10542563.527337
2009-08-10,7.17684,7.20692,6.71663,6.98436,3311867.7437203
2009-08-11,6.99249,7.19184,6.60065,6.70073,2318380.5037975
2009-08-12,6.33311,7.24677,6.33311,6.90154,7232576.4723774
2009-08-13,6.7235,7.09121,6.71663,7.09121,23367562.224427
2009-08-14,6.98436,6.99249,6.76252,6.96936,6675076.4306985
2009-08-17,6.7467,6.78592,6.56299,6.63153,4688334.9855857
2009-08-18,6.7467,6.81671,6.63153,6.76938,3232400.7116593
2009-08-19,6.67056,6.7467,6.62459,6.73985,2229562.5428038
2009-08-20,6.71663,6.96132,6.68583,6.94623,3215175.8344959
2009-08-21,7.24677,7.24677,6.89286,6.9073,3563494.928574
2009-08-24,6.91589,7.12155,6.9073,6.95429,3250160.5840549
2009-08-25,6.99971,7.10793,6.92402,7.10793,2967101.0617452
2009-08-26,7.09934,7.09934,6.9073,7.06826,3114025.6316711
2009-08-27,7.08462,7.24677,6.97732,7.21442,3410022.4108697
2009-08-28,7.2836,7.35947,7.13105,7.2369,2699587.0348379
2009-08-31,7.10793,7.2369,6.97732,7.09934,5948992.7176452
2009-09-01,7.03864,7.23013,6.9073,6.93043,2827311.949699
2009-09-02,6.93043,6.97732,6.7543,6.78592,2105139.5003563
2009-09-03,6.9073,6.99971,6.79341,6.96936,1465604.6683146
2009-09-04,6.95429,7.12155,6.95429,7.04587,1873906.6838464
2009-09-08,7.13827,7.21442,6.99971,7.1986,2175021.4746919
2009-09-09,7.13105,7.47546,7.13105,7.40635,2492561.3850022
2009-09-10,7.39841,7.56787,7.30088,7.35947,3774016.0994043
2009-09-11,7.40635,7.6206,7.35947,7.59127,2930531.0195661
2009-09-14,7.57573,7.80442,7.51285,7.72791,3642259.5742568
2009-09-15,7.55233,7.74391,7.31496,7.71348,3682252.9294849
2009-09-16,7.72791,7.93576,7.62856,7.88987,3039555.1706216
2009-09-17,7.89719,8.08136,7.71348,7.81346,2785546.2176286
2009-09-18,7.87343,8.02845,7.76722,7.90295,2919734.8376652
2009-09-21,7.79683,7.89719,7.57573,7.76722,2816839.6094927
2009-09-22,7.92681,7.95148,7.74391,7.82086,2104737.9804174
2009-09-23,7.89719,7.92104,7.62856,7.63651,1969737.5680247
2009-09-24,7.70478,7.82086,7.38387,7.45298,3060747.1085445
2009-09-25,7.37601,7.39841,6.96936,7.18452,4186182.334076
2009-09-28,7.22265,7.59127,7.20692,7.58194,1970582.1821742
2009-09-29,7.65178,7.659,7.27683,7.27683,3379086.7765534
2009-09-30,7.2911,7.43049,7.09934,7.32264,2108682.0659213
2009-10-01,7.32264,7.33698,7.01407,7.03133,2230351.3599045
2009-10-02,6.9073,7.12155,6.63968,7.02347,2328699.6756347
2009-10-05,7.04587,7.31496,6.96936,7.21442,1804775.2345192
2009-10-06,7.2911,7.47546,7.22265,7.39841,1516151.3241727
2009-10-07,7.34512,7.46074,7.2836,7.44438,1079631.3188163
2009-10-08,7.52829,7.59127,7.38387,7.45298,1755539.2622766
2009-10-09,7.4219,7.47546,7.21442,7.31496,1342706.7451994
2009-10-12,7.31496,7.46768,7.30088,7.40635,1007584.2001776
2009-10-13,7.40635,7.43049,7.2528,7.36843,1072070.2716824
2009-10-14,7.48322,7.62856,7.48322,7.58194,1748151.0765878
2009-10-15,7.48322,7.59127,7.46768,7.55233,810991.50439627
2009-10-16,7.49026,7.54465,7.27683,7.49876,1286259.8249521
2009-10-19,7.49026,7.58194,7.39165,7.49026,1094633.0665085
2009-10-20,7.50571,7.50571,7.34512,7.43049,1216184.2020356
2009-10-21,7.43049,7.56787,7.23013,7.23013,1452570.0401054
2009-10-22,7.24677,7.46074,7.24677,7.43753,1517743.1811514
2009-10-23,7.45298,7.49026,7.2836,7.39841,1392336.5789625
2009-10-26,7.38387,7.46768,7.23013,7.32264,2013387.2710348
2009-10-27,7.35947,7.45298,7.26853,7.26853,1369359.1354801
2009-10-28,7.24677,7.33698,6.93912,6.94623,2787211.3766125
2009-10-29,7.03864,7.2911,6.98436,7.2369,2860572.461046
2009-10-30,7.16112,7.17684,6.88418,6.90154,2747699.4076874
2009-11-02,6.93912,7.06251,6.67056,6.87759,2893890.9575613
2009-11-03,6.83098,6.84762,6.66298,6.7543,2804371.7042491
2009-11-04,6.83848,6.96936,6.77697,6.79341,2274398.2066146
2009-11-05,6.90154,7.21442,6.89286,7.14531,2212274.2101732
2009-11-06,7.14531,7.16112,6.87759,6.93912,3885163.8204911
2009-11-09,7.09121,7.13105,6.93912,6.97732,2475950.2753749
2009-11-10,6.9073,7.01407,6.90154,6.92402,1856249.6530701
2009-11-11,7.01407,7.09934,6.93912,7.08462,1435156.9846599
2009-11-12,7.07694,7.16862,6.92402,6.96132,1199335.6814361
2009-11-13,7.02347,7.11515,6.9073,7.05373,1128297.2859139
2009-11-16,7.11515,7.35426,7.09121,7.2369,2206359.7230069
2009-11-17,7.18452,7.40635,7.18452,7.35947,1451459.5694296
2009-11-18,7.35947,7.44438,7.24677,7.43049,1550372.4200059
2009-11-19,7.35426,7.39841,7.22265,7.30088,1538655.0397707
2009-11-20,7.26012,7.30088,7.10793,7.15354,1600269.2043551
2009-11-23,7.2911,7.39165,7.21442,7.2528,1460578.5576891
2009-11-24,7.27683,7.4219,7.21442,7.4219,1215011.3699523
2009-11-25,7.45298,7.45298,7.34512,7.36843,737019.93460607
2009-11-27,7.17684,7.38387,7.16862,7.18452,982030.24591523
2009-11-30,7.21442,7.37601,7.13827,7.37601,1648195.587042
2009-12-01,7.4134,7.46768,7.27683,7.34512,1857042.84641
2009-12-02,7.35947,7.45298,7.30088,7.43049,1391316.9152482
2009-12-03,7.45298,7.57573,7.33698,7.37601,1906876.1752921
2009-12-04,7.58194,7.75909,7.4219,7.75909,3165960.649389
2009-12-07,7.76722,8.02845,7.68944,7.72079,2750993.6216824
2009-12-08,7.67499,7.88157,7.65178,7.74391,1936911.39841
2009-12-09,7.59821,7.63651,7.3294,7.52829,3407662.523926
2009-12-10,7.37601,7.6142,7.37601,7.56787,20241831.247178
2009-12-11,7.56787,7.59127,7.51285,7.59127,3606018.8440713
2009-12-14,7.659,7.67499,7.53689,7.659,3217344.2609781
2009-12-15,7.43049,7.44438,7.2836,7.2836,3033814.6389603
2009-12-16,7.35947,7.48322,7.26853,7.46768,3159546.1769036
2009-12-17,7.35426,7.43753,7.2528,7.2911,1926173.2016773
2009-12-18,7.33698,7.35947,7.1986,7.20692,4320693.7017474
2009-12-21,7.21442,7.46768,7.19184,7.22265,2624043.3011451
2009-12-22,7.24677,7.46074,7.24677,7.37601,1896557.0034548
2009-12-23,7.37601,7.43049,7.2911,7.3294,1466089.3367967
2009-12-24,7.33698,7.4219,7.33698,7.39841,595635.68340188
2009-12-28,7.43049,7.43049,7.2836,7.32264,1245125.3653744
2009-12-29,7.32264,7.4219,7.30088,7.39165,919546.30380648
2009-12-30,7.4134,7.47546,7.32264,7.47546,1867488.9291817
2009-12-31,7.46768,7.47546,7.3069,7.31496,2395658.3222404
2010-01-04,7.31496,7.6206,7.31496,7.60607,3884286.3845482
2010-01-05,7.63651,8.07286,7.56787,8.03503,5209128.2276132
2010-01-06,8.05102,8.24187,7.99718,8.16463,4217806.1319933
2010-01-07,8.11245,8.27213,8.01154,8.23411,2451353.6234193
2010-01-08,8.1883,8.37239,8.16463,8.36462,1587027.7988475
2010-01-11,8.46417,8.57184,8.3404,8.5264,2510116.6682192
2010-01-12,8.45612,8.53262,8.28858,8.40959,2643202.4759981
2010-01-13,8.42687,8.58874,8.28081,8.56562,1399920.6013518
2010-01-14,8.4722,8.65721,8.43382,8.62522,1510763.0797603
2010-01-15,8.62522,8.62522,8.40265,8.51041,1842040.004658
2010-01-19,8.5264,8.73078,8.51041,8.70886,1965881.007303
2010-01-20,8.67859,8.70153,8.51846,8.67859,2088436.4897075
2010-01-21,8.739,8.739,8.38199,8.50328,3530697.2045136
2010-01-22,8.47924,8.54158,8.17304,8.21939,3533210.2598264
2010-01-25,8.2034,8.30156,8.06611,8.23411,2337713.6341555
2010-01-26,8.24187,8.28081,7.90295,7.93576,3558747.8031921
2010-01-27,7.93576,8.14114,7.65178,8.10495,2104487.4407279
2010-01-28,8.1352,8.16463,7.75031,7.92104,2075644.7427693
2010-01-29,7.95148,8.11839,7.83559,7.89719,1814173.2080224
2010-02-01,7.96611,8.05102,7.89719,7.98009,1071453.2219669
2010-02-02,7.98997,8.11839,7.94399,8.05102,1710908.1876446
2010-02-03,8.03503,8.14114,7.90295,7.95797,1338850.1844777
2010-02-04,7.92104,7.96611,7.52829,7.6142,3619546.893241
2010-02-05,7.59127,7.72791,7.35426,7.71348,3221706.2773177
2010-02-08,7.70478,7.95148,7.66704,7.88157,2733333.3087268
2010-02-09,7.98009,7.98009,7.43753,7.52829,4373697.6158695
2010-02-10,7.75031,7.97443,7.64464,7.95797,2798172.7615403
2010-02-11,7.91127,8.17304,7.79683,8.06611,1948630.9667646
2010-02-12,7.95148,8.23411,7.93576,8.1883,1697667.8761969
2010-02-16,8.26527,8.50328,8.2034,8.50328,2476081.5625485
2010-02-17,8.58874,8.739,8.5478,8.70153,2748302.2346257
2010-02-18,8.69513,8.69513,8.57897,8.64834,1890568.1202236
2010-02-19,8.62522,8.70886,8.51846,8.686,2188505.7614703
2010-02-22,8.70153,8.94832,8.69513,8.86971,1978209.9669546
2010-02-23,8.82493,8.85601,8.67238,8.75638,1524375.3715328
2010-02-24,8.81761,8.96935,8.77923,8.86424,2218807.9351744
2010-02-25,8.74998,8.96295,8.70153,8.93918,2088587.469957
2010-02-26,8.98762,9.01779,8.86971,8.93918,3560953.427707
2010-03-01,9.00865,9.19328,8.96295,9.14667,2892165.6252896
2010-03-02,9.20791,9.25361,9.00865,9.1092,2753938.830608
2010-03-03,9.16129,9.20791,9.05526,9.16951,2193246.3224935
2010-03-04,9.06166,9.26183,9.05526,9.16129,1413993.4922915
2010-03-05,9.22345,9.27646,9.16951,9.26183,2813172.3211128
2010-03-08,9.26915,9.27646,9.13844,9.21522,1975468.2531481
2010-03-09,9.20791,9.20791,9.1558,9.20791,1547706.1963239
2010-03-10,9.24538,9.3377,9.13844,9.24538,2362265.4296601
2010-03-11,9.22985,9.46753,9.22985,9.46753,2245904.5137254
2010-03-12,9.50682,9.72977,9.45468,9.59091,2444046.3981542
2010-03-15,9.62198,9.77552,9.59818,9.68225,2441475.357673
2010-03-16,9.46753,9.54518,9.39253,9.44647,2602872.1503581
2010-03-17,9.5159,9.58448,9.39253,9.52326,3287675.893883
2010-03-18,9.57532,9.67677,9.19968,9.60829,2647094.0466328
2010-03-19,9.66855,9.66855,9.16129,9.28468,2696048.8455121
2010-03-22,9.27646,9.46016,9.13844,9.40716,1551314.4054756
2010-03-23,9.54518,9.72153,9.34593,9.72153,2024485.4134348
2010-03-24,9.65854,9.77552,9.52874,9.60829,1489394.998213
2010-03-25,9.73811,9.73811,9.46016,9.4766,1594154.5042492
2010-03-26,9.5534,9.76825,9.5159,9.58448,2069954.5378577
2010-03-29,9.67677,9.73811,9.52874,9.71329,1434272.9843583
2010-03-30,9.73811,9.86509,9.63021,9.71329,1307196.8469463
2010-03-31,9.63748,9.89156,9.60829,9.75904,1868042.52343
2010-04-01,9.81304,9.92093,9.62198,9.73811,1469049.8625592
2010-04-05,9.82215,10.005,9.79191,9.95379,1506987.4794623
2010-04-06,9.94361,10.1813,9.9282,10.1365,1689361.7743533
2010-04-07,10.1265,10.1749,9.82942,9.90532,1898630.2467364
2010-04-08,9.89156,9.96746,9.77552,9.9154,1196285.4427718
2010-04-09,9.9282,9.9282,9.65854,9.86054,1385968.0569878
2010-04-12,9.8523,10.0507,9.80654,10.005,1603805.2055614
2010-04-13,9.99034,10.1512,9.8523,10.0973,1421545.7869471
2010-04-14,10.1211,10.4335,10.0973,10.3514,1623241.1775386
2010-04-15,10.2892,10.3887,10.1749,10.3742,1826905.8757325
2010-04-16,10.3514,10.3668,9.96746,10.2051,2066969.9427801
2010-04-19,10.1211,10.2965,9.62198,9.9821,2166181.4716761
2010-04-20,9.9154,10.3449,9.9154,10.1365,1244639.6028324
2010-04-21,9.96746,10.0451,9.56899,9.75904,5435612.8246815
2010-04-22,9.62198,10.0753,9.54518,10.0269,1745748.5213127
2010-04-23,10.0478,10.3385,10.0286,10.3303,2212113.3833855
2010-04-26,10.2828,10.4958,10.1576,10.4034,2764245.9677878
2010-04-27,9.9282,10.1667,9.50682,9.50682,4577245.2496671
2010-04-28,9.36238,9.58448,9.35324,9.58448,24041529.305838
2010-04-29,9.58448,9.65392,9.40716,9.57532,5151210.8910228
2010-04-30,9.58448,9.58448,9.28468,9.28468,3800972.6383035
2010-05-03,9.37608,9.65854,9.36238,9.65392,3172316.0426463
2010-05-04,9.49124,9.55888,9.05526,9.24538,4054632.586227
2010-05-05,9.00865,9.32307,8.24964,9.17682,4061833.6876935
2010-05-06,9.06166,9.24538,7.1986,8.34991,7179026.6224254
2010-05-07,8.15037,8.42687,7.79035,8.11245,5986494.898756
2010-05-10,8.80117,8.8103,8.5264,8.71799,3126574.4973384
2010-05-11,8.51041,9.1092,8.49441,8.91815,3319546.9493105
2010-05-12,8.96935,9.26915,8.96935,9.22345,2706028.8588178
2010-05-13,9.21522,9.26183,8.95564,8.97757,2125925.542101
2010-05-14,8.82493,8.83133,8.39405,8.60209,3171535.9780237
2010-05-17,8.70886,8.86424,8.30156,8.58874,2143842.9591047
2010-05-18,8.739,8.77009,8.38199,8.44936,2153152.3137658
2010-05-19,8.43382,8.59578,8.08886,8.3404,2768514.9890461
2010-05-20,8.08886,8.14114,7.74391,7.79683,3702855.1691867
2010-05-21,7.63651,8.21088,7.46074,8.04262,3229282.6412886
2010-05-24,8.01985,8.08136,7.84308,7.85122,1696334.2173261
2010-05-25,7.59821,7.98009,7.56787,7.98009,2940884.1072566
2010-05-26,8.05102,8.34991,7.86776,7.98009,2671988.2828483
2010-05-27,8.2034,8.28081,7.88987,8.06611,4127878.7943836
2010-05-28,8.05779,8.1352,7.89719,7.99718,3025498.6905787
2010-06-01,7.93576,7.98009,7.62856,7.62856,2801748.1488986
2010-06-02,7.77352,7.90295,7.55946,7.88987,2503506.3590332
2010-06-03,7.88987,7.95797,7.72079,7.90295,2185934.7209892
2010-06-04,7.72791,7.85862,7.59127,7.59127,3041438.0475015
2010-06-07,7.63651,7.76722,7.47546,7.47546,2317547.9243056
2010-06-08,7.52208,7.63651,7.22265,7.51285,2646746.135623
2010-06-09,7.54465,7.78239,7.51285,7.55233,2797286.5731191
2010-06-10,7.72791,7.85862,7.63651,7.81346,2109582.4771196
2010-06-11,7.74391,8.00395,7.68304,8.00395,2281659.4813689
2010-06-14,8.12762,8.31188,8.05102,8.11245,2993739.2292488
2010-06-15,7.97443,8.03503,7.79683,7.99718,2372646.9629048
2010-06-16,7.93576,8.03503,7.86776,7.91127,1485362.2938669
2010-06-17,7.91127,7.93576,7.72079,7.81346,1632379.8588741
2010-06-18,7.83559,7.96611,7.72079,7.90295,2380313.0397776
2010-06-21,8.03503,8.11839,7.659,7.72079,3492081.2705475
2010-06-22,7.73668,7.98997,7.72791,7.77352,2332171.1273142
2010-06-23,7.74391,7.85862,7.63651,7.67499,2668223.623148
2010-06-24,7.60607,7.78239,7.51285,7.51285,2842027.0537291
2010-06-25,7.58194,7.66704,7.51285,7.65178,5804139.2028811
2010-06-28,7.67499,7.80442,7.57573,7.72079,1612272.1341925
2010-06-29,7.6142,7.64464,7.2528,7.30088,2953303.8738699
2010-06-30,7.31496,7.47711,7.14531,7.15436,2520362.5380511
2010-07-01,7.16862,7.23013,6.82358,7.09121,3011396.2600249
2010-07-02,7.15354,7.24677,6.97732,7.09934,1389027.0481304
2010-07-06,7.20692,7.4134,7.02347,7.08462,1850282.6510344
2010-07-07,7.08462,7.36843,7.06826,7.36843,2200164.0624772
2010-07-08,7.48322,7.59821,7.45298,7.58194,2097165.9926855
2010-07-09,7.59821,7.74391,7.52829,7.6983,1526479.2484882
2010-07-12,7.66704,7.72791,7.59127,7.64464,1592731.1324765
2010-07-13,7.77352,7.94399,7.67499,7.90295,2024290.6707941
2010-07-14,7.86776,7.88157,7.64464,7.67499,2180844.0608368
2010-07-15,7.68304,7.72791,7.51285,7.59127,2552534.4599178
2010-07-16,7.52208,7.64464,7.39165,7.4219,2084055.8743516
2010-07-19,7.48322,7.50571,7.2836,7.47546,1985148.4940743
2010-07-20,7.32264,7.52829,7.30088,7.51285,1475861.4787445
2010-07-21,7.56787,7.64464,7.4134,7.4219,1571128.9221365
2010-07-22,7.49876,7.73668,7.49876,7.72079,1847858.2145638
2010-07-23,7.66704,7.98009,7.59127,7.92681,2151588.9023413
2010-07-26,7.94399,8.18228,7.92681,8.06611,1898818.4250184
2010-07-27,8.17304,8.24187,8.06611,8.1352,1838358.4935012
2010-07-28,8.12762,8.16463,7.83559,7.85122,1770788.2674789
2010-07-29,7.91127,8.12762,7.82901,8.06611,1281365.0015
2010-07-30,7.92681,8.02845,7.74391,7.74391,2483884.3968936
2010-08-02,7.84308,7.99718,7.78239,7.98997,1856572.4007049
2010-08-03,8.03503,8.12762,7.88987,7.98997,1830414.5254444
2010-08-04,8.02845,8.2034,8.01154,8.16463,2191214.6534836
2010-08-05,7.73668,7.88987,7.49876,7.66704,6566287.5024955
2010-08-06,7.57573,7.60607,7.35426,7.54465,3624184.612645
2010-08-09,7.56787,7.68304,7.47546,7.66704,2405015.8155318
2010-08-10,7.56787,7.63651,7.39841,7.40635,2377207.0040644
2010-08-11,7.39165,7.44438,7.13105,7.13827,2804341.0705753
2010-08-12,7.10793,7.19184,7.05373,7.15354,2407864.7471968
2010-08-13,7.13827,7.16112,7.05373,7.05373,1585039.8922288
2010-08-16,7.03864,7.17684,7.00912,7.14531,1520489.2711972
2010-08-17,7.26012,7.45298,7.17684,7.35947,2402922.8791742
2010-08-18,7.35947,7.43753,7.2836,7.40635,2206858.6142662
2010-08-19,7.36843,7.4134,7.13105,7.13105,2749388.6359864
2010-08-20,7.13827,7.30088,7.01407,7.2911,2415524.2597107
2010-08-23,7.36843,7.4219,7.22265,7.22265,2217332.0485322
2010-08-24,7.15354,7.19184,7.05373,7.10793,2038176.4775115
2010-08-25,7.10793,7.21442,6.96132,7.19184,2143358.2906225
2010-08-26,7.24677,7.2836,7.03133,7.03864,1855915.9648374
2010-08-27,7.14531,7.34512,7.05373,7.3294,2075349.3466289
2010-08-30,7.31496,7.39165,7.17684,7.18452,1527495.6300231
2010-08-31,7.18361,7.36157,7.17465,7.32336,1583751.089809
2010-09-01,7.4134,7.60607,7.40635,7.60607,2513738.0060882
2010-09-02,7.62856,7.74391,7.49026,7.72791,2207458.1590251
2010-09-03,7.82901,7.92104,7.75909,7.88987,2374725.6764852
2010-09-07,7.85862,7.86776,7.70478,7.73668,2333343.9593973
2010-09-08,7.76722,7.88987,7.74391,7.80442,1707173.0675585
2010-09-09,7.88987,7.97443,7.85122,7.91127,1472757.631151
2010-09-10,7.95797,8.08886,7.90295,7.95797,2279929.772858
2010-09-13,8.05779,8.11245,7.95148,8.06611,3223589.1541977
2010-09-14,7.86776,7.91127,7.79035,7.79035,2221741.1094424
2010-09-15,7.78239,7.85862,7.659,7.84308,1677819.443683
2010-09-16,7.79683,7.86776,7.65178,7.6983,1410122.7087927
2010-09-17,7.82086,7.83559,7.65178,7.82086,2304837.1377911
2010-09-20,7.82901,7.98997,7.75909,7.98009,2102897.7718687
2010-09-21,7.95797,7.97443,7.83559,7.84308,1506771.9496858
2010-09-22,7.84308,7.95797,7.73668,7.74391,2207225.1242921
2010-09-23,7.67499,7.73668,7.52208,7.56787,2105422.8618391
2010-09-24,7.72079,7.79683,7.659,7.79035,1724931.8458942
2010-09-27,7.78239,7.82086,7.68944,7.75909,1261368.8709159
2010-09-28,7.81346,7.95797,7.70478,7.94399,1887579.1489068
2010-09-29,7.90295,7.93576,7.78239,7.89719,1391765.4797577
2010-09-30,7.94399,8.05441,7.84134,7.84134,2249222.7970358
2010-10-01,7.96611,8.00395,7.88157,7.92681,1495554.5547698
2010-10-04,7.93576,8.00395,7.80442,7.82086,1361769.6427919
2010-10-05,7.95148,8.04262,7.82901,8.00395,2903064.6488098
2010-10-06,8.01154,8.03503,7.94399,7.99718,1639039.40075
2010-10-07,8.01985,8.04262,7.94399,7.95148,1285365.9781125
2010-10-08,7.97443,8.05102,7.95148,8.01154,1498483.3527986
2010-10-11,8.02845,8.05779,7.99718,8.03503,808512.36493663
2010-10-12,7.98997,8.05102,7.97443,8.02845,1267340.2491907
2010-10-13,8.11839,8.11839,8.02845,8.05779,1865589.6414049
2010-10-14,8.07286,8.09562,7.97443,7.98997,1663876.7458571
2010-10-15,8.09562,8.09562,7.95148,7.98997,1736696.2706998
2010-10-18,8.01154,8.12762,8.00395,8.12762,1968483.7755178
2010-10-19,8.01154,8.24964,7.95797,8.05102,2367304.669003
2010-10-20,8.11245,8.34991,8.09562,8.27213,2408354.8859778
2010-10-21,8.32742,8.38199,8.18228,8.29635,1879543.2798288
2010-10-22,8.33437,8.40265,8.30156,8.39405,1438966.500811
2010-10-25,8.43382,8.46417,8.35777,8.40959,1297573.4971287
2010-10-26,8.39405,8.48729,8.36462,8.43382,1432483.1025596
2010-10-27,8.37239,8.4191,8.18228,8.39405,1384649.7149539
2010-10-28,8.42687,8.4722,8.28081,8.28081,930473.77288097
2010-10-29,8.23839,8.47395,8.23839,8.43894,1172081.5582769
2010-11-01,8.49441,8.5478,8.26527,8.35777,2063972.2189851
2010-11-02,8.44936,8.56562,8.44936,8.55758,1773113.1445097
2010-11-03,8.55758,8.63234,8.44077,8.58874,2320422.0193455
2010-11-04,8.66342,8.78563,8.62522,8.78563,3152970.8776308
2010-11-05,8.73078,8.81761,8.67238,8.74998,3369969.9764135
2010-11-08,8.77009,8.77923,8.51041,8.57897,2565397.3207417
2010-11-09,8.57184,8.62522,8.47924,8.50328,2121515.3871311
2010-11-10,8.46417,8.53262,8.21939,8.31188,3265788.1339407
2010-11-11,8.24187,8.30156,8.05102,8.19571,2791942.0910978
2010-11-12,8.15869,8.27213,7.92681,7.92681,3324123.4013668
2010-11-15,8.01154,8.27213,7.98009,8.15037,2379670.8266872
2010-11-16,8.08136,8.11245,7.96611,7.98997,2595956.5984939
2010-11-17,8.01985,8.11245,7.97443,8.03503,1998326.4441145
2010-11-18,8.11245,8.22716,8.08886,8.18228,1765826.7063804
2010-11-19,8.1352,8.30156,8.05102,8.25833,1463801.6577986
2010-11-22,8.24187,8.29635,8.1352,8.28858,1467227.1589671
2010-11-23,8.18228,8.21939,8.07286,8.10495,1585760.8776234
2010-11-24,8.15869,8.29635,8.15869,8.24964,2642798.7679396
2010-11-26,8.16463,8.28858,8.1352,8.21088,878749.90870048
2010-11-29,8.19571,8.24187,8.07286,8.2034,1602001.1009855
2010-11-30,8.12342,8.22624,8.05441,8.10907,2775545.4171871
2010-12-01,8.23411,8.35777,8.22716,8.34991,2378092.0984258
2010-12-02,8.33437,8.55758,8.33437,8.55758,1872623.3517254
2010-12-03,8.53262,8.64834,8.43382,8.61809,1488516.4682103
2010-12-06,8.59578,8.739,8.56562,8.58874,3978870.0405782
2010-12-07,8.66342,8.73078,8.64834,8.65721,1951338.7647181
2010-12-08,8.70153,8.70153,8.57184,8.65721,2175661.4996627
2010-12-09,8.73078,8.739,8.64029,8.71799,2379121.6086781
2010-12-10,8.73078,8.81761,8.64834,8.80117,2594013.548326
2010-12-13,8.83955,8.92455,8.81761,8.86424,2319019.4347086
2010-12-14,8.67238,8.72622,8.61809,8.65721,2350118.0839318
2010-12-15,8.53262,8.70886,8.43382,8.46417,2040135.938576
2010-12-16,8.50776,8.57897,8.46865,8.53975,1471809.0813224
2010-12-17,8.5478,8.56562,8.39405,8.40959,2523782.5689209
2010-12-20,8.42687,8.45612,8.35777,8.4191,2095131.0414963
2010-12-21,8.46417,8.66342,8.46417,8.65721,1567096.2177904
2010-12-22,8.69513,8.739,8.63234,8.67238,959270.52032888
2010-12-23,8.64834,8.70886,8.62522,8.67859,1175088.0345501
2010-12-27,8.66342,8.66342,8.57184,8.61809,1233851.0793498
2010-12-28,8.61809,8.66342,8.57184,8.61095,1096210.70071
2010-12-29,8.62165,8.65546,8.50776,8.52468,1215714.8503904
2010-12-30,8.54158,8.59761,8.4935,8.50776,1065770.6754738
2010-12-31,8.49441,8.56562,8.4606,8.48464,1208348.5458971
2011-01-03,8.57184,8.81761,8.55758,8.64834,1996302.4335229
2011-01-04,8.72622,8.76369,8.62522,8.72622,2371464.2842835
2011-01-05,8.76369,8.85601,8.66342,8.85601,1361549.7367762
2011-01-06,8.81761,8.8487,8.70886,8.72622,1720092.8194909
2011-01-07,8.77009,8.79476,8.54158,8.69513,1078851.2541936
2011-01-10,8.739,8.95564,8.64834,8.86971,2628792.6146466
2011-01-11,8.93278,8.98762,8.87702,8.93278,1472339.7003153
2011-01-12,9.03972,9.19968,9.02419,9.16951,3055426.6958382
2011-01-13,9.12474,9.19968,9.05526,9.09183,1787491.2781277
2011-01-14,9.10005,9.26915,9.08543,9.22985,1788202.4169842
2011-01-18,9.19968,9.3377,9.06989,9.3377,2438668.0002796
2011-01-19,9.24538,9.27646,8.91815,8.96935,2807342.0765496
2011-01-20,8.75638,8.81761,8.57184,8.70886,4936025.743354
2011-01-21,8.80117,9.06166,8.79476,8.98762,2232192.6625129
2011-01-24,9.02419,9.11559,8.83133,9.08543,1966114.042036
2011-01-25,9.08543,9.11559,8.86424,8.93278,2576705.5226193
2011-01-26,8.98762,9.16951,8.8944,9.13844,2323494.1392055
2011-01-27,9.13844,9.19968,9.08543,9.1092,2738394.4292654
2011-01-28,9.13844,9.1558,8.77923,8.8103,2364721.5938644
2011-01-31,8.82584,9.04978,8.74723,9.04247,2311286.6201893
2011-02-01,9.13205,9.24538,9.04795,9.20791,2274590.7611357
2011-02-02,9.1558,9.31668,9.1558,9.27646,1627029.9065539
2011-02-03,9.22985,9.29291,9.12474,9.24538,1201233.875153
2011-02-04,9.19328,9.22985,8.97757,9.22985,2342885.2547316
2011-02-07,9.21522,9.2993,9.1092,9.19968,1842602.3513846
2011-02-08,9.18415,9.28468,9.11559,9.28468,2015166.2122358
2011-02-09,9.20791,9.23899,9.13205,9.16129,1361202.9198261
2011-02-10,9.13661,9.21522,9.10554,9.15306,2056608.1026115
2011-02-11,9.09183,9.26915,9.09183,9.26915,1591831.815338
2011-02-14,9.25361,9.31668,9.1558,9.24538,1025748.8746914
2011-02-15,9.20791,9.32307,9.19968,9.29291,1138914.0420111
2011-02-16,9.3313,9.41447,9.27646,9.38523,1977216.5606751
2011-02-18,9.49124,9.54518,9.3377,9.36878,1410263.8425042
2011-02-22,9.25361,9.3377,9.08543,9.10005,2605319.5620841
2011-02-23,9.16129,9.3313,8.98762,9.03972,1497846.6100071
2011-02-24,9.01779,9.25361,8.97757,9.24538,2579923.15243
2011-02-25,9.31759,9.52137,9.24538,9.50493,1563139.0035691
2011-02-28,9.50862,9.55709,9.4355,9.48481,1881142.795226
2011-03-01,9.5278,9.54423,9.20699,9.22985,1663202.805033
2011-03-02,9.24538,9.30113,9.13661,9.26366,1466066.3615414
2011-03-03,9.34958,9.48944,9.31759,9.40351,2434094.8304026
2011-03-04,9.45931,9.45931,9.24538,9.3249,1507112.2022771
2011-03-07,9.38523,9.45468,9.19968,9.29291,1490746.1620403
2011-03-08,9.30113,9.48944,9.21522,9.46478,1736667.8251455
2011-03-09,9.48208,9.49766,9.33953,9.43367,1565387.2964153
2011-03-10,9.3249,9.39437,9.24538,9.25361,2072941.3210549
2011-03-11,9.23899,9.33953,9.20699,9.30845,1628180.8574416
2011-03-14,9.22253,9.33312,9.19237,9.23899,2134734.911443
2011-03-15,9.00316,9.09092,8.71251,8.91815,3472747.0461299
2011-03-16,8.91815,9.04247,8.75912,8.76735,2532111.6460197
2011-03-17,8.9209,8.97666,8.80665,8.87977,1364285.9802838
2011-03-18,9.01139,9.13661,8.83865,8.91815,2586905.4419407
2011-03-21,9.03425,9.21522,9.03425,9.20699,1478452.2123016
2011-03-22,9.22985,9.25361,8.97209,9.02693,1414710.1014469
2011-03-23,9.03425,9.19237,8.94832,9.16129,1644498.7590481
2011-03-24,9.19877,9.25361,9.09092,9.20699,1241630.9384396
2011-03-25,9.25361,9.41173,9.175,9.28651,1577785.181833
2011-03-28,9.30845,9.37975,9.22253,9.30113,965872.07703647
2011-03-29,9.24538,9.3642,9.14392,9.30845,914198.53960582
2011-03-30,9.3898,9.44282,9.34958,9.44282,1533323.6864668
2011-03-31,9.39071,9.50314,9.39071,9.46659,1807609.9434072
2011-04-01,9.5278,9.60913,9.50493,9.57626,954999.31095094
2011-04-04,9.63937,9.6457,9.49766,9.5278,995278.21578138
2011-04-05,9.52137,9.57626,9.44282,9.4748,1166337.7444362
2011-04-06,9.50493,9.61462,9.49766,9.59912,1224376.5216621
2011-04-07,9.57626,9.632,9.49766,9.5534,1151978.2098344
2011-04-08,9.62472,9.632,9.37975,9.41996,989450.15933767
2011-04-11,9.41996,9.5278,9.23899,9.25361,1000286.8214505
2011-04-12,9.18415,9.28651,9.07263,9.07263,1159558.9500443
2011-04-13,9.15306,9.19877,8.99585,9.08085,1240032.5171022
2011-04-14,8.98762,9.09639,8.98762,9.07263,894315.09717894
2011-04-15,9.07263,9.19237,9.02693,9.18415,1215203.9244734
2011-04-18,9.04247,9.06532,8.89348,9.04247,1706124.95829
2011-04-19,8.96386,9.09639,8.83865,8.92455,1394012.6785441
2011-04-20,9.09639,9.16951,8.9794,9.07263,1272388.2410118
2011-04-21,9.12016,9.15306,8.99585,9.14392,1185287.9538715
2011-04-25,9.07263,9.33312,9.05892,9.29474,1530038.2249499
2011-04-26,9.08085,9.3642,9.07263,9.3642,3886202.0832216
2011-04-27,9.30113,9.31759,9.12839,9.18415,2505082.899175
2011-04-28,9.16951,9.23899,9.16129,9.20699,1029363.6482019
2011-04-29,9.2335,9.35506,9.21522,9.30205,1777670.9975499
2011-05-02,9.27736,9.35781,9.12839,9.13661,1275689.0193656
2011-05-03,9.13844,9.16951,9.02509,9.1293,1339276.8677915
2011-05-04,9.16129,9.16951,8.89348,9.07263,3443147.2588041
2011-05-05,9.0315,9.04886,8.87155,8.93461,1728212.931172
2011-05-06,9.10554,9.10554,8.89348,8.90811,1374838.1868542
2011-05-09,8.94009,8.97209,8.82401,8.94009,995499.21585678
2011-05-10,8.94832,9.12016,8.94832,9.12016,724499.51449309
2011-05-11,9.07263,9.11467,8.89531,8.99219,1084486.7561163
2011-05-12,8.96386,9.10554,8.8688,9.07263,969239.5930368
2011-05-13,9.05892,9.06532,8.83042,8.84687,1477146.998985
2011-05-16,8.82401,8.87702,8.75363,8.75363,1176949.0302344
2011-05-17,8.72895,8.75912,8.41389,8.50064,2881099.2106231
2011-05-18,8.4935,8.70336,8.42249,8.6732,2256546.4331977
2011-05-19,8.72895,8.89348,8.70336,8.8688,1370667.6309759
2011-05-20,8.82401,8.93461,8.74266,8.78289,1590569.2703529
2011-05-23,8.66433,8.75363,8.57897,8.66433,3470989.9861245
2011-05-24,8.68125,8.72256,8.55667,8.58874,1372366.705813
2011-05-25,8.59578,8.75912,8.55667,8.72256,1568085.2478308
2011-05-26,8.70336,8.7838,8.57897,8.77558,1000083.3263316
2011-05-27,8.80665,8.83042,8.74266,8.77558,897525.06857106
2011-05-31,8.89714,8.95747,8.81488,8.95747,1965391.9625817
2011-06-01,8.91815,9.01871,8.55667,8.57184,3521812.3450469
2011-06-02,8.68965,8.81488,8.47751,8.5647,2930471.9403381
2011-06-03,8.43555,8.65546,8.39489,8.4935,2544354.1749489
2011-06-06,8.53262,8.61361,8.43555,8.45347,2035737.8182637
2011-06-07,8.56562,8.61361,8.44333,8.46773,1598232.0650462
2011-06-08,8.4935,8.55758,8.33182,8.35595,2832400.4217321
2011-06-09,8.3638,8.48464,8.33182,8.34735,1852577.9884512
2011-06-10,8.32405,8.40439,8.12094,8.14608,3864583.4619848
2011-06-13,8.14608,8.27295,8.12094,8.21939,2930991.6187333
2011-06-14,8.31454,8.34735,8.19325,8.32405,1886979.6041478
2011-06-15,8.23411,8.3076,7.96127,8.04106,2734699.7893911
2011-06-16,8.03923,8.22459,7.98009,8.02241,2257479.6661892
2011-06-17,8.09645,8.15531,8.00057,8.04938,2775502.7488558
2011-06-20,8.06538,8.13776,8.00057,8.10569,3342430.3036518
2011-06-21,8.14608,8.27295,8.08136,8.18648,2169185.7598297
2011-06-22,8.13101,8.20165,8.00724,8.00724,1294297.8821498
2011-06-23,7.92104,7.9939,7.73513,7.9939,2467348.777391
2011-06-24,7.9939,8.05687,7.81512,7.83157,2086761.4841855
2011-06-27,7.82251,7.9843,7.81512,7.95221,1734834.1809556
2011-06-28,7.96866,8.07286,7.94491,8.06538,1699166.7380944
2011-06-29,8.10569,8.16966,8.06538,8.06538,2054159.5968257
2011-06-30,8.06866,8.30238,8.06866,8.23411,2091937.4810009
2011-07-01,8.21015,8.41042,8.21015,8.33949,1544041.0960637
2011-07-05,8.35595,8.41042,8.26691,8.33949,1278363.9955257
2011-07-06,8.36462,8.39835,8.26527,8.39835,1581047.6680946
2011-07-07,8.4606,8.59049,8.42084,8.5478,1526517.5405805
2011-07-08,8.43555,8.50064,8.39489,8.50064,1245366.0585258
2011-07-11,8.38108,8.42869,8.08978,8.17898,4098105.0515528
2011-07-12,8.13776,8.18648,8.04938,8.06538,2935773.7540281
2011-07-13,8.08978,8.17898,8.04938,8.05687,1698130.6634835
2011-07-14,8.12094,8.14608,7.92681,7.95221,1676439.8343015
2011-07-15,7.9939,8.00724,7.87909,8.00724,1438222.5401612
2011-07-18,7.9843,8.0183,7.65333,7.70296,3258067.3540789
2011-07-19,7.74803,7.94819,7.73989,7.92435,1722516.1619018
2011-07-20,7.95221,7.9768,7.87105,7.93576,1979445.1604453
2011-07-21,8.00057,8.21939,7.9843,8.08136,1706190.6018768
2011-07-22,8.12094,8.13776,7.9939,8.08136,1358823.3398065
2011-07-25,7.9843,8.13101,7.94491,8.07286,1306669.5101327
2011-07-26,8.03923,8.10659,8.00651,8.03173,1096183.3492156
2011-07-27,7.9843,8.02415,7.78394,7.80771,2061416.495341
2011-07-28,7.82251,7.89883,7.74803,7.77279,1429706.37884
2011-07-29,7.68944,7.81512,7.53925,7.72399,2844571.8367755
2011-08-01,7.88732,7.94491,7.74308,7.87105,2696638.5437331
2011-08-02,7.81512,7.93092,7.66476,7.66476,2297771.6997369
2011-08-03,7.67023,7.78394,7.57966,7.66156,2646043.7492447
2011-08-04,7.59821,7.61485,7.09778,7.12237,4994016.3819496
2011-08-05,7.10574,7.17767,6.48402,6.56491,7280019.2806419
2011-08-08,6.28303,6.45111,6.00013,6.07306,8981711.1087067
2011-08-09,6.12169,6.49197,5.90343,6.48402,11486320.279997
2011-08-10,6.38777,6.38777,5.95224,5.9601,5272131.848117
2011-08-11,6.0089,6.71042,5.98423,6.59799,4199874.4922125
2011-08-12,6.84762,6.94404,6.70209,6.79808,4757349.3705164
2011-08-15,6.84762,7.05729,6.84762,7.02485,1761544.5564045
2011-08-16,6.99249,7.0402,6.87184,6.97585,2086887.3010602
2011-08-17,7.02485,7.17081,6.94404,7.07329,1567789.8516905
2011-08-18,6.85584,6.8806,6.52432,6.56491,2954543.4435997
2011-08-19,6.47598,6.75822,6.39563,6.47598,2060176.9256112
2011-08-22,6.61298,6.76736,6.43575,6.52432,1865903.6365616
2011-08-23,6.59799,6.84762,6.46061,6.83848,2586050.9812532
2011-08-24,6.81526,6.99249,6.61298,6.86324,2319445.0239626
2011-08-25,6.93628,7.00026,6.58885,6.67816,2059832.2967807
2011-08-26,6.60604,6.90656,6.49005,6.83098,1634389.6466885
2011-08-29,6.94404,7.35736,6.93628,7.35736,2185403.0079366
2011-08-30,7.3069,7.35736,7.09705,7.25791,1646594.9775851
2011-08-31,7.30464,7.40106,7.22794,7.33086,1842094.707647
2011-09-01,7.29037,7.6462,7.25791,7.2836,3628805.9211523
2011-09-02,7.14001,7.17539,6.86169,6.87055,2001769.4502397
2011-09-06,6.6479,6.94039,6.60604,6.91516,3193522.2033462
2011-09-07,7.08188,7.23105,7.07402,7.21442,3125154.4077451
2011-09-08,7.13243,7.25655,6.97357,7.02347,6761846.3117855
2011-09-09,6.95565,7.06451,6.81526,6.89003,7475167.8175148
2011-09-12,6.88189,7.06451,6.79132,7.06451,2528457.4863574
2011-09-13,7.06451,7.09778,6.88189,7.04788,2594871.291193
2011-09-14,7.13243,7.14833,6.84762,6.99815,3534767.1068922
2011-09-15,7.08188,7.16415,6.99815,7.15729,1608500.9101336
2011-09-16,7.19119,7.23105,6.90656,6.97357,3268375.5853184
2011-09-19,6.82358,6.89003,6.6479,6.72266,3539603.9451759
2011-09-20,6.766,6.77285,6.57396,6.57396,2945874.1139095
2011-09-21,6.58136,6.64049,6.25678,6.25678,3277448.6230672
2011-09-22,6.08176,6.32342,5.97362,6.24061,5044292.8050423
2011-09-23,6.26529,6.32342,6.12361,6.2907,2620437.2801129
2011-09-26,6.37424,6.4565,6.16539,6.4565,4298129.8128615
2011-09-27,6.62331,6.766,6.50678,6.57396,3711429.3156762
2011-09-28,6.59846,6.62331,6.1981,6.1981,2047804.2035683
2011-09-29,6.39041,6.6479,6.28147,6.6479,3074387.8458713
2011-09-30,6.49535,6.60266,6.25413,6.26264,2631550.7393498
2011-10-03,6.23138,6.38174,5.90672,5.91531,3563885.5079152
2011-10-04,5.89054,6.30706,5.66514,6.28147,5228702.0511226
2011-10-05,6.28147,6.4065,6.10643,6.20735,3219709.6182208
2011-10-06,6.29919,6.44051,6.09007,6.37424,2857913.8957826
2011-10-07,6.43118,6.43118,6.13184,6.2237,1339146.6746779
2011-10-10,6.37424,6.59846,6.3396,6.5904,2931521.1436664
2011-10-11,6.50678,6.57396,6.37424,6.44791,2722961.6220202
2011-10-12,6.53959,6.64049,6.51482,6.57396,2458690.3882985
2011-10-13,6.51482,6.59846,6.37424,6.58136,2226474.0120472
2011-10-14,6.66527,6.73163,6.54919,6.68976,1918462.2683537
2011-10-17,6.6479,6.69808,6.39041,6.41518,2019159.5304298
2011-10-18,6.47387,6.68976,6.4065,6.6479,3074001.6427693
2011-10-19,6.6479,6.71507,6.42443,6.44791,2705383.3635481
2011-10-20,6.4661,6.54919,6.31537,6.42443,2990013.9557007
2011-10-21,6.53274,6.58136,6.36492,6.52378,3430783.2892394
2011-10-24,6.4565,6.64049,6.42443,6.64049,2824777.0131907
2011-10-25,6.63629,6.63629,6.43657,6.45339,4754853.8201601
2011-10-26,6.57396,6.62331,6.4565,6.5904,2958864.9797275
2011-10-27,6.86535,7.15729,6.78162,7.09778,4597456.9100278
2011-10-28,7.12237,7.17383,7.05665,7.12237,2689152.9867239
2011-10-31,7.0487,7.12026,6.89862,6.89862,1924901.904214
2011-11-01,6.64516,6.70485,6.46272,6.49727,4042766.4138619
2011-11-02,6.68217,6.74881,6.52378,6.67331,2281079.629686
2011-11-03,6.83656,7.03663,6.567,7.0104,2789427.9417252
2011-11-04,6.67121,6.81873,6.48859,6.76663,4972617.6667286
2011-11-07,6.68976,6.87421,6.50678,6.57396,4550353.2602949
2011-11-08,6.63089,6.69808,6.49882,6.60604,3365583.8907588
2011-11-09,6.47999,6.514,6.24509,6.24509,3682669.7662607
2011-11-10,6.29728,6.45339,6.25413,6.43657,2298482.8385936
2011-11-11,6.52378,6.53274,6.32342,6.35633,2777737.9129847
2011-11-14,6.31537,6.33239,6.23138,6.29919,1829529.431083
2011-11-15,6.27379,6.34865,6.1736,6.26529,1737063.8747856
2011-11-16,6.18176,6.3396,6.13184,6.15726,2085896.0829002
2011-11-17,6.16539,6.2152,5.98258,6.01484,2699788.3418373
2011-11-18,6.03999,6.14884,5.98258,6.11521,2381887.3917998
2011-11-21,6.00753,6.03249,5.87344,5.93195,2040678.5922266
2011-11-22,5.93971,6.01484,5.85744,5.91531,1635198.1568653
2011-11-23,5.87344,5.92382,5.67327,5.68241,2870963.8408286
2011-11-25,5.71587,5.76797,5.52428,5.55052,1428361.7793714
2011-11-28,5.74905,5.8655,5.72336,5.78249,2338467.4413433
2011-11-29,5.81522,5.824,5.66514,5.66514,1623085.82105
2011-11-30,5.93734,6.01969,5.83597,6.01064,4510528.3902727
2011-12-01,5.9983,6.06539,5.91531,5.99017,1955793.776139
2011-12-02,6.06338,6.17562,5.96759,5.98423,2586821.1993377
2011-12-05,6.0887,6.12361,5.99337,6.03632,2340616.1747496
2011-12-06,6.04637,6.09765,6.00205,6.03632,1813226.8463135
2011-12-07,6.01914,6.17562,5.95827,6.14948,2201359.8698159
2011-12-08,6.0887,6.0887,5.79383,5.79383,4295196.6385935
2011-12-09,5.86302,5.92382,5.82811,5.8889,3100207.6566602
2011-12-12,5.85434,5.88076,5.67226,5.71587,4911874.3737284
2011-12-13,5.81997,5.86302,5.5763,5.6284,3278510.9551129
2011-12-14,5.5763,5.6284,5.41991,5.46323,3724796.5380583
2011-12-15,5.55052,5.55874,5.44614,5.47255,3102893.573418
2011-12-16,5.50692,5.59403,5.38526,5.40299,6167360.4852117
2011-12-19,5.41991,5.46323,5.18537,5.20283,4918873.0741359
2011-12-20,5.31589,5.55052,5.28966,5.5156,3737716.2899907
2011-12-21,5.49833,5.61999,5.42885,5.5763,1892140.2841263
2011-12-22,5.60253,5.74137,5.55874,5.68955,1836401.2205562
2011-12-23,5.69795,5.74137,5.64576,5.71587,1221283.6146664
2011-12-27,5.68955,5.75928,5.64576,5.68068,1440421.6003173
2011-12-28,5.68068,5.69795,5.5763,5.60253,2386682.655812
2011-12-29,5.61999,5.7324,5.58516,5.6284,1552501.4603361
2011-12-30,5.60673,5.67108,5.56113,5.59759,1769537.7571513
2012-01-03,5.76797,5.91531,5.65436,5.81997,1654715.0892662
2012-01-04,5.83661,5.8889,5.74137,5.79383,2172593.7560419
2012-01-05,5.76797,6.03632,5.74137,5.95827,3299271.8334825
2012-01-06,5.95827,6.01064,5.8889,5.95827,2049610.4962638
2012-01-09,5.98423,6.00205,5.92382,5.94118,2184290.3491411
2012-01-10,6.01914,6.11521,5.99337,6.11521,1931914.8273985
2012-01-11,6.07554,6.14692,6.05771,6.12938,1294784.7387514
2012-01-12,6.14692,6.16539,6.08422,6.13814,2047682.7629328
2012-01-13,6.09765,6.15843,6.08056,6.14134,1352541.2485544
2012-01-17,6.18312,6.29919,6.13814,6.23604,3433938.5576425
2012-01-18,6.25413,6.46272,6.19299,6.46272,3205655.3262974
2012-01-19,6.46272,6.54919,6.40166,6.53959,2162426.658514
2012-01-20,6.52304,6.62816,6.52304,6.59296,2045976.0296773
2012-01-23,6.61911,6.63629,6.47058,6.514,1764865.0278344
2012-01-24,6.45339,6.55741,6.34079,6.53274,1345430.9540495
2012-01-25,6.52304,6.75777,6.52304,6.73985,2263645.7871047
2012-01-26,6.77413,6.8276,6.46272,6.53959,3107092.5748505
2012-01-27,6.52249,6.60266,6.48667,6.53959,2158379.7313907
2012-01-30,6.46272,6.57523,6.38365,6.514,3862898.6099249
2012-01-31,6.57606,6.71938,6.51345,6.69187,3071466.7062609
2012-02-01,6.73985,6.86169,6.71444,6.84423,2840176.9986424
2012-02-02,6.85309,6.86169,6.73163,6.78445,2400229.3039979
2012-02-03,6.8806,7.01268,6.82559,6.95127,2272489.0722998
2012-02-06,6.93098,6.94917,6.84423,6.9138,1275661.6678712
2012-02-07,6.91516,6.97732,6.86115,6.89862,1799833.3664967
2012-02-08,6.40578,6.60266,5.8431,6.1736,14301505.671105
2012-02-09,6.21018,6.21018,6.02225,6.11978,5805144.6438182
2012-02-10,6.03999,6.14692,6.03999,6.10213,4113112.2695438
2012-02-13,6.16539,6.27241,6.11978,6.26264,3805740.5508212
2012-02-14,6.31748,6.32589,6.20085,6.24509,4769749.4440538
2012-02-15,6.28147,6.40578,6.27241,6.33485,4266932.6982581
2012-02-16,6.31748,6.43246,6.29024,6.42443,2284731.601229
2012-02-17,6.43246,6.44261,6.3789,6.43246,1361166.8158535
2012-02-21,6.40578,6.44261,6.33485,6.38842,1955353.9641078
2012-02-22,6.38842,6.42443,6.30761,6.31748,1178131.7088558
2012-02-23,6.32589,6.45997,6.29919,6.45997,1718623.4972074
2012-02-24,6.44261,6.44261,6.34281,6.35258,1120089.6494505
2012-02-27,6.34281,6.39764,6.28147,6.35258,905144.10087331
2012-02-28,6.35258,6.42443,6.32589,6.37086,1100846.2319944
2012-02-29,6.3682,6.45997,6.26711,6.27636,2189130.4696042
2012-03-01,6.32589,6.39764,6.29024,6.34281,1616091.4968816
2012-03-02,6.33485,6.3789,6.25413,6.30761,2066422.9128905
2012-03-05,6.26264,6.31748,6.25413,6.30761,1521502.3705528
2012-03-06,6.23604,6.29024,6.07554,6.07554,2869573.2908493
2012-03-07,6.09327,6.34281,6.08422,6.32589,1606810.5877748
2012-03-08,6.3609,6.3789,6.27241,6.29919,1468220.5652467
2012-03-09,6.30761,6.38842,6.27241,6.32589,1555419.3177672
2012-03-12,6.25413,6.34281,6.24509,6.28147,2267518.758723
2012-03-13,6.29024,6.40578,6.27241,6.40578,1737505.8749363
2012-03-14,6.38842,6.38842,6.29024,6.37086,1414554.7449582
2012-03-15,6.32589,6.38842,6.28147,6.3789,1841364.9697744
2012-03-16,6.3789,6.39764,6.30761,6.31748,4203019.9140778
2012-03-19,6.34281,6.34281,6.28147,6.29024,1820113.9526235
2012-03-20,6.26264,6.31748,6.24509,6.26264,1259883.1377358
2012-03-21,6.27241,6.29024,6.21018,6.22754,1071178.6129622
2012-03-22,6.19106,6.20085,6.08422,6.11173,2062207.5005613
2012-03-23,6.15643,6.18312,6.07554,6.13814,1110866.725512
2012-03-26,6.19106,6.25413,6.13814,6.21776,1280617.7586708
2012-03-27,6.21018,6.23604,6.1736,6.18312,1763716.2650663
2012-03-28,6.16539,6.21018,6.10213,6.20085,1515153.5416542
2012-03-29,6.27241,6.3609,6.24509,6.35258,4399343.4711534
2012-03-30,6.3682,6.47881,6.30423,6.40504,2820225.7245093
2012-04-02,6.47725,6.83592,6.45056,6.64726,6235040.1172117
2012-04-03,6.7096,6.7543,6.62934,6.70073,4250272.3559407
2012-04-04,6.6213,6.66527,6.53959,6.55741,2666116.4640134
2012-04-05,6.53959,6.60266,6.48667,6.54919,968741.79583727
2012-04-09,6.41518,6.51345,6.34281,6.50403,2948267.9167063
2012-04-10,6.60266,6.7447,6.38842,6.39764,2913008.5581428
2012-04-11,6.50403,6.52249,6.34281,6.40578,1475417.290474
2012-04-12,6.40578,6.57606,6.40578,6.54919,1738531.0089495
2012-04-13,6.51345,6.55741,6.3609,6.3789,1066245.497418
2012-04-16,6.39764,6.44261,6.32589,6.38842,1359287.2211529
2012-04-17,6.45056,6.55741,6.43246,6.53959,1372339.3543185
2012-04-18,6.47725,6.49535,6.38842,6.46875,1223780.2590824
2012-04-19,6.47725,6.49535,6.34281,6.43246,1678552.463735
2012-04-20,6.50403,6.50403,6.42443,6.42443,1660764.1457853
2012-04-23,6.34281,6.40578,6.26264,6.37086,1590793.5526075
2012-04-24,6.35258,6.47725,6.34281,6.46875,1262516.5396243
2012-04-25,6.53118,6.62934,6.49535,6.567,1198720.8198402
2012-04-26,6.53959,6.6213,6.52249,6.57606,1050347.7147666
2012-04-27,6.61088,6.61088,6.50403,6.567,1261220.0787858
2012-04-30,6.54297,6.56025,6.45056,6.47881,1333073.5488436
2012-05-01,6.51345,6.53118,6.39764,6.39764,1891871.1454207
2012-05-02,6.37086,6.47725,6.3609,6.46875,1258617.3105712
2012-05-03,6.46939,6.47881,6.3682,6.39563,977819.20982517
2012-05-04,6.37086,6.42443,6.29024,6.29024,1494821.5347177
2012-05-07,6.26264,6.33485,6.26264,6.30761,955048.54364101
2012-05-08,6.28147,6.38842,6.27241,6.37086,1382817.1648237
2012-05-09,6.27636,6.44261,6.27636,6.39563,1443075.7893417
2012-05-10,6.46939,6.52432,6.37763,6.44261,1409418.1342949
2012-05-11,6.44261,6.51345,6.38842,6.45056,1351414.3669818
2012-05-14,6.37086,6.43246,6.3609,6.3609,1145758.4799897
2012-05-15,6.3609,6.39764,6.29919,6.30761,1312379.4081203
2012-05-16,6.35258,6.39764,6.25413,6.26264,1022200.8388275
2012-05-17,6.25413,6.27241,6.08422,6.10213,1599670.7536559
2012-05-18,6.09327,6.10213,5.85269,5.88751,2214193.1910258
2012-05-21,5.86111,6.03999,5.85269,6.03999,1919484.1201874
2012-05-22,6.05771,6.13814,5.94118,6.08422,2715599.6937661
2012-05-23,6.03999,6.45997,6.00379,6.44261,3618928.7494657
2012-05-24,6.47725,6.70073,6.44261,6.69187,3417311.0371185
2012-05-25,6.68081,6.7543,6.64387,6.66234,2521956.5831493
2012-05-29,6.64726,6.71938,6.6383,6.70073,1562038.3794313
2012-05-30,6.70073,6.7096,6.6213,6.62934,1580244.6282166
2012-05-31,6.64387,6.69808,6.59846,6.64387,1584579.2930618
2012-06-01,6.51482,6.59846,6.47881,6.49727,2735691.007551
2012-06-04,6.51345,6.55741,6.43246,6.44261,1386961.4632673
2012-06-05,6.47881,6.68081,6.45997,6.66234,1824902.6522769
2012-06-06,6.69808,6.81782,6.63428,6.81782,1547743.3943564
2012-06-07,6.92741,6.95565,6.69808,6.70841,2225260.699752
2012-06-08,6.70841,6.77202,6.63428,6.77202,1459771.141572
2012-06-11,6.85511,7.14833,6.77202,6.78098,5921140.1437867
2012-06-12,6.76334,6.88189,6.71727,6.86324,1597956.3619819
2012-06-13,6.83738,6.90932,6.76334,6.80913,1234465.9409458
2012-06-14,6.80913,6.90154,6.77202,6.87339,1522064.7172792
2012-06-15,6.87339,6.92741,6.7989,6.89131,2973945.4997238
2012-06-18,6.80913,6.89131,6.77202,6.80913,1616103.5315392
2012-06-19,6.81782,6.99249,6.81782,6.97439,2474629.7452215
2012-06-20,6.93829,7.01123,6.85511,6.89131,1081479.1857833
2012-06-21,6.90154,6.92741,6.81782,6.86324,2318033.6868475
2012-06-22,6.88189,6.92741,6.83738,6.90932,3063174.8271945
2012-06-25,6.81782,6.84542,6.79132,6.8276,1149313.0802123
2012-06-26,6.80913,6.87339,6.73583,6.8276,2452372.1930737
2012-06-27,6.86324,6.94623,6.78098,6.93829,1236053.4216854
2012-06-28,6.88189,6.94623,6.78098,6.92741,1741615.163467
2012-06-29,7.06542,7.06542,6.93829,7.03864,2364363.8363166
2012-07-02,7.02932,7.13928,7.02932,7.13032,2015060.0884371
2012-07-03,7.11223,7.18507,7.08425,7.11223,854035.09828871
2012-07-05,7.14833,7.29558,7.12026,7.23991,2421172.8903508
2012-07-06,7.18507,7.29558,7.1656,7.23991,1481748.6144163
2012-07-09,7.25791,7.26853,7.1656,7.25791,1080716.6261172
2012-07-10,7.28579,7.33242,7.26853,7.29558,1852068.156594
2012-07-11,7.28579,7.33242,7.17602,7.31441,1794903.5331317
2012-07-12,7.24978,7.32336,7.2039,7.25791,1533928.7015247
2012-07-13,7.29558,7.38606,7.25791,7.3506,1381890.4961908
2012-07-16,7.34138,7.47948,7.31441,7.38606,1132920.7825407
2012-07-17,7.41414,7.47948,7.30464,7.3506,1296803.2790442
2012-07-18,7.31441,7.36916,7.23991,7.27683,1851539.7257207
2012-07-19,7.32336,7.34138,7.22265,7.28579,1617480.9528011
2012-07-20,7.24978,7.27683,7.12026,7.17602,2034731.2832669
2012-07-23,7.09285,7.17602,6.96571,7.14833,2486313.2096034
2012-07-24,7.15883,7.17602,6.92741,6.99249,1519031.9835714
2012-07-25,7.04724,7.11223,6.99249,7.01991,957026.60372177
2012-07-26,7.11223,7.18507,7.01123,7.08425,1058347.479872
2012-07-27,7.13928,7.31441,7.08462,7.2114,1436581.4504924
2012-07-30,7.2039,7.28579,7.17602,7.22265,923262.82487636
2012-07-31,7.2114,7.27683,7.04724,7.04724,1845265.2928871
2012-08-01,7.10226,7.23991,7.01123,7.01123,1910812.6023775
2012-08-02,6.98308,7.11223,6.93829,7.03864,1340970.4723298
2012-08-03,7.11223,7.24978,7.0753,7.23105,1210332.0762767
2012-08-06,7.24978,7.34138,7.13928,7.29558,1408377.6834448
2012-08-07,7.34138,7.37812,7.13928,7.23105,2319916.5637275
2012-08-08,7.13928,7.14833,6.90932,6.94623,3609623.7710438
2012-08-09,6.96571,7.02932,6.92741,6.98308,1166549.9920334
2012-08-10,6.97439,7.11223,6.96571,7.09285,1267021.8777949
2012-08-13,7.09285,7.17602,7.02932,7.13928,1124625.6212951
2012-08-14,7.13928,7.15883,7.04724,7.06542,2495273.559195
2012-08-15,7.06542,7.11223,7.03864,7.09285,1052029.2846472
2012-08-16,7.11223,7.13928,7.04724,7.10226,1454904.7636742
2012-08-17,7.12026,7.15883,7.06542,7.13032,1330639.2658349
2012-08-20,7.11223,7.13032,7.0753,7.12026,2351810.5944103
2012-08-21,7.17602,7.28579,7.15053,7.23105,1977516.3330546
2012-08-22,7.2039,7.34138,7.18507,7.32336,1676522.9828446
2012-08-23,7.26853,7.29558,7.15883,7.23991,1430194.3295016
2012-08-24,7.2039,7.29558,7.17602,7.25791,1042437.6625631
2012-08-27,7.30464,7.32336,7.2039,7.22265,1185817.4788045
2012-08-28,7.23991,7.43195,7.22265,7.35562,2183740.0370721
2012-08-29,7.3506,7.46148,7.34138,7.42428,1213303.542637
2012-08-30,7.40635,7.42428,7.34138,7.35855,875369.2639828
2012-08-31,7.40635,7.43195,7.29558,7.35855,1488985.8198555
2012-09-04,7.38606,7.51595,7.34138,7.43195,2206690.1290602
2012-09-05,7.47948,7.51595,7.41414,7.50571,2164639.9414472
2012-09-06,7.57098,7.6622,7.47948,7.52363,2607742.904495
2012-09-07,7.57098,7.59821,7.50571,7.51595,1178700.619941
2012-09-10,7.44201,7.54383,7.42428,7.51595,1809589.0975477
2012-09-11,7.52435,7.60909,7.47783,7.60068,1501446.0666808
2012-09-12,7.57966,7.61814,7.53368,7.60909,1347468.0933583
2012-09-13,7.60909,7.81676,7.57335,7.71348,2646555.7692214
2012-09-14,7.62783,7.85369,7.60068,7.80771,3192539.7376645
2012-09-17,7.77033,7.80771,7.68386,7.70388,1205400.0547921
2012-09-18,7.71348,7.72234,7.59127,7.60068,1418769.0632275
2012-09-19,7.61814,7.71348,7.59127,7.65653,1361410.7911842
2012-09-20,7.63825,7.69976,7.53368,7.56258,1551279.3955627
2012-09-21,7.64785,7.64785,7.4964,7.52435,2945979.1436483
2012-09-24,7.52435,7.57966,7.48725,7.55233,1249852.7976802
2012-09-25,7.57966,7.62783,7.25124,7.28059,2206810.4756358
2012-09-26,7.28872,7.36468,7.18571,7.22419,1315954.7954787
2012-09-27,7.22419,7.34585,7.22419,7.28059,1129430.7318451
2012-09-28,7.24376,7.42108,7.23232,7.41258,1885695.177967
2012-10-01,7.45919,7.46768,7.20546,7.28059,1793429.8346091
2012-10-02,7.30088,7.38387,7.26102,7.34585,1687370.5855552
2012-10-03,7.34585,7.38387,7.28872,7.31806,1278617.8173945
2012-10-04,7.37455,7.64785,7.33617,7.60452,2841830.1229688
2012-10-05,7.61814,7.71348,7.59127,7.62783,1578250.1572392
2012-10-08,7.57335,7.63825,7.53368,7.57335,864835.65642882
2012-10-09,7.57966,7.67499,7.50571,7.51595,2253617.6351686
2012-10-10,7.50571,7.57966,7.43122,7.44987,1133392.3223056
2012-10-11,7.4964,7.59127,7.45919,7.50571,1272040.330002
2012-10-12,7.50571,7.55233,7.30088,7.37455,1912162.6721451
2012-10-15,7.35736,7.41258,7.32336,7.38387,1623788.2074282
2012-10-16,7.43973,7.47783,7.34585,7.47783,830636.4417913
2012-10-17,7.51595,7.57335,7.43122,7.45919,1493671.6778898
2012-10-18,7.46768,7.57335,7.43122,7.53844,668553.67362473
2012-10-19,7.4964,7.54383,7.44987,7.46768,1058339.8214535
2012-10-22,7.47783,7.51504,7.40234,7.50571,837752.20659511
2012-10-23,7.43122,7.51431,7.33617,7.36468,913862.66325362
2012-10-24,7.30755,7.42108,7.30088,7.34585,1370680.7596933
2012-10-25,7.40234,7.45919,7.33617,7.44987,737132.62276333
2012-10-26,7.46768,7.48725,7.34585,7.43122,469054.06101006
2012-10-31,7.41258,7.49182,7.36468,7.47783,787499.85281763
2012-11-01,7.50571,7.68386,7.42108,7.61814,1953322.2950978
2012-11-02,7.63825,7.66612,7.43973,7.43973,1133672.4016091
2012-11-05,7.43122,7.51595,7.3922,7.4964,651267.52911362
2012-11-06,7.54383,7.57966,7.51595,7.57966,962572.39274246
2012-11-07,7.4964,7.54383,7.33617,7.35736,2266411.5702264
2012-11-08,7.45919,7.60909,7.30755,7.32784,2064883.5707812
2012-11-09,7.32784,7.33617,7.17684,7.26102,1367778.2190991
2012-11-12,7.30088,7.33617,7.23232,7.24376,1862673.9720935
2012-11-13,7.22419,7.28872,7.17684,7.17684,2008378.6653656
2012-11-14,7.21442,7.25124,6.81873,6.85228,4010260.8037626
2012-11-15,6.83792,7.16625,6.78162,7.12959,1970694.8703314
2012-11-16,7.11159,7.27081,6.96936,7.27081,3011594.284845
2012-11-19,7.33617,7.56787,7.28872,7.52435,2727687.9602663
2012-11-20,7.4964,7.59127,7.43506,7.50571,1611387.0398312
2012-11-21,7.52435,7.55233,7.46768,7.54383,1057192.1527452
2012-11-23,7.54383,7.56258,7.50571,7.55233,786777.77336337
2012-11-26,7.52435,7.60068,7.48725,7.59127,2036985.046412
2012-11-27,7.59127,7.68386,7.50654,7.66612,2214837.5922357
2012-11-28,7.61814,7.65653,7.53368,7.62783,1298694.9084023
2012-11-29,7.66612,7.70388,7.60452,7.63825,1887696.2133031
2012-11-30,7.68386,7.69336,7.60068,7.62783,1500408.8980101
2012-12-03,7.66612,7.69336,7.60909,7.62783,1116144.4698867
2012-12-04,7.61814,7.69336,7.59127,7.62783,1293928.0899445
2012-12-05,7.66612,7.74245,7.59127,7.61814,2191237.628739
2012-12-06,7.59127,7.77837,7.57966,7.76081,1806144.9973629
2012-12-07,7.77033,7.77033,7.68386,7.72234,1179444.5805908
2012-12-10,7.73111,7.81676,7.71759,7.80771,1198073.1364509
2012-12-11,7.82571,7.85369,7.76081,7.78869,2220638.297185
2012-12-12,7.80771,7.83559,7.76081,7.77033,2453713.5103631
2012-12-13,7.76081,7.82571,7.73111,7.78869,1935607.2791533
2012-12-14,7.74949,7.93248,7.71027,7.88413,1886659.0446325
2012-12-17,7.94317,7.94317,7.84638,7.90295,1975654.2433105
2012-12-18,7.91364,8.03841,7.88413,8.01912,1359228.1419248
2012-12-19,8.00057,8.17386,7.95221,8.11583,2089802.9703717
2012-12-20,8.1352,8.27898,8.07717,8.16381,3801579.841481
2012-12-21,8.11583,8.16381,8.0098,8.14453,4350321.9346275
2012-12-24,8.14453,8.24095,8.0098,8.05779,728259.79795414
2012-12-26,8.04856,8.14453,8.03429,8.07717,1100858.266652
2012-12-27,8.01912,8.12515,7.95221,8.0098,1577402.2609104
2012-12-28,7.9917,8.01912,7.93248,7.98009,871445.96561466
2012-12-31,8.16463,8.30238,8.11583,8.26527,1721858.6319745
2013-01-02,8.19827,8.27295,8.12515,8.1831,2276626.8063847
2013-01-03,8.20165,8.20165,8.11583,8.14453,1778963.0821489
2013-01-04,8.21263,8.35777,8.14453,8.29808,3263372.4499483
2013-01-07,8.27898,8.38711,8.24095,8.30923,1401289.2701355
2013-01-08,8.31014,8.43382,8.27039,8.43382,1796588.3851917
2013-01-09,8.43382,8.63674,8.38711,8.62787,3104612.341331
2013-01-10,8.64569,8.73078,8.5478,8.63674,3828928.0537812
2013-01-11,8.65629,8.67504,8.56022,8.59761,1875814.7241012
2013-01-14,8.60647,8.66433,8.56022,8.58957,2062475.5452072
2013-01-15,8.39405,8.51133,8.21263,8.45347,2336471.876306
2013-01-16,8.42431,8.49259,8.41389,8.44333,1381413.486127
2013-01-17,8.49259,8.56909,8.39405,8.56022,1809049.7260765
2013-01-18,8.5211,8.61717,8.47303,8.57805,1334053.8264058
2013-01-22,8.60647,8.64569,8.56022,8.64569,1565016.4101502
2013-01-23,8.65629,8.65629,8.57805,8.65629,1441535.3531726
2013-01-24,8.64569,8.67504,8.53975,8.57805,1219370.1041126
2013-01-25,8.58957,8.61717,8.46325,8.49259,1477874.5487381
2013-01-28,8.49259,8.52998,8.43382,8.50237,1802274.213864
2013-01-29,8.52998,8.61717,8.46325,8.61717,1535524.9347425
2013-01-30,8.63674,8.64569,8.50237,8.53975,1376053.6872689
2013-01-31,8.78836,8.97574,8.72073,8.89623,1847236.7886092
2013-02-01,8.70336,8.73078,8.62787,8.67056,2004870.0156539
2013-02-04,8.64569,8.68417,8.57805,8.60647,1256924.8000929
2013-02-05,8.65629,8.73627,8.60647,8.68417,1420901.3857372
2013-02-06,8.57805,8.57805,8.00221,8.08722,5517558.9962022
2013-02-07,8.03,8.04856,7.81676,7.93248,5549537.2694879
2013-02-08,7.92435,8.07717,7.92435,7.98009,2357895.754902
2013-02-11,8.00057,8.05779,7.91364,8.03,1973745.1089959
2013-02-12,8.04856,8.1352,8.00057,8.0098,1612032.5351009
2013-02-13,8.0098,8.10659,8.00057,8.09562,1679677.1571881
2013-02-14,8.07717,8.23155,8.04856,8.22277,1414750.5816586
2013-02-15,8.27898,8.29808,8.16381,8.23155,2225397.4572244
2013-02-19,8.24095,8.42431,8.22277,8.29114,2508883.6628479
2013-02-20,8.29114,8.32834,8.08722,8.09562,1648038.0424338
2013-02-21,8.09562,8.09562,7.92435,7.93248,1934396.1549777
2013-02-22,8.01912,8.13859,8.00057,8.09562,2603688.3189533
2013-02-25,8.17386,8.24095,8.00057,8.0098,1711199.2075459
2013-02-26,8.01912,8.11583,7.9917,8.09562,1171537.8105666
2013-02-27,8.09562,8.27039,8.08722,8.25137,1487921.2996904
2013-02-28,8.61004,8.66881,8.53089,8.5914,2166266.8083389
2013-03-01,8.32834,8.39405,8.21263,8.36554,1836298.378937
2013-03-04,8.36554,8.43382,8.29114,8.40612,1562255.0032675
2013-03-05,8.46325,8.49259,8.41389,8.47303,1784199.2522521
2013-03-06,8.47303,8.5264,8.38711,8.43382,1287225.8797371
2013-03-07,8.45347,8.48281,8.38711,8.43382,1115129.1824116
2013-03-08,8.47303,8.5478,8.41389,8.46325,1422758.0051825
2013-03-11,8.48281,8.52998,8.45347,8.50237,1143590.0535073
2013-03-12,8.45347,8.50237,8.35777,8.42431,1402617.4587075
2013-03-13,8.45347,8.48281,8.38711,8.47303,1655700.8371272
2013-03-14,8.50237,8.53975,8.44333,8.5211,1418410.21162
2013-03-15,8.5211,8.53354,8.29114,8.41389,2392964.7470641
2013-03-18,8.36554,8.42431,8.31014,8.33784,1605267.9634862
2013-03-19,8.3776,8.45612,8.20092,8.23758,2182779.4525861
2013-03-20,8.3085,8.3776,8.26875,8.31792,1147808.7480159
2013-03-21,8.27733,8.38802,8.23758,8.34735,1175975.317031
2013-03-22,8.3776,8.40786,8.31792,8.3776,1042602.8655898
2013-03-25,8.42687,8.46507,8.34735,8.43555,1083854.389564
2013-03-26,8.26875,8.38802,8.15037,8.24873,3622317.0526019
2013-03-27,8.20924,8.32834,8.15037,8.28858,1958376.8512776
2013-03-28,8.31792,8.34735,8.20924,8.24873,1679729.6720574
2013-04-01,8.24873,8.28858,8.15037,8.16966,1297147.9078745
2013-04-02,8.21939,8.33784,8.21939,8.3127,1147853.6044669
2013-04-03,8.33784,8.33784,8.0948,8.11079,2037212.6108461
2013-04-04,8.18063,8.3085,8.11079,8.19325,2398118.8626838
2013-04-05,8.0906,8.18987,8.02168,8.15961,1911362.9144465
2013-04-08,8.20924,8.3085,8.15037,8.23758,1216745.4547023
2013-04-09,8.2288,8.31792,8.18063,8.20924,1536497.5538862
2013-04-10,8.25833,8.40786,8.23758,8.38802,1428951.4775923
2013-04-11,8.38802,8.38802,8.24873,8.26875,2121794.3723748
2013-04-12,8.20924,8.24873,8.13859,8.18063,1436329.8167432
2013-04-15,8.15961,8.15961,7.94399,7.95221,2454208.0253831
2013-04-16,8.062,8.13191,7.9939,8.13191,1856199.3263203
2013-04-17,8.10157,8.12003,7.89482,8.00221,1895813.042805
2013-04-18,8.062,8.13191,8.01154,8.04179,1745917.0065187
2013-04-19,8.05194,8.20092,8.04179,8.18987,997750.79088235
2013-04-22,8.23758,8.29717,8.0906,8.26875,1231638.8904763
2013-04-23,8.32834,8.35777,8.2288,8.3085,1461404.5728223
2013-04-24,8.33784,8.35777,8.26875,8.31792,1456508.6553105
2013-04-25,8.34735,8.47659,8.31792,8.41645,1485712.3929962
2013-04-26,8.42687,8.52558,8.34735,8.51571,2737093.5921879
2013-04-29,8.49441,8.61453,8.47659,8.60291,1748932.2352701
2013-04-30,8.84412,8.91542,8.7838,8.91542,1796333.4692631
2013-05-01,8.70245,8.72439,8.48464,8.48464,2166276.6548769
2013-05-02,8.49441,8.65364,8.47659,8.65364,882429.23173787
2013-05-03,8.74176,8.79111,8.60291,8.65364,1184729.983384
2013-05-06,8.6732,8.68297,8.56562,8.60291,964282.40817732
2013-05-07,8.59496,8.65364,8.52998,8.6243,1435943.6136412
2013-05-08,8.57357,8.71251,8.48464,8.71251,1089539.1241765
2013-05-09,8.6732,8.70245,8.58518,8.6243,4094583.2731235
2013-05-10,8.6243,8.65364,8.56022,8.61453,1155577.6665078
2013-05-13,8.64295,8.73078,8.57357,8.6732,1575530.3246281
2013-05-14,8.72439,8.80117,8.69331,8.75363,1775299.0759486
2013-05-15,8.3957,8.56562,8.35777,8.55492,24580772.771983
2013-05-16,8.53354,8.61453,8.47659,8.61453,5023132.5948529
2013-05-17,8.6243,8.63316,8.52558,8.61453,2869490.1423062
2013-05-20,8.6243,8.70245,8.60291,8.69331,3085248.5772993
2013-05-21,8.63316,8.69331,8.61453,8.64295,2333144.8405177
2013-05-22,8.59496,8.70245,8.3957,8.42687,3413549.6595978
2013-05-23,8.3957,8.72439,8.23411,8.54871,3676989.4078872
2013-05-24,8.53354,8.56562,8.35777,8.46507,2029602.331022
2013-05-28,8.7838,8.88434,8.5211,8.5211,2976187.2282113
2013-05-29,8.45968,8.50064,8.32834,8.43035,3659510.708855
2013-05-30,8.21939,8.32834,8.16966,8.25833,2380505.5942987
2013-05-31,8.44762,8.4882,8.33346,8.38547,5391975.1563289
2013-06-03,8.20092,8.21939,7.94399,8.03585,4565543.186269
2013-06-04,8.22716,8.33876,8.02415,8.07469,2923178.9378501
2013-06-05,8.08547,8.0906,7.95386,8.05523,3516740.2839106
2013-06-06,8.07469,8.17634,7.87178,8.08547,4808039.3482056
2013-06-07,8.18648,8.27642,8.11583,8.16546,2193534.0602154
2013-06-10,8.17634,8.27642,8.14608,8.24708,1634780.2260297
2013-06-11,8.21674,8.24708,8.10569,8.12589,2523347.1331287
2013-06-12,8.15714,8.19663,7.96455,8.12589,3386410.4127153
2013-06-13,8.07469,8.16546,8.03503,8.15714,2935563.6945505
2013-06-14,8.24708,8.27642,8.14608,8.20586,1713065.6735293
2013-06-17,8.03173,8.10157,7.89482,7.91273,3168731.9028096
2013-06-18,7.92435,8.05523,7.90213,8.03503,2107235.7188933
2013-06-19,8.05523,8.06538,7.86356,7.89391,2194535.1249135
2013-06-20,7.80113,7.94399,7.65104,7.70478,3474659.4626238
2013-06-21,7.7303,7.85286,7.59053,7.65104,3856397.706717
2013-06-24,7.57884,7.59053,7.36697,7.45763,2793670.7055489
2013-06-25,7.56961,7.65973,7.46768,7.58423,2040903.9685411
2013-06-26,7.65973,7.77599,7.61896,7.67023,1623779.45495
2013-06-27,7.69025,7.8332,7.65104,7.8332,1723279.8156276
2013-06-28,7.82251,7.87178,7.74949,7.8332,2238847.8281497
2013-07-01,7.82251,7.96455,7.82251,7.89391,1635083.2805885
2013-07-02,7.91273,8.02415,7.79199,7.90213,4941878.9631726
2013-07-03,7.89391,7.94399,7.80113,7.87178,691323.2457491
2013-07-05,8.09398,8.09398,7.82251,8.02415,2700774.0896984
2013-07-08,8.02415,8.09398,7.97443,8.08547,2290678.9101886
2013-07-09,8.10569,8.24708,8.05523,8.16546,3813036.8354886
2013-07-10,8.18648,8.18648,8.08547,8.17634,1093711.8681744
2013-07-11,8.23575,8.29717,8.15714,8.23228,4492984.0476538
2013-07-12,8.24708,8.26691,8.15714,8.23575,1134250.0651725
2013-07-15,8.25833,8.32834,8.20586,8.29717,1248001.6485338
2013-07-16,8.31792,8.33876,8.23575,8.26691,1079560.2049306
2013-07-17,8.31792,8.34132,8.2118,8.27642,1484859.0263685
2013-07-18,8.32834,8.45018,8.26691,8.29717,2018652.980752
2013-07-19,8.32834,8.38885,8.25833,8.33876,978308.25454646
2013-07-22,8.32834,8.40959,8.28419,8.33876,1379696.9063336
2013-07-23,8.33876,8.42084,8.29717,8.36636,1388361.8597847
2013-07-24,8.38885,8.38885,8.18648,8.25137,1548909.6620811
2013-07-25,8.21674,8.35942,8.21674,8.33876,1430739.1712717
2013-07-26,8.3085,8.35942,8.22716,8.33876,829999.69899982
2013-07-29,8.29717,8.31792,8.15714,8.20586,1285413.022683
2013-07-30,8.25833,8.27642,8.13603,8.22716,1632209.1855486
2013-07-31,8.24708,8.27642,8.09398,8.22716,1164638.6695991
2013-08-01,8.29717,8.35942,8.22716,8.27213,2274148.7609849
2013-08-02,8.23575,8.35942,8.21674,8.28858,788007.49655516
2013-08-05,8.23575,8.27642,8.12589,8.19663,1195811.7148874
2013-08-06,8.19663,8.21674,8.05523,8.06538,1430803.7207985
2013-08-07,8.06538,8.06538,7.93329,8.02415,1377606.1580956
2013-08-08,8.13603,8.34826,8.05523,8.15202,2382625.8821507
2013-08-09,8.14608,8.24708,8.13941,8.16546,936565.49773146
2013-08-12,8.15714,8.24708,8.11583,8.19663,1505952.4989111
2013-08-13,8.18648,8.19663,8.11583,8.14608,1004563.5011273
2013-08-14,8.11583,8.15714,8.05523,8.07469,1718589.5813543
2013-08-15,8.03503,8.07469,7.82251,7.92435,2774173.4662241
2013-08-16,7.90213,8.03503,7.90213,7.94399,1165711.9422425
2013-08-19,7.96455,8.02415,7.85286,7.86356,891182.80403113
2013-08-20,7.89391,8.09398,7.86356,8.07469,1666367.9199742
2013-08-21,8.06538,8.06948,7.91273,7.93329,1643633.3577629
2013-08-22,7.95386,8.12589,7.95386,8.08547,1000080.0441522
2013-08-23,8.08547,8.13264,8.02415,8.06538,1589782.6413716
2013-08-26,8.07469,8.14608,8.046,8.08547,1079060.2196115
2013-08-27,8.02415,8.06538,7.95386,7.9843,1543494.0661741
2013-08-28,8.00395,8.03503,7.95386,7.9843,1046702.3075824
2013-08-29,7.9939,8.12424,7.9843,8.08547,1190130.2624542
2013-08-30,8.08547,8.10569,7.96455,7.9843,2018087.3518462
2013-09-03,8.08547,8.12589,7.84638,7.8981,3001853.8706311
2013-09-04,7.90798,8.07286,7.8981,8.04262,1284709.542245
2013-09-05,8.04262,8.08547,8.01062,8.02168,1128411.0681309
2013-09-06,8.02506,8.23666,7.9939,8.19753,2466696.7177626
2013-09-09,8.21674,8.39835,8.19663,8.37934,2513208.4811551
2013-09-10,8.39835,8.5211,8.38885,8.5211,2419236.4045416
2013-09-11,8.43035,8.61625,8.42084,8.57184,3008747.5412996
2013-09-12,8.59312,8.59312,8.42084,8.43035,2391446.1920905
2013-09-13,8.43035,8.46947,8.37852,8.45968,1669432.3814157
2013-09-16,8.52998,8.56206,8.45968,8.46947,1584678.8525017
2013-09-17,8.46947,8.58071,8.45109,8.56206,2341190.5561337
2013-09-18,8.53975,8.6243,8.50776,8.60209,1926281.5135956
2013-09-19,8.6127,8.6127,8.50776,8.52998,1365561.6539865
2013-09-20,8.54871,8.56206,8.39405,8.42687,2610888.3263602
2013-09-23,8.39405,8.44762,8.34132,8.40703,1284513.7055445
2013-09-24,8.38547,8.43555,8.34132,8.39405,1160326.9800093
2013-09-25,8.42687,8.57449,8.39489,8.53975,1957247.7815855
2013-09-26,8.54871,8.6127,8.49972,8.53975,1464254.5985471
2013-09-27,8.4882,8.56206,8.45703,8.49972,1315076.2654761
2013-09-30,8.44762,8.50776,8.38547,8.44762,1951021.4873822
2013-10-01,8.46589,8.59404,8.43555,8.56206,2449655.6426421
2013-10-02,8.60209,8.60209,8.46589,8.4882,947482.02620816
2013-10-03,8.49972,8.49972,8.35512,8.45703,1555143.6147028
2013-10-04,8.50776,8.60209,8.46589,8.53975,2608375.2710474
2013-10-07,8.4882,8.52998,8.39405,8.42687,1390442.7614847
2013-10-08,8.44762,8.45703,8.34132,8.34132,1297336.0861566
2013-10-09,8.35512,8.46589,8.34132,8.39405,1095404.3786527
2013-10-10,8.46589,8.58071,8.44762,8.54871,1722799.5233847
2013-10-11,8.53975,8.69697,8.52998,8.68509,1944751.4307877
2013-10-14,8.65546,8.66433,8.56206,8.65546,1484075.6795666
2013-10-15,8.63316,8.63316,8.49972,8.5202,1179719.1895954
2013-10-16,8.56206,8.68509,8.5202,8.65546,1484807.6055589
2013-10-17,8.6243,8.78929,8.57184,8.73627,1301193.740938
2013-10-18,8.73627,8.8103,8.72804,8.79842,1488181.6859178
2013-10-21,8.77923,8.85143,8.77923,8.78929,1627326.3967541
2013-10-22,8.8103,8.90171,8.78929,8.87246,1839870.484116
2013-10-23,8.85143,8.9337,8.85143,8.88252,1943054.5440702
2013-10-24,8.91359,8.94375,8.86148,8.90171,1326186.4425336
2013-10-25,8.9337,8.94375,8.86148,8.89256,1566541.5294824
2013-10-28,8.86148,8.94375,8.8295,8.92455,1549451.2216717
2013-10-29,8.9337,8.95564,8.87246,8.95564,1816137.0453261
2013-10-30,8.82127,8.95564,8.82127,8.89256,1107261.7985396
2013-10-31,8.89256,8.94375,8.84047,8.84687,1749842.4930065
2013-11-01,8.8295,8.87246,8.66433,8.82127,2065839.7790282
2013-11-04,8.84047,8.89256,8.77923,8.86148,1532019.56721
2013-11-05,8.84047,8.92455,8.78929,8.8295,1188699.2322629
2013-11-06,8.89256,8.9337,8.8295,8.90171,944105.7577296
2013-11-07,8.91359,8.9337,8.72804,8.72804,1447272.6026546
2013-11-08,8.86148,8.94375,8.77923,8.89256,2193971.6841272
2013-11-11,8.89256,8.94375,8.85143,8.9337,1018082.7978187
2013-11-12,8.91359,8.99677,8.88252,8.94375,1250639.4266615
2013-11-13,8.91359,8.99677,8.86148,8.99677,1086518.4251263
2013-11-14,8.99677,9.03698,8.95564,9.02693,888433.43180604
2013-11-15,9.01779,9.15215,8.99677,9.14118,2166276.6548769
2013-11-18,9.16129,9.20425,9.12016,9.16129,1692250.0921704
2013-11-19,9.18415,9.2143,9.10005,9.12016,1088561.0347339
2013-11-20,9.15215,9.25544,9.09092,9.17134,2994602.4424146
2013-11-21,9.22436,9.24446,9.15215,9.18415,1304090.8112332
2013-11-22,9.18415,9.24446,9.1229,9.2143,1421276.6482414
2013-11-25,9.22436,9.28743,9.12016,9.14118,2256397.6410676
2013-11-26,9.17134,9.19328,9.10005,9.16129,1252566.0659326
2013-11-27,9.19328,9.26823,9.16129,9.23533,1401927.1069868
2013-11-29,9.28743,9.35963,9.22436,9.34958,986384.6038364
2013-12-02,9.2143,9.37883,9.15215,9.17134,1281608.9768308
2013-12-03,9.13113,9.23533,9.02693,9.11102,1215992.7415742
2013-12-04,9.11102,9.14118,8.98762,9.11102,1011159.587536
2013-12-05,9.09092,9.10005,9.00499,9.05892,994273.86890409
2013-12-06,9.11102,9.20425,9.11102,9.15215,1026793.7017806
2013-12-09,9.18415,9.22436,9.11102,9.18415,1411540.6102664
2013-12-10,9.17134,9.17134,9.03698,9.10005,1659734.6355331
2013-12-11,9.13113,9.16129,8.96478,8.97483,1313641.9531055
2013-12-12,9.00499,9.09092,8.94375,8.95564,1071669.8458031
2013-12-13,8.97483,9.02693,8.82127,8.96478,1596739.7675074
2013-12-16,9.03698,9.11102,8.94375,9.02327,1400880.0917782
2013-12-17,9.00408,9.10188,8.90993,9.04886,1680897.0338418
2013-12-18,9.08085,9.14392,9.01779,9.02693,2726518.4103624
2013-12-19,9.02693,9.04886,8.89074,8.89074,1581158.1681323
2013-12-20,8.94283,9.06075,8.9209,8.99585,2462026.1765652
2013-12-23,9.01779,9.10188,9.01779,9.10188,1456632.2840655
2013-12-24,9.11375,9.13387,9.09092,9.1229,565404.62358346
2013-12-26,9.13387,9.175,9.04886,9.06075,775574.60122452
2013-12-27,9.10188,9.10188,8.99585,9.02693,806933.63667527
2013-12-30,9.02693,9.06898,8.98672,8.98672,1119149.8521002
2013-12-31,8.97391,9.08085,8.97391,8.99585,1293263.9956584
2014-01-02,8.99585,8.99585,8.89074,8.93278,1126139.8000294
2014-01-03,8.93278,9.06898,8.93278,9.02693,1335913.7280304
2014-01-06,9.10188,9.1229,9.00408,9.04886,1352464.6643698
2014-01-07,9.06075,9.1229,9.03698,9.08085,1522715.6828478
2014-01-08,9.06075,9.08085,8.98672,9.08085,1311553.3929871
2014-01-09,9.09092,9.1558,9.02693,9.1229,1813343.9107098
2014-01-10,9.175,9.18688,9.04886,9.16586,949469.93282695
2014-01-13,9.16586,9.23989,9.08085,9.11375,1417132.3497979
2014-01-14,9.11375,9.21887,9.10188,9.18688,1102845.0792111
2014-01-15,9.21887,9.48397,9.19694,9.46016,2800424.3365657
2014-01-16,9.40807,9.47386,9.39894,9.46016,1404087.8750507
2014-01-17,9.43001,9.49313,9.40807,9.48397,1124336.7895132
2014-01-21,9.62103,9.64295,9.45289,9.54792,1657515.8823009
2014-01-22,9.51684,9.60007,9.48397,9.55709,1758382.7236428
2014-01-23,9.54792,9.57994,9.50314,9.53601,1550616.3953366
2014-01-24,9.54792,9.54792,9.34593,9.37608,1805421.8238487
2014-01-27,9.42088,9.44007,9.20699,9.23989,1016209.7674767
2014-01-28,9.30297,9.31394,9.20699,9.23989,1841624.261942
2014-01-29,9.175,9.24995,8.96386,9.00408,2503480.1015986
2014-01-30,9.09092,9.18688,9.00408,9.14392,1093883.6355597
2014-01-31,8.99585,9.06898,8.87886,8.95381,1399129.5961314
2014-02-03,8.96386,8.96386,8.60209,8.63408,4134121.4994837
2014-02-04,8.74084,8.7838,8.64477,8.72164,1851510.1861067
2014-02-05,8.75272,8.77283,8.61901,8.70794,1501790.6955111
2014-02-06,8.90993,9.01779,8.79476,8.86697,1376507.7220772
2014-02-07,8.87886,8.9209,8.82584,8.87886,1139575.9481776
2014-02-10,8.84778,8.9209,8.8039,8.90993,1330289.1667056
2014-02-11,8.9209,9.22892,8.89988,9.16586,2534555.7755664
2014-02-12,9.21887,9.40807,9.175,9.3898,3749221.4226286
2014-02-13,9.33588,9.55709,9.29382,9.49313,2545004.0464577
2014-02-14,9.50314,9.61187,9.45289,9.55709,2621392.3943001
2014-02-18,9.61187,9.68414,9.57994,9.59091,2057610.2613692
2014-02-19,9.59091,9.61187,9.39894,9.43001,2280923.1791376
2014-02-20,9.46016,9.52506,9.42088,9.45289,1951517.0964621
2014-02-21,9.49313,9.55709,9.46016,9.49313,1224554.8534061
2014-02-24,9.55709,9.77097,9.53601,9.70699,2164425.5057304
2014-02-25,9.18688,9.22892,8.98672,9.10188,25168265.368449
2014-02-26,9.14392,9.23989,9.06075,9.11375,6198972.2484714
2014-02-27,9.1229,9.18688,9.08085,9.1558,5068028.4319516
2014-02-28,9.175,9.175,9.03698,9.08085,35853941.761441
2014-03-03,9.04886,9.31394,9.04886,9.27098,6282453.3858622
2014-03-04,9.28194,9.35781,9.175,9.19694,5726375.6218963
2014-03-05,9.175,9.27098,9.13387,9.18688,3345267.2006593
2014-03-06,9.18688,9.28194,9.175,9.21887,2502251.4724665
2014-03-07,9.26183,9.27098,9.10644,9.1229,3103576.2667202
2014-03-10,9.11375,9.19694,9.06898,9.175,1820990.2945066
2014-03-11,9.1558,9.20699,9.06898,9.08085,1734341.854055
2014-03-12,9.03698,9.13387,9.03698,9.06898,2676193.8486394
2014-03-13,9.13387,9.14392,9.00408,9.00408,2728792.9606432
2014-03-14,9.00408,9.06075,8.96386,8.99585,1696589.1332546
2014-03-17,9.06075,9.1229,8.96386,8.97391,2561876.6363722
2014-03-18,9.01779,9.04886,8.96386,9.01779,2676163.2149656
2014-03-19,9.06989,9.13661,8.98489,9.06075,3901828.5390477
2014-03-20,9.08177,9.11559,8.99585,8.99585,3150757.5946975
2014-03-21,9.0379,9.04886,8.82311,8.95198,6785071.0127782
2014-03-24,8.95198,9.0379,8.90719,8.99585,2594303.4741675
2014-03-25,9.01779,9.06989,8.98489,9.0379,2071004.8352458
2014-03-26,9.10279,9.17957,8.96295,8.98489,2701211.7136101
2014-03-27,8.96295,9.04886,8.94009,9.00408,1827831.4503058
2014-03-28,8.98489,9.06075,8.96295,8.973,1474095.6662609
2014-03-31,9.02785,9.11559,8.973,9.02785,2254192.0165527
2014-04-01,9.02785,9.09183,9.00682,9.06989,1367469.6942413
2014-04-02,9.11559,9.15306,9.0772,9.10279,1528117.0559776
2014-04-03,9.12474,9.1421,9.02785,9.08177,1426926.3729412
2014-04-04,9.04886,9.09183,8.98489,9.02785,1783283.524217
2014-04-07,9.02785,9.04886,8.90719,8.90719,3831530.8219959
2014-04-08,8.90719,9.02785,8.88709,8.95198,2511417.5052965
2014-04-09,8.93004,9.01231,8.90719,8.95198,1782555.9744638
2014-04-10,8.96295,8.973,8.8103,8.8103,2219356.0591237
2014-04-11,8.79842,8.83133,8.75638,8.75638,2429913.3339267
2014-04-14,8.85418,8.88709,8.77831,8.83133,1600158.7043174
2014-04-15,8.8103,8.92,8.7061,8.76735,2404284.9835993
2014-04-16,8.95198,8.95198,8.75272,8.85418,4189730.3699399
2014-04-17,8.85418,8.90719,8.8103,8.85418,1436395.4603299
2014-04-21,8.8752,8.90719,8.79842,8.82311,1231916.7816603
2014-04-22,8.8423,8.86514,8.77831,8.83133,1360239.0531608
2014-04-23,8.83133,8.8752,8.79842,8.79842,1451760.4358688
2014-04-24,8.89623,8.89623,8.72439,8.78836,1812941.2967112
2014-04-25,8.78836,8.8103,8.71251,8.71251,1592073.6025492
2014-04-28,8.71251,8.75638,8.56206,8.61543,3592631.9286133
2014-04-29,8.66881,8.69148,8.60291,8.61543,2181626.3135788
2014-04-30,8.61543,8.71251,8.58161,8.67942,3486485.1547771
2014-05-01,8.74632,8.78836,8.63674,8.69148,2085140.0875928
2014-05-02,8.70153,8.74632,8.61543,8.64834,1728767.61948
2014-05-05,8.74632,8.78836,8.65903,8.75638,1963834.0214562
2014-05-06,8.73262,8.77831,8.63674,8.63674,2682444.2121579
2014-05-07,8.64834,8.69148,8.60291,8.65903,2212782.9479705
2014-05-08,8.66881,8.70153,8.58161,8.59496,1738805.617954
2014-05-09,8.58161,8.63674,8.50593,8.59496,2065180.0609814
2014-05-12,8.54871,8.70153,8.54871,8.67942,1401480.7305969
2014-05-13,8.67942,8.69148,8.60291,8.63674,1709425.7366438
2014-05-14,8.62604,8.66881,8.57184,8.61543,1838848.6322822
2014-05-15,8.58161,8.59496,8.53801,8.57184,1568259.2033357
2014-05-16,8.56206,8.62604,8.53801,8.62604,1577908.8105881
2014-05-19,8.62604,8.75638,8.58161,8.75272,3388834.8491859
2014-05-20,8.95198,8.98489,8.65903,8.75638,3833311.9513165
2014-05-21,8.89623,8.94009,8.82311,8.8752,3460479.3538258
2014-05-22,8.90719,8.95198,8.86514,8.88709,1798443.9105772
2014-05-23,8.92,9.00408,8.89623,8.99585,1930162.1436322
2014-05-27,9.06989,9.12474,8.973,9.02785,2248083.8808056
2014-05-28,9.04886,9.12474,8.95198,9.06989,2558978.4720173
2014-05-29,9.12474,9.16951,9.06075,9.08177,1614297.2388438
2014-05-30,9.12474,9.13661,9.02785,9.10279,4075258.8952439
2014-06-02,9.15764,9.15764,9.00408,9.06989,2289855.0831749
2014-06-03,9.06075,9.06989,8.95198,9.0379,1725936.1927715
2014-06-04,9.0379,9.06075,8.94009,8.99585,1977690.2885595
2014-06-05,9.04886,9.04886,8.90719,9.02785,1934193.7539185
2014-06-06,9.08177,9.13661,9.0379,9.11559,1648854.211029
2014-06-09,9.11559,9.19146,9.08177,9.17957,1825379.6623406
2014-06-10,9.17957,9.20151,9.09183,9.14667,1418859.8701893
2014-06-11,9.14667,9.22253,9.14667,9.21156,1998724.6818742
2014-06-12,9.21156,9.27646,9.14667,9.27646,2012975.9045578
2014-06-13,9.27646,9.27646,9.14667,9.19146,2319560.9942993
2014-06-16,9.23533,9.28925,9.22253,9.26823,2268769.2690506
2014-06-17,9.37425,9.38797,9.31028,9.33222,3962912.084639
2014-06-18,9.34227,9.36512,9.28834,9.34227,2644684.926999
2014-06-19,9.35416,9.3898,9.28834,9.29748,1902585.2728381
2014-06-20,9.34227,9.3898,9.24356,9.24356,3146147.226788
2014-06-23,9.30845,9.37517,9.25361,9.34227,3134364.2029662
2014-06-24,9.37517,9.40899,9.23168,9.23168,3291897.8705709
2014-06-25,9.25361,9.30845,9.23168,9.30845,2414619.4722734
2014-06-26,9.33222,9.42179,9.28834,9.37517,3169274.5564602
2014-06-27,9.40899,9.52137,9.30845,9.52137,28832737.638401
2014-06-30,9.4766,9.61102,9.39894,9.57626,4153201.9020325
2014-07-01,9.57626,9.82768,9.57626,9.70602,5939879.1996846
2014-07-02,9.72153,9.76544,9.67677,9.67677,2508673.6033703
2014-07-03,9.74266,9.74266,9.59818,9.632,1410942.1595672
2014-07-07,9.67677,9.68593,9.59818,9.6439,2352260.2529795
2014-07-08,9.6439,9.65581,9.48755,9.52137,2067093.5715351
2014-07-09,9.73248,9.78832,9.65581,9.7097,4571207.1337459
2014-07-10,9.66497,9.7097,9.5927,9.69962,2087150.9694669
2014-07-11,9.67677,9.74266,9.65581,9.69962,1491327.1077831
2014-07-14,9.76544,9.78832,9.73248,9.7764,1988559.7724657
2014-07-15,9.78832,9.82215,9.68593,9.7764,2433652.8302519
2014-07-16,9.7764,9.78832,9.6439,9.7097,2749827.3539579
2014-07-17,9.72153,9.73248,9.61102,9.62009,1333644.6480484
2014-07-18,9.6439,9.72153,9.62009,9.69962,998249.68214165
2014-07-21,9.69962,9.72153,9.6439,9.69962,934975.8288723
2014-07-22,9.68593,9.72153,9.65581,9.66497,1088442.8762777
2014-07-23,9.73248,9.73248,9.66497,9.67677,1126408.9387351
2014-07-24,9.68593,9.75536,9.68593,9.73248,990307.90220455
2014-07-25,9.74266,9.78832,9.69962,9.76544,1093175.7788825
2014-07-28,9.75536,9.78832,9.69962,9.75536,1156676.1025262
2014-07-29,9.78832,9.79927,9.73248,9.75536,1611917.658824
2014-07-30,9.79927,9.79927,9.69321,9.72153,1343957.255527
2014-07-31,9.7097,9.72153,9.36512,9.44373,2779295.8541102
2014-08-01,9.42179,9.4986,9.30845,9.37517,2225910.5712609
2014-08-04,9.3898,9.48208,9.3898,9.44373,1299688.3146818
2014-08-05,9.45562,9.4748,9.34227,9.36512,1058761.0344685
2014-08-06,9.37517,9.43001,9.32125,9.33222,1292223.5448085
2014-08-07,9.42179,9.54423,9.34227,9.39894,1650590.4838987
2014-08-08,9.45562,9.56531,9.39894,9.54423,1316318.0233253
2014-08-11,9.57626,9.632,9.56531,9.59818,1154230.8789197
2014-08-12,9.58816,9.632,9.51041,9.55434,1434432.7170861
2014-08-13,9.57626,9.6439,9.55434,9.56531,1552572.5742218
2014-08-14,9.59818,9.60829,9.51041,9.57626,1036832.7943143
2014-08-15,9.58816,9.6439,9.46384,9.54423,1758301.7632191
2014-08-18,9.632,9.66497,9.55434,9.58816,2135070.7877952
2014-08-19,9.62009,9.632,9.4986,9.54423,1860865.4912785
2014-08-20,9.56531,9.67677,9.56531,9.66497,1888431.4214749
2014-08-21,9.67677,9.69962,9.62009,9.68225,1956118.7118934
2014-08-22,9.69962,9.7097,9.65581,9.68593,1525712.3125831
2014-08-25,9.73248,9.76544,9.68593,9.75536,1657301.4465841
2014-08-26,9.7764,9.7764,9.72153,9.74266,1287231.350036
2014-08-27,9.7764,9.7764,9.66497,9.66497,1315686.7508328
2014-08-28,9.65581,9.74266,9.59818,9.73248,1215173.2907995
2014-08-29,9.7764,9.79927,9.69962,9.75536,1283407.6111078
2014-09-02,9.78832,9.81023,9.75536,9.76544,1306472.5793725
2014-09-03,9.79927,9.82215,9.76544,9.76544,864892.54753734
2014-09-04,9.81023,9.82215,9.75536,9.7764,1444049.5025452
2014-09-05,9.78832,9.82215,9.69962,9.7764,1473992.8246417
2014-09-08,9.7764,9.81023,9.7764,9.79927,868182.38529334
2014-09-09,9.78832,9.81023,9.74266,9.74266,1039106.2505355
2014-09-10,9.83213,9.86509,9.74266,9.7764,1849001.5070331
2014-09-11,9.79927,9.83213,9.76544,9.82215,1049643.1402688
2014-09-12,9.83213,9.84406,9.78832,9.79927,1385598.2647824
2014-09-15,9.82215,9.83213,9.68593,9.69962,1601771.3484319
2014-09-16,9.69962,9.73248,9.6439,9.7097,1739014.5833719
2014-09-17,9.76631,9.77737,9.69962,9.72153,1603625.7797576
2014-09-18,9.79113,9.82486,9.69962,9.7097,1159884.9798586
2014-09-19,9.76631,9.80015,9.63021,9.72153,2335312.1729402
2014-09-22,9.65392,9.77737,9.50409,9.52695,2087330.3952708
2014-09-23,9.52695,9.5516,9.4026,9.44825,1729683.3475153
2014-09-24,9.43642,9.56077,9.43642,9.5516,1559612.8489009
2014-09-25,9.5516,9.56077,9.35781,9.4026,1377124.7717926
2014-09-26,9.42544,9.50409,9.39163,9.49219,771065.9808745
2014-09-29,9.43642,9.44825,9.35781,9.37975,1375183.9097445
2014-09-30,9.41356,9.44825,9.25361,9.2993,1972211.2371854
2014-10-01,9.33495,9.37975,9.22527,9.2993,1411969.4816999
2014-10-02,9.33495,9.4026,9.16311,9.32307,1486497.9279177
2014-10-03,9.36878,9.42544,9.27646,9.42544,1762856.3340799
2014-10-06,9.50409,9.59364,9.44825,9.51779,2506470.1669751
2014-10-07,9.49219,9.60913,9.42544,9.48208,1816874.4416174
2014-10-08,9.42544,9.46016,9.32307,9.41356,1448920.2566821
2014-10-09,9.41356,9.46753,9.27646,9.2993,1271902.4784698
2014-10-10,9.31211,9.3898,9.10644,9.10644,1852773.8251516
2014-10-13,9.15306,9.19694,8.94832,9.0379,2906083.1597405
2014-10-14,9.04978,9.15306,9.00316,9.07172,3096347.8137592
2014-10-15,9.06075,9.06075,8.65099,8.91359,4154902.0709294
2014-10-16,8.82311,9.1293,8.69787,9.00316,3553637.4499636
2014-10-17,9.11833,9.2207,9.02693,9.04978,3515441.6349527
2014-10-20,9.08451,9.11833,8.96935,9.07172,1720953.8445371
2014-10-21,9.14118,9.175,9.01596,9.11833,2502881.6508993
2014-10-22,9.11833,9.19694,9.06075,9.09548,1494813.8762993
2014-10-23,9.175,9.17592,9.04978,9.10644,1511454.5255406
2014-10-24,9.10644,9.20882,9.08451,9.15306,1350853.1143151
2014-10-27,9.11833,9.23168,9.08451,9.16311,1600420.1846045
2014-10-28,9.2207,9.23168,9.175,9.23168,1121181.5211101
2014-10-29,9.23168,9.33495,9.2207,9.27646,1243673.5480473
2014-10-30,9.24356,9.33495,9.2207,9.27646,1142131.6718218
2014-10-31,9.39163,9.41356,9.26823,9.39163,1543079.4175178
2014-11-03,9.39163,9.43642,9.32307,9.34593,1209259.8976931
2014-11-04,9.34593,9.41356,9.16311,9.25361,1041850.1524617
2014-11-05,9.33495,9.36329,9.27646,9.27646,1028779.4202798
2014-11-06,9.35781,9.44825,9.20882,9.27646,1624186.4451878
2014-11-07,9.36878,9.52695,9.29017,9.46016,1596780.2477193
2014-11-10,9.48208,9.49219,9.33495,9.4026,1342423.3837165
2014-11-11,9.43642,9.48208,9.39163,9.42544,650667.98435462
2014-11-12,9.4026,9.42544,9.34593,9.4026,811387.55403634
2014-11-13,9.42544,9.44825,9.33495,9.35781,971307.36601946
2014-11-14,9.39163,9.42544,9.29017,9.32307,1214136.1221289
2014-11-17,9.32307,9.39163,9.2993,9.36878,1223980.472022
2014-11-18,9.42544,9.48208,9.39163,9.4026,836636.26562035
2014-11-19,9.43642,9.46016,9.39163,9.4026,1044028.4254821
2014-11-20,9.4026,9.47206,9.36878,9.42544,1306641.0645785
2014-11-21,9.48208,9.50409,9.2993,9.35781,1670523.1590157
2014-11-24,9.37975,9.43642,9.32307,9.37975,1847074.8677619
2014-11-25,9.44825,9.46016,9.37975,9.42544,1648914.3843169
2014-11-26,9.46016,9.48208,9.40716,9.44825,952530.01802932
2014-11-28,9.48208,9.49219,9.23168,9.37975,2178848.4957994
2014-12-01,9.37975,9.39163,9.11833,9.14118,3093900.4020331
2014-12-02,9.2207,9.26823,9.09548,9.19694,2908347.8634835
2014-12-03,9.2207,9.2207,9.11833,9.16311,1844362.6935693
2014-12-04,9.1293,9.20882,9.11833,9.18688,2083109.5126426
2014-12-05,9.18688,9.18688,9.09548,9.14118,2330470.9584173
2014-12-08,9.1293,9.18688,8.96935,8.99312,4519181.3090663
2014-12-09,8.95929,9.1293,8.91359,9.10644,3072153.7758023
2014-12-10,9.08451,9.11833,8.7774,8.78836,4164098.7374332
2014-12-11,8.82311,8.83224,8.56114,8.59578,3270504.6256487
2014-12-12,8.5478,8.61717,8.37852,8.40009,2696169.1920878
2014-12-15,8.53801,8.69787,8.37852,8.37852,2180655.8825547
2014-12-16,8.37852,8.45795,7.74071,8.26527,3301418.3787693
2014-12-17,8.27477,8.45256,8.2522,8.42869,3304702.7462264
2014-12-18,8.54688,8.83773,8.52202,8.81488,2975237.5843229
2014-12-19,8.85052,8.94924,8.82676,8.87337,2820373.4225795
2014-12-22,8.77923,8.89256,8.75363,8.80299,1648185.740504
2014-12-23,8.76735,8.87337,8.69787,8.85052,1833617.9324779
2014-12-24,8.85052,8.89623,8.75638,8.83773,913382.37101055
2014-12-26,8.83773,8.85052,8.72256,8.76735,1244160.4046491
2014-12-29,8.73078,8.76735,8.65007,8.71433,1766820.1126598
2014-12-30,8.67411,8.74449,8.65007,8.73078,1659344.0561919
2014-12-31,8.70794,8.76735,8.62878,8.686,2644969.3825415
2015-01-02,8.69787,8.81488,8.62878,8.75638,1512267.4119566
2015-01-05,8.83773,8.83773,8.70794,8.72256,3159426.9243878
2015-01-06,8.72256,8.73078,8.48638,8.53262,3058533.8256112
2015-01-07,8.61543,8.69787,8.41645,8.45256,2426826.9912896
2015-01-08,8.53262,8.70794,8.47568,8.65007,2268596.4076055
2015-01-09,8.63856,8.70794,8.45256,8.53262,2279961.5005917
2015-01-12,8.55758,8.62878,8.52202,8.59404,1367092.2436176
2015-01-13,8.62878,8.67411,8.49889,8.56909,1482476.1641694
2015-01-14,8.49889,8.56909,8.34644,8.41645,2144738.9940639
2015-01-15,8.57979,8.57979,8.33437,8.33437,1203301.6481357
2015-01-16,8.32312,8.41645,8.28858,8.35858,1484308.7142996
2015-01-20,8.38199,8.42869,8.24014,8.31188,1650679.1027408
2015-01-21,8.34644,8.39314,8.27477,8.35858,1090871.6889876
2015-01-22,8.42869,8.42869,8.32834,8.40531,1536202.1577459
2015-01-23,8.42869,8.46325,8.36718,8.42869,1349900.1882475
2015-01-26,8.42869,8.47568,8.36718,8.42869,1318568.5042912
2015-01-27,8.42869,8.46325,8.38199,8.43894,1854244.2414949
2015-01-28,8.47568,8.48638,8.34644,8.35858,1807630.730543
2015-01-29,8.40531,8.43894,8.31188,8.31188,1211991.7649617
2015-01-30,8.32312,8.42869,8.27477,8.33437,2724357.6422984
2015-02-02,8.38199,8.39314,8.19325,8.31188,3320605.9991767
2015-02-03,8.31188,8.59852,8.2989,8.54688,2466949.4455716
2015-02-04,8.54688,8.61543,8.40531,8.40531,3523454.5287755
2015-02-05,8.65007,8.72256,8.56909,8.69787,2413371.1500654
2015-02-06,8.72256,8.87337,8.69787,8.72256,1793424.3643102
2015-02-09,8.77923,8.86148,8.69787,8.81488,1290521.1877919
2015-02-10,8.79111,8.89623,8.67411,8.69787,1456798.581152
2015-02-11,8.72256,8.82676,8.6625,8.74449,1543244.6205444
2015-02-12,8.81488,8.86148,8.73078,8.85052,1040822.830329
2015-02-13,8.88434,9.03607,8.87337,9.02509,2044584.3856382
2015-02-17,9.03607,9.10644,8.95564,9.0708,1214572.6519808
2015-02-18,9.09548,9.10644,8.97849,9.04886,1142121.8252837
2015-02-19,9.08451,9.18963,9.00042,9.16586,1819139.1453602
2015-02-20,9.16586,9.18963,9.0708,9.1421,1298604.1014406
2015-02-23,9.1421,9.22436,9.10644,9.22436,1155957.3052513
2015-02-24,9.22436,9.23715,9.1421,9.19968,1087313.8065857
2015-02-25,9.23715,9.23715,9.0708,9.15489,1462478.9395255
2015-02-26,9.18963,9.27005,9.0708,9.11833,1302253.884864
2015-02-27,9.10644,9.17682,9.07903,9.11833,1243750.1322319
2015-03-02,9.1421,9.18963,9.08451,9.11833,839149.32093313
2015-03-03,9.15489,9.15489,9.10644,9.1421,816595.27858526
2015-03-04,9.1421,9.17682,9.01322,9.0708,1028971.9748009
2015-03-05,9.03607,9.0708,8.89623,9.06075,1587319.9128086
2015-03-06,9.04886,9.09548,8.99037,9.0708,1315149.5674813
2015-03-09,9.11833,9.11833,9.04886,9.0708,981558.70615042
2015-03-10,9.0708,9.11833,9.03607,9.04886,876996.13087445
2015-03-11,9.04886,9.08451,9.02509,9.06075,2259206.0925207
2015-03-12,9.09548,9.15489,9.0708,9.11833,1625508.0694011
2015-03-13,9.10644,9.15489,9.06075,9.13113,739799.94050497
2015-03-16,9.2463,9.2463,9.10644,9.17682,2307644.4951844
2015-03-17,9.1421,9.18963,9.06075,9.15489,1303362.1674203
2015-03-18,9.16678,9.16678,8.973,9.04703,1585182.1200001
2015-03-19,9.02327,9.02327,8.81761,8.92455,1765070.711073
2015-03-20,8.95015,9.14118,8.95015,9.09274,1707725.5677469
2015-03-23,9.06989,9.1293,9.06989,9.11833,728287.14944862
2015-03-24,9.10554,9.16678,9.06989,9.1293,1289590.14292
2015-03-25,9.16678,9.19054,9.1293,9.16678,996743.16182571
2015-03-26,9.1293,9.17774,9.1293,9.15489,698902.8918993
2015-03-27,9.1293,9.16678,9.09274,9.1293,556058.07088989
2015-03-30,9.15489,9.17774,9.11833,9.16678,912416.31622554
2015-03-31,9.16678,9.35781,9.11833,9.21979,2673709.2388809
2015-04-01,9.24904,9.28743,9.11833,9.26275,1378160.8464035
2015-04-02,9.24904,9.34593,9.21522,9.32307,932813.96674865
2015-04-06,9.31028,9.45562,9.29748,9.45562,1685823.5850275
2015-04-07,9.45562,9.57447,9.40534,9.57447,1605075.4089651
2015-04-08,9.5516,9.59818,9.43001,9.46478,802371.40739608
2015-04-09,9.49038,9.53875,9.26275,9.31028,1129346.4892421
2015-04-10,9.34593,9.34593,9.22527,9.29748,717134.30405962
2015-04-13,9.41905,9.41905,9.23899,9.24904,1036035.2247353
2015-04-14,9.21522,9.29748,9.16678,9.24904,846825.2443439
2015-04-15,9.24904,9.33495,9.22527,9.30388,689547.58672749
2015-04-16,9.33495,9.3706,9.26275,9.35781,706066.79533339
2015-04-17,9.32307,9.35781,9.27281,9.35781,546482.85970248
2015-04-20,9.3706,9.47933,9.35781,9.40534,618532.16646065
2015-04-21,9.43001,9.43001,9.29748,9.32307,597072.18389196
2015-04-22,9.33495,9.45562,9.28743,9.41905,852154.40952829
2015-04-23,9.40534,9.5516,9.40534,9.50314,632642.25543278
2015-04-24,9.52506,9.5516,9.43001,9.47933,493015.06423396
2015-04-27,9.51504,9.5516,9.4419,9.46478,624734.39134884
2015-04-28,9.49038,9.6457,9.38248,9.6457,1461127.7756981
2015-04-29,9.59818,9.6457,9.51504,9.5516,936892.62160544
2015-04-30,9.56162,9.61102,9.47933,9.61102,1254712.6112193
2015-05-01,9.61102,9.62284,9.47933,9.56162,702315.26435057
2015-05-04,9.58627,9.59818,9.4419,9.47933,651124.20728255
2015-05-05,9.43001,9.53875,9.31028,9.39437,1004816.2289363
2015-05-06,9.43001,9.43001,9.01048,9.20242,1675268.0962779
2015-05-07,9.16678,9.22527,9.02327,9.21522,1262292.2573695
2015-05-08,9.31028,9.35781,9.11833,9.19054,699402.87721839
2015-05-11,9.22527,9.27281,9.14118,9.20242,695238.88569881
2015-05-12,9.20242,9.24904,9.11833,9.24904,548850.40506463
2015-05-13,9.28743,9.31028,9.18415,9.28743,865380.49819885
2015-05-14,9.32307,9.3706,9.22527,9.23899,601256.96254733
2015-05-15,9.27281,9.38248,9.22527,9.37517,696557.22773273
2015-05-18,9.3706,9.41905,9.26275,9.33495,864593.86921762
2015-05-19,9.31028,9.31028,9.14118,9.27281,970642.17767371
2015-05-20,9.26275,9.40534,9.19054,9.40534,1634264.9238738
2015-05-21,9.38248,9.40534,9.27281,9.28743,1239227.2891047
2015-05-22,9.28743,9.31028,9.23899,9.29748,719379.31472651
2015-05-26,9.31028,9.34593,9.24904,9.34593,1030421.6040083
2015-05-27,9.32307,9.43001,9.28743,9.41905,1508352.8660667
2015-05-28,9.39437,9.53875,9.3706,9.53875,1037015.5022975
2015-05-29,9.5516,9.5516,9.3706,9.43001,1017139.718289
2015-06-01,9.46478,9.49038,9.40534,9.45562,853710.1625343
2015-06-02,9.43001,9.50314,9.43001,9.49038,531251.35945668
2015-06-03,9.49038,9.52506,9.45562,9.51504,810862.40534233
2015-06-04,9.50314,9.50314,9.43001,9.46478,1015139.7770127
2015-06-05,9.43001,9.53875,9.28743,9.46478,1522503.4352506
2015-06-08,9.47933,9.49038,9.40534,9.41905,649871.50883538
2015-06-09,9.38248,9.46478,9.38248,9.41905,694097.78134911
2015-06-10,9.45562,9.49038,9.28743,9.29748,1996670.0376088
2015-06-11,9.27281,9.38248,9.20242,9.31028,1183677.4978764
2015-06-12,9.31028,9.33495,9.20242,9.26275,899435.29694552
2015-06-15,9.24904,9.26275,9.15489,9.21522,1175628.500081
2015-06-16,9.20242,9.22527,9.1293,9.21522,1188617.1777795
2015-06-17,9.26549,9.3249,9.17592,9.22527,1325850.5661814
2015-06-18,9.23899,9.27463,9.17592,9.21522,1339872.0363114
2015-06-19,9.15306,9.20151,9.11559,9.15306,1274935.2121778
2015-06-22,9.16403,9.18963,8.95564,9.01779,2029793.7914834
2015-06-23,9.00316,9.06532,8.96751,9.02967,1388146.3300082
2015-06-24,9.00316,9.06532,8.96751,8.99127,1550901.944939
2015-06-25,8.99127,8.99127,8.84412,8.85783,1107522.184767
2015-06-26,8.92,8.93096,8.84412,8.89348,727780.59977086
2015-06-29,8.82035,8.83042,8.57184,8.72256,1965744.2498307
2015-06-30,8.72256,8.88068,8.67238,8.73078,1855787.9598433
2015-07-01,8.90628,8.90628,8.73078,8.80665,820203.48773699
2015-07-02,8.85783,8.86697,8.76917,8.84412,659518.92796823
2015-07-06,8.76917,8.92,8.70702,8.92,1674454.1158022
2015-07-07,8.93096,8.94283,8.73078,8.88068,1123737.2447542
2015-07-08,8.83042,8.86697,8.74632,8.76917,771069.26305383
2015-07-09,8.84412,8.86697,8.74632,8.79568,916270.6888276
2015-07-10,8.82035,8.93096,8.82035,8.90628,726809.07468694
2015-07-13,8.94283,8.99127,8.78289,8.83042,845901.85789025
2015-07-14,8.84412,8.88068,8.80665,8.84412,597986.81786736
2015-07-15,8.72256,8.89348,8.72256,8.83042,665402.78146068
2015-07-16,8.84412,8.89348,8.80665,8.80665,597903.66932413
2015-07-17,8.82035,8.86697,8.78289,8.84412,795310.34558123
2015-07-20,8.82035,8.86697,8.73078,8.75729,830174.74856448
2015-07-21,8.75729,8.76917,8.70702,8.76917,976589.48663336
2015-07-22,8.65903,8.70702,8.3638,8.38802,3097102.7150068
2015-07-23,8.43638,8.46151,8.33876,8.3638,1577898.9640501
2015-07-24,8.32568,8.3638,8.20165,8.27551,1537280.9006881
2015-07-27,8.23839,8.29022,8.13941,8.20165,1323336.4168089
2015-07-28,8.17817,8.26527,8.15531,8.23839,569935.12512908
2015-07-29,8.20165,8.46151,8.20165,8.44936,941813.70249221
2015-07-30,8.44936,8.49972,8.38802,8.46151,674760.27475204
2015-07-31,8.47486,8.49972,8.43638,8.46151,771233.37202071
2015-08-03,8.43638,8.51133,8.42523,8.48555,1197032.685601
2015-08-04,8.47486,8.53537,8.3638,8.40009,914406.41096387
2015-08-05,8.41133,8.51133,8.3638,8.43638,1047363.119689
2015-08-06,8.44936,8.56114,8.37504,8.43638,2144073.8057181
2015-08-07,8.44936,8.51133,8.40009,8.40009,1206587.1096525
2015-08-10,8.40009,8.44936,8.33876,8.44936,972048.04448997
2015-08-11,8.46151,8.53537,8.41133,8.43638,1625134.9950163
2015-08-12,8.40009,8.47486,8.38802,8.41133,1682482.3264619
2015-08-13,8.42523,8.46151,8.3638,8.40009,1161349.9259029
2015-08-14,8.37504,8.42523,8.27551,8.27551,1457101.6357108
2015-08-17,8.23839,8.26527,7.59821,8.13941,4531581.3826036
2015-08-18,8.13941,8.21509,8.10495,8.20165,1570360.8921716
2015-08-19,8.15531,8.21509,8.12926,8.15531,1185755.1173972
2015-08-20,8.09142,8.12926,7.9939,8.00477,1401486.2008958
2015-08-21,7.95551,8.06702,7.94399,7.95551,1468290.5850726
2015-08-24,7.73432,7.90615,7.52363,7.75835,2968440.1909149
2015-08-25,7.8332,7.94399,7.74564,7.74564,1142459.8897554
2015-08-26,7.85615,7.89555,7.72151,7.87014,949429.45261512
2015-08-27,7.95551,8.13941,7.89555,8.10495,965403.81945098
2015-08-28,8.06702,8.21509,7.95551,8.13941,840958.8958079
2015-08-31,8.13941,8.13941,7.96866,8.03,2051195.7888838
2015-09-01,7.77123,7.89555,7.72151,7.796,1469018.1348258
2015-09-02,7.84546,7.93092,7.75835,7.92104,1414296.5468502
2015-09-03,7.93092,8.0183,7.90615,7.95551,1047204.481021
2015-09-04,7.93092,8.0183,7.89555,7.95551,606417.64252574
2015-09-08,8.0183,8.04262,7.95551,8.0183,745132.38786873
2015-09-09,8.04262,8.10495,7.93092,7.95551,800579.33747777
2015-09-10,7.95551,7.97936,7.8365,7.94399,899874.01491697
2015-09-11,7.90615,7.94399,7.78394,7.88157,973752.58962594
2015-09-14,7.89555,7.89555,7.72151,7.74564,1526985.798166
2015-09-15,7.74564,7.85615,7.72151,7.796,2061330.0646184
2015-09-16,7.796,7.88157,7.75835,7.88157,1778714.7305791
2015-09-17,7.90798,7.92104,7.74245,7.76804,1480012.3415468
2015-09-18,7.72874,7.90798,7.50041,7.50041,2568698.0990955
2015-09-21,7.56339,7.63972,7.44904,7.52435,1271782.1318941
2015-09-22,7.42428,7.53844,7.42428,7.44904,1810370.25623
2015-09-23,7.44904,7.53844,7.32264,7.373,1663610.8893306
2015-09-24,7.30829,7.45453,7.19421,7.39841,2828850.1977486
2015-09-25,7.41175,7.4623,7.35855,7.39841,1478644.7668227
2015-09-28,7.41175,7.41175,7.14303,7.16862,2595788.1132879
2015-09-29,7.1317,7.16862,6.84963,6.8754,2625008.2618702
2015-09-30,6.8754,7.04138,6.82422,6.97732,2492755.0335832
2015-10-01,7.06606,7.19421,6.9903,7.15729,1442279.3138224
2015-10-02,7.07978,7.11798,6.88765,6.94039,1398304.6750579
2015-10-05,6.97732,7.09194,6.96571,7.09194,1741511.227788
2015-10-06,7.14303,7.34667,7.06606,7.2836,2213722.7453207
2015-10-07,7.29631,7.50041,7.21953,7.48725,1248220.4604896
2015-10-08,7.4623,7.50041,7.39841,7.50041,578247.7913313
2015-10-09,7.47472,7.55087,7.43662,7.44904,632043.80473357
2015-10-12,7.50041,7.53844,7.38534,7.39841,559591.88397666
2015-10-13,7.42428,7.52435,7.35855,7.373,546836.24101116
2015-10-14,7.33471,7.43662,7.33471,7.373,490290.85538381
2015-10-15,7.33471,7.38534,7.24677,7.27081,1156259.2657503
2015-10-16,7.32264,7.34667,7.15729,7.21953,1067516.7948813
2015-10-19,7.19421,7.25791,7.15729,7.19421,546386.58244192
2015-10-20,7.19421,7.27081,7.1317,7.16862,1047254.8077709
2015-10-21,7.18223,7.23178,7.14303,7.19421,651599.02922671
2015-10-22,7.21953,7.33471,7.20692,7.21953,888457.50112118
2015-10-23,7.2836,7.373,7.27081,7.373,985373.69260043
2015-10-26,7.41175,7.41175,7.20692,7.27081,672489.00665046
2015-10-27,7.25791,7.25791,6.90154,6.9138,1448089.8653097
2015-10-28,6.95346,7.04138,6.86324,7.02932,1393669.1437735
2015-10-29,6.97732,7.01552,6.73647,6.73647,1644585.1897707
2015-10-30,6.7989,6.86324,6.69808,6.7989,1697123.0344269
2015-11-02,6.8126,6.9903,6.8126,6.97732,1558861.2298325
2015-11-03,6.96571,7.1317,6.95346,7.1317,822764.68168007
2015-11-04,7.11798,7.11798,6.95346,6.97732,821077.64150056
2015-11-05,7.1317,7.16862,7.00328,7.15729,1155551.4090732
2015-11-06,7.15729,7.52435,7.15729,7.50041,2229901.7013353
2015-11-09,7.48725,7.57655,7.39841,7.4623,2252137.3722875
2015-11-10,7.42428,7.55087,7.41175,7.44904,1257885.3845789
2015-11-11,7.48725,7.52435,7.38534,7.48725,1115029.6229718
2015-11-12,7.41175,7.48725,7.38534,7.44904,1023381.3293293
2015-11-13,7.41175,7.48725,7.32264,7.4623,1047412.3523791
2015-11-16,7.44904,7.60142,7.35855,7.57655,962987.04139877
2015-11-17,7.55087,7.78002,7.52435,7.6526,1525291.0995681
2015-11-18,7.6526,7.78002,7.63972,7.71667,1186104.1224667
2015-11-19,7.72874,7.75442,7.6526,7.74245,753300.63818011
2015-11-20,7.71667,7.76804,7.66539,7.72874,758716.23408707
2015-11-23,7.76804,7.87014,7.69025,7.85615,1286628.5230977
2015-11-24,7.78002,7.89637,7.75442,7.88157,1385422.1211581
2015-11-25,7.89637,7.99637,7.80525,7.89637,980893.51780467
2015-11-27,7.92104,7.99637,7.89637,7.97023,487069.94339388
2015-11-30,7.94491,8.08639,7.92104,8.08639,1307904.7036235
2015-12-01,8.12342,8.13603,7.98339,7.99637,778246.29520528
2015-12-02,7.98339,8.02168,7.89637,7.93248,795888.00914464
2015-12-03,7.95797,7.98257,7.79354,7.94491,1275912.2075606
2015-12-04,7.95797,8.02168,7.90798,7.94491,1173927.2371244
2015-12-07,7.89637,7.94491,7.44904,7.4623,2372520.0519704
2015-12-08,7.38534,7.56339,7.32264,7.55087,2025707.4782081
2015-12-09,7.56339,7.57655,7.00328,7.04138,3015403.8009962
2015-12-10,7.04138,7.2836,6.95346,7.20692,1333587.7569398
2015-12-11,7.07978,7.1317,6.82422,6.9138,1385893.6609228
2015-12-14,6.9138,6.97732,6.08623,6.26529,3883090.5772096
2015-12-15,6.3789,6.94039,6.36711,6.94039,3463984.7213583
2015-12-16,6.7872,7.14303,6.74881,7.04138,2071340.711598
2015-12-17,6.97585,7.09422,6.85657,6.9232,1644076.4519734
2015-12-18,6.98957,6.98957,6.81671,6.8435,2797726.3851503
2015-12-21,6.9232,6.97585,6.76443,6.8435,901209.86190736
2015-12-22,6.8043,6.90876,6.7235,6.8043,2533211.1760979
2015-12-23,6.88353,7.17383,6.88353,7.14677,1635747.3748745
2015-12-24,7.17383,7.26624,7.15053,7.23991,522839.13381454
2015-12-28,7.14677,7.23991,6.85657,6.88353,1512085.7980332
2015-12-29,6.88353,7.00181,6.85657,6.90228,882225.73661895
2015-12-30,6.8435,6.96205,6.8435,6.90228,992619.65051796
2015-12-31,6.8435,7.04138,6.81671,6.89642,1601640.0612584
2016-01-04,6.81671,7.01407,6.77697,7.00181,1773618.6001277
2016-01-05,7.05446,7.33242,6.98957,7.19933,1867613.6519965
2016-01-06,7.06754,7.39841,7.05446,7.16625,1329241.0574371
2016-01-07,7.05446,7.11936,6.88353,6.88353,1073317.4998306
2016-01-08,6.93628,6.97732,6.81671,6.82979,722600.22671643
2016-01-11,6.86891,6.93628,6.7235,6.8043,1364256.4406699
2016-01-12,6.82979,6.89642,6.56564,6.71106,1628349.3426476
2016-01-13,6.7235,6.81671,6.52587,6.57871,1903794.2088942
2016-01-14,6.50001,6.75082,6.50001,6.65877,1582356.1635905
2016-01-15,6.52587,6.63153,6.42112,6.61911,1952740.2552953
2016-01-19,6.65877,6.73847,6.51345,6.59242,2127985.6566652
2016-01-20,6.44718,6.59242,6.08377,6.38091,2040361.3148906
2016-01-21,6.24902,6.62542,6.24902,6.44718,1523308.6632481
2016-01-22,6.51345,6.79607,6.51345,6.685,1685392.5254744
2016-01-25,6.67121,6.71106,6.50001,6.51345,849408.31948254
2016-01-26,6.56564,6.69808,6.52587,6.67121,758997.40745033
2016-01-27,6.67121,6.79003,6.57871,6.64579,740374.32188906
2016-01-28,6.73847,6.79132,6.63153,6.71106,531559.8843144
2016-01-29,6.7235,6.73847,6.55257,6.69808,1262457.4603962
2016-02-01,6.64579,6.69113,6.57871,6.6383,927471.67284688
2016-02-02,6.59242,6.6054,6.44718,6.46061,697670.98058794
2016-02-03,6.46061,6.69808,6.35459,6.65877,865256.8694438
2016-02-04,6.63153,6.77697,6.63153,6.76443,655391.04042137
2016-02-05,6.76443,6.86324,6.69808,6.76443,995064.87412445
2016-02-08,6.71106,6.76443,6.54032,6.6383,1189200.3116418
2016-02-09,6.63153,6.93628,6.55257,6.65877,1238319.219488
2016-02-10,6.53885,6.57871,6.21584,6.24902,1777000.3389051
2016-02-11,6.03733,6.11713,5.62793,5.65436,2258222.5327792
2016-02-12,5.69356,6.01064,5.64128,5.97198,2539386.0494916
2016-02-16,6.07736,6.11713,5.87911,5.97198,1427091.5759678
2016-02-17,6.01064,6.42112,5.94493,6.35459,955872.37065472
2016-02-18,6.35459,6.6054,6.27507,6.39426,1093872.6949618
2016-02-19,6.3682,6.39426,6.19564,6.2353,729008.13484311
2016-02-22,6.21018,6.32771,6.21018,6.27507,833385.81401639
2016-02-23,6.31537,6.40705,6.27507,6.35459,529387.08159295
2016-02-24,6.31537,6.39426,6.17169,6.3682,528168.29899893
2016-02-25,6.35459,6.48667,6.28795,6.43319,905438.4029539
2016-02-26,6.47323,6.60741,6.39426,6.56564,778666.4141605
2016-02-29,6.56564,6.82979,6.52587,6.76443,849716.84434028
2016-03-01,6.79132,6.8489,6.71106,6.76443,660452.16095987
2016-03-02,6.7235,7.0285,6.67121,7.0285,773240.97171552
2016-03-03,7.06754,7.16112,6.96205,7.09422,844684.16935603
2016-03-04,7.16112,7.45142,7.10793,7.22721,1207917.4863441
2016-03-07,7.19933,7.53058,7.17383,7.31879,820458.40366555
2016-03-08,7.2528,7.30464,6.88353,7.09422,843168.89656185
2016-03-09,7.14677,7.21295,7.05446,7.09422,766312.29113396
2016-03-10,7.08115,7.13535,6.8043,7.0285,690428.30484974
2016-03-11,7.06754,7.30464,7.04138,7.30464,892788.88378697
2016-03-14,7.31879,7.53058,7.23991,7.41175,1930652.2824133
2016-03-15,7.43817,7.49026,7.24677,7.39841,1066873.4877312
2016-03-16,7.34512,7.46541,7.13535,7.45142,905048.91767251
2016-03-17,7.42428,7.6983,7.42428,7.61577,594859.99501844
2016-03-18,7.61577,7.78002,7.49265,7.57573,1090632.0898959
2016-03-21,7.53222,7.64291,7.45142,7.62938,605487.69171343
2016-03-22,7.57573,7.67023,7.53222,7.60068,559115.96797272
2016-03-23,7.61577,7.71119,7.31496,7.32858,922875.52771453
2016-03-24,7.27301,7.54703,7.13672,7.49265,1154012.0669639
2016-03-28,7.47948,7.57573,7.32858,7.38296,654744.45109186
2016-03-29,7.32858,7.49959,7.27301,7.46613,665829.46477456
2016-03-30,7.53222,7.60068,7.28663,7.45142,793653.93907554
2016-03-31,7.43817,7.60068,7.43817,7.60068,569574.08540193
2016-04-01,7.56102,7.84793,7.55233,7.78002,1077751.7241157
2016-04-04,7.80771,7.90213,7.67023,7.68304,606079.57805398
2016-04-05,7.67023,7.84134,7.58889,7.73916,466150.42635611
2016-04-06,7.84793,8.02661,7.78485,7.91785,1347150.8160223
2016-04-07,7.86191,7.93009,7.80771,7.88987,756307.11445331
2016-04-08,7.93009,8.14946,7.93009,7.97196,517151.11702255
2016-04-11,7.97196,8.05523,7.95715,7.95715,310639.67528309
2016-04-12,8.01235,8.09398,7.95715,8.05441,547701.64229649
2016-04-13,8.05441,8.17724,8.0469,8.09398,532221.79048081
2016-04-14,8.08136,8.14946,7.98512,7.98512,460938.32556807
2016-04-15,7.97196,8.01985,7.88329,7.93009,347411.02446146
2016-04-18,7.90213,8.01235,7.87498,7.94491,408270.28779814
2016-04-19,7.94491,8.12178,7.94491,8.05441,515206.97279495
2016-04-20,8.02661,8.08547,7.86191,7.94491,654069.41620811
2016-04-21,7.98512,8.02661,7.79354,7.86191,953008.12215283
2016-04-22,7.87498,7.97196,7.87498,7.93009,437416.04031561
2016-04-25,7.94491,7.98512,7.87498,7.87498,385160.46308244
2016-04-26,7.87498,7.99974,7.87498,7.88987,1385670.4727279
2016-04-27,7.87498,7.95715,7.87498,7.93009,599503.1847213
2016-04-28,7.90213,8.10907,7.82086,7.93009,748832.49804193
2016-04-29,7.98512,8.05441,7.91785,7.99974,470261.90300628
2016-05-02,7.97196,8.05441,7.81429,7.82086,850119.45833901
2016-05-03,7.84793,7.87498,7.68304,7.82086,625798.91151399
2016-05-04,7.7664,7.87498,7.72554,7.78002,325080.17030854
2016-05-05,7.7664,7.86191,7.71119,7.75195,358668.89958927
2016-05-06,7.73916,7.87498,7.72554,7.82827,305729.53499411
2016-05-09,7.78002,7.84793,7.58889,7.62938,647059.77520288
2016-05-10,7.6983,7.79354,7.67023,7.78002,365909.38720792
2016-05-11,7.72554,7.94491,7.72554,7.81429,531663.81999343
2016-05-12,7.82086,7.93009,7.75195,7.80771,324119.58582242
2016-05-13,7.79354,7.83559,7.73916,7.73916,342430.86434662
2016-05-16,7.73916,7.91785,7.73916,7.79354,379638.7433769
2016-05-17,7.73916,7.91785,7.73916,7.83559,396312.21441167
2016-05-18,7.83559,7.84793,7.67023,7.7664,396064.95690156
2016-05-19,7.53222,7.67023,7.14896,7.32858,1695463.3457418
2016-05-20,7.21825,7.31496,7.05373,7.13672,1573450.5169879
2016-05-23,7.12155,7.19119,6.90291,7.05373,1524278.0002125
2016-05-24,7.0264,7.10867,6.8892,7.08115,1055978.84045
2016-05-25,7.12155,7.27301,6.91663,7.27301,773530.89755701
2016-05-26,7.27301,7.28663,7.19119,7.21825,1043180.5291532
2016-05-27,7.20464,7.32858,7.19119,7.19119,535540.07379108
2016-05-31,7.21825,7.28663,7.16331,7.16331,655388.8523018
2016-06-01,7.16331,7.27301,7.14896,7.27301,839129.6278571
2016-06-02,7.21825,7.31496,7.21825,7.25957,551294.53461134
2016-06-03,7.24677,7.30088,7.20464,7.28663,591704.72661527
2016-06-06,7.30088,7.51193,7.24677,7.45142,1580963.4254916
2016-06-07,7.41029,7.56102,7.31496,7.50571,879938.05762067
2016-06-08,7.53222,7.60068,7.46613,7.53222,532741.46887593
2016-06-09,7.52052,7.58889,7.39621,7.53222,728493.92674689
2016-06-10,7.49265,7.54703,7.42428,7.50571,648413.12714973
2016-06-13,7.47948,7.65653,7.47948,7.64291,979118.95284283
2016-06-14,7.67023,7.73916,7.49265,7.62938,1144766.1677699
2016-06-15,7.62938,7.75195,7.62938,7.72554,925189.46414751
2016-06-16,7.68304,7.80771,7.62938,7.73916,926106.28624247
2016-06-17,7.75268,7.89637,7.75268,7.76804,1088728.4258802
2016-06-20,7.81027,7.93329,7.59757,7.59757,867180.22653561
2016-06-21,7.59757,7.73916,7.58113,7.69592,474119.55778768
2016-06-22,7.66704,7.77517,7.66704,7.68222,416820.36497247
2016-06-23,7.78075,7.86776,7.73916,7.83805,811374.42531899
2016-06-24,7.76804,7.88093,7.62938,7.78075,1472451.2944128
2016-06-27,7.75268,7.78075,7.45453,7.46768,775379.85858383
2016-06-28,7.62536,7.63972,7.46768,7.55398,1299134.7204335
2016-06-29,7.66704,7.85286,7.61165,7.82334,606179.13749388
2016-06-30,7.82334,7.92435,7.78075,7.86776,636294.2269757
2016-07-01,7.83805,8.00724,7.83805,7.9939,588928.0028957
2016-07-05,7.88093,7.93009,7.76804,7.85286,493647.43078634
2016-07-06,8.00724,8.00724,7.86776,7.92435,689468.81442338
2016-07-07,7.88093,8.07963,7.88093,8.06538,657136.06576916
2016-07-08,7.92435,7.98009,7.81027,7.82334,1110224.5124216
2016-07-11,7.82334,7.88239,7.70936,7.81027,835554.24049873
2016-07-12,7.85286,7.95148,7.85286,7.9375,551285.7821331
2016-07-13,7.9375,7.96611,7.82334,7.83805,525474.72382259
2016-07-14,7.88093,7.92435,7.83805,7.83805,399687.38883044
2016-07-15,7.796,7.90862,7.796,7.86776,608081.70744989
2016-07-18,7.82334,7.95148,7.82334,7.92435,522961.6685098
2016-07-19,7.95148,8.02241,7.90048,7.96611,546829.67665248
2016-07-20,7.95148,8.05194,7.9375,8.05194,522106.11376247
2016-07-21,8.09224,8.09224,7.95148,8.00724,580225.85141207
2016-07-22,8.00724,8.12178,7.99326,8.09224,620939.09797485
2016-07-25,8.02241,8.10833,8.02241,8.09224,498332.19476081
2016-07-26,8.09224,8.12178,8.00724,8.06538,558928.88375048
2016-07-27,8.09224,8.16463,8.08722,8.1512,270012.85944286
2016-07-28,8.09224,8.16463,8.06538,8.10833,314925.10743816
2016-07-29,8.09224,8.19233,8.09224,8.17972,496262.23365859
2016-08-01,8.1512,8.17972,8.07963,8.11501,512403.99164066
2016-08-02,8.09224,8.13603,8.00724,8.00724,455725.13072025
2016-08-03,8.00724,8.16463,8.00724,8.16463,381503.02124063
2016-08-04,8.17972,8.17972,8.02241,8.10833,556329.39771513
2016-08-05,7.81027,8.07963,7.69592,8.00724,3243836.9185311
2016-08-08,7.95148,7.96611,7.83805,7.90862,1204632.0248272
2016-08-09,7.88093,8.09224,7.86776,8.06538,876603.36341373
2016-08-10,8.03585,8.2288,8.03585,8.20678,819572.21524441
2016-08-11,8.19233,8.40703,8.1512,8.3915,813130.39126457
2016-08-12,8.29206,8.46325,8.24964,8.43382,939460.37990718
2016-08-15,8.40703,8.5202,8.3915,8.49259,785049.15891226
2016-08-16,8.50593,8.64834,8.47751,8.57449,839003.8109825
2016-08-17,8.5478,8.59231,8.50593,8.53262,454445.08077861
2016-08-18,8.53262,8.64029,8.53262,8.61901,531086.15643002
2016-08-19,8.5202,8.60383,8.50593,8.60383,460226.09265182
2016-08-22,8.5478,8.70336,8.5478,8.60383,584629.4420233
2016-08-23,8.67504,8.71068,8.60383,8.63234,647251.23566423
2016-08-24,8.63234,8.71982,8.59231,8.71982,568551.1395084
2016-08-25,8.71982,8.71982,8.63234,8.66077,542372.47711207
2016-08-26,8.69056,8.77558,8.64834,8.70336,609717.32681976
2016-08-29,8.66077,8.77558,8.66077,8.76094,535043.37065133
2016-08-30,8.73078,8.90171,8.73078,8.78929,626138.07004555
2016-08-31,8.78929,8.80299,8.63234,8.70336,643530.33835523
2016-09-01,8.67504,8.70336,8.60383,8.67504,430702.88951053
2016-09-02,8.64834,8.71982,8.61901,8.64834,508665.58937519
2016-09-06,8.66077,8.70336,8.64834,8.68297,422715.15906271
2016-09-07,8.66077,8.69056,8.60383,8.65546,653036.62377656
2016-09-08,8.66077,8.73078,8.66077,8.71982,332425.68766598
2016-09-09,8.69056,8.69056,8.5478,8.55574,847586.70995021
2016-09-12,8.5202,8.59231,8.44936,8.53262,994276.05702365
2016-09-13,8.44936,8.64834,8.40703,8.63234,1096259.9334
2016-09-14,8.66077,8.70336,8.44936,8.46325,626037.41654585
2016-09-15,8.42084,8.57449,8.40703,8.54158,493320.30691236
2016-09-16,8.57449,8.67504,8.47751,8.5202,1635361.1717724
2016-09-19,8.49086,8.77466,8.46151,8.50511,868882.58355201
2016-09-20,8.5478,8.60566,8.46151,8.49086,833647.29430361
2016-09-21,8.53354,8.59404,8.43291,8.5478,2017097.227746
2016-09-22,8.59404,8.63674,8.51133,8.62165,819010.9625777
2016-09-23,8.59404,8.67942,8.53354,8.53354,413997.69074217
2016-09-26,8.5202,8.57713,8.46151,8.49086,603541.35936627
2016-09-27,8.49086,8.56379,8.4553,8.49086,421161.59417628
2016-09-28,8.46151,8.55667,8.41828,8.53354,690826.54260936
2016-09-29,8.49086,8.59404,8.43291,8.4468,382366.2344064
2016-09-30,8.43291,8.59404,8.41042,8.46151,618601.09222674
2016-10-03,8.38802,8.63674,8.38547,8.49086,743227.62979317
2016-10-04,8.47659,8.56379,8.47659,8.53354,353677.79887664
2016-10-05,8.5202,8.69513,8.51928,8.67942,838851.7366732
2016-10-06,8.72439,8.73718,8.5478,8.66433,680074.12309954
2016-10-07,8.65007,8.69513,8.61453,8.67942,345691.1624886
2016-10-10,8.67942,8.70794,8.60647,8.67942,507556.2127591
2016-10-11,8.65007,8.66433,8.57001,8.63674,371236.36427276
2016-10-12,8.59404,8.70153,8.56379,8.65007,297937.64124677
2016-10-13,8.57713,8.70245,8.50511,8.66433,573147.28464076
2016-10-14,8.63674,8.72439,8.5478,8.56379,588120.58677867
2016-10-17,8.5202,8.57713,8.50685,8.53354,605738.23140286
2016-10-18,8.5478,8.59404,8.5202,8.57713,308172.57048103
2016-10-19,8.59404,8.66433,8.57713,8.63674,435803.3962011
2016-10-20,8.59404,8.70153,8.56379,8.66433,614375.83335952
2016-10-21,8.66433,8.75821,8.65903,8.73718,506831.94518529
2016-10-24,8.66433,8.82584,8.66433,8.8103,533963.53364928
2016-10-25,8.8103,8.88342,8.78197,8.86789,526510.79843348
2016-10-26,8.8103,8.88342,8.78197,8.86789,751098.29584461
2016-10-27,8.85509,8.88342,8.75363,8.76735,1024833.1466563
2016-10-28,8.8103,8.82584,8.73718,8.79752,666915.86613529
2016-10-31,8.70794,8.73718,8.59404,8.60647,832001.82839573
2016-11-01,8.65007,8.65007,8.5478,8.56379,506072.66769853
2016-11-02,8.56379,8.56379,8.4468,8.46151,426847.42284869
2016-11-03,8.4468,8.47659,8.31536,8.32916,550326.29170675
2016-11-04,8.28767,8.43291,8.22807,8.31536,644204.2791792
2016-11-07,8.29972,8.4468,8.29972,8.4468,804186.45256975
2016-11-08,8.24361,8.8103,8.24361,8.67942,1159254.8014257
2016-11-09,8.35942,8.95747,8.35942,8.82584,1876521.4867186
2016-11-10,8.88342,9.04521,8.68691,8.73718,2090814.9756674
2016-11-11,8.73718,8.76735,8.65007,8.67942,1783532.9698467
2016-11-14,8.67942,8.75363,8.65007,8.69513,1580003.9350652
2016-11-15,8.73718,8.73718,8.65007,8.67942,2053922.1858535
2016-11-16,8.70794,8.79752,8.66433,8.73718,1980925.4233267
2016-11-17,8.79752,8.82584,8.68691,8.8103,1849864.7201989
2016-11-18,8.83955,8.83955,8.69513,8.76735,1731343.0362002
2016-11-21,8.8103,8.82584,8.76735,8.76735,1248475.3764182
2016-11-22,8.79752,8.83955,8.76735,8.8103,1037510.0173177
2016-11-23,8.75363,8.82584,8.75363,8.78197,1197573.1511318
2016-11-25,8.8103,9.04521,8.76735,9.04521,1296818.595881
2016-11-28,9.04521,9.08816,8.88342,8.91359,1114958.5090861
2016-11-29,8.97118,9.02967,8.85509,8.9273,1219724.579481
2016-11-30,8.95747,9.10188,8.89714,8.97118,1477034.3108277
2016-12-01,9.02967,9.02967,8.66433,8.79752,1922616.4133352
2016-12-02,8.78197,8.80482,8.65007,8.69513,1155072.2108899
2016-12-05,8.66433,8.78197,8.66433,8.73078,985348.52922551
2016-12-06,8.78197,8.78197,8.67942,8.73718,1501796.1658101
2016-12-07,8.73718,8.91359,8.72439,8.86789,768384.44035572
2016-12-08,8.86789,8.91177,8.8103,8.85509,1059713.9605363
2016-12-09,8.82584,8.85509,8.75363,8.83955,1010064.4336971
2016-12-12,8.83955,8.97118,8.8103,8.88342,1283102.3684294
2016-12-13,8.94101,8.96386,8.86241,8.91359,859788.75866744
2016-12-14,8.83955,8.95747,8.82584,8.85509,1354499.6155591
2016-12-15,8.83955,8.94101,8.79752,8.83955,2370668.902824
2016-12-16,8.8103,9.01504,8.8103,8.95747,2486131.5956801
2016-12-19,8.95747,9.02967,8.80665,8.80665,1832381.6449274
2016-12-20,8.86514,8.89623,8.73078,8.79294,1450704.6681819
2016-12-21,8.80665,8.82311,8.73078,8.7774,1103801.2874579
2016-12-22,8.7774,8.82311,8.72622,8.7774,1288708.3307379
2016-12-23,8.76277,8.7774,8.68874,8.74907,982967.85514601
2016-12-27,8.73078,8.80482,8.61361,8.70245,1286368.1368703
2016-12-28,8.6732,8.73078,8.58335,8.65903,733386.56207941
2016-12-29,8.6732,8.79294,8.61361,8.7774,759110.09560758
2016-12-30,8.73078,8.82311,8.68874,8.74907,948327.73441747
2017-01-03,8.73078,8.89623,8.7189,8.86514,857474.82223447
2017-01-04,8.91177,9.22527,8.91177,9.09092,1400682.0669581
2017-01-05,9.10554,9.24081,9.09092,9.1357,919038.66006894
2017-01-06,9.16586,9.22527,9.07629,9.10554,559742.86422619
2017-01-09,9.1357,9.15123,9.06075,9.07629,287409.50399168
2017-01-10,9.12016,9.1357,9.07629,9.07629,304772.23268733
2017-01-11,9.07629,9.18048,9.02967,9.18048,602510.75505427
2017-01-12,9.16586,9.16586,8.98762,8.98762,464080.46525389
2017-01-13,9.01687,9.07629,8.94101,9.00042,641074.17415096
2017-01-17,9.00042,9.01687,8.95747,8.97118,336377.4315884
2017-01-18,8.95747,9.00042,8.86514,8.88252,535172.46970528
2017-01-19,8.89623,8.95747,8.80665,8.83681,372839.16184927
2017-01-20,8.83681,8.88252,8.80665,8.86514,342893.65163322
2017-01-23,8.89623,8.91177,8.80665,8.80665,415865.25078525
2017-01-24,8.82311,8.91177,8.79842,8.85235,537023.61885166
2017-01-25,8.91177,8.92638,8.83681,8.89623,492294.07883948
2017-01-26,8.88252,8.91177,8.7774,8.80665,486542.60658031
2017-01-27,8.82311,8.83681,8.73078,8.74907,430760.87467884
2017-01-30,8.7189,8.83681,8.70245,8.79294,444228.75056059
2017-01-31,8.76277,8.79294,8.69513,8.74907,862860.87852738
2017-02-01,8.79294,8.9794,8.7774,8.94101,711241.69808894
2017-02-02,8.92638,8.94101,8.82311,8.89623,452393.71869265
2017-02-03,8.92638,9.09822,8.91177,8.98762,775350.31896978
2017-02-06,8.92638,9.07629,8.74907,9.04703,707123.65708009
2017-02-07,8.98762,8.98762,8.83681,8.83681,636394.88047539
2017-02-08,8.7774,8.98762,8.76277,8.97118,539704.06531066
2017-02-09,9.00042,9.17226,8.97118,9.00042,880921.61736217
2017-02-10,9.00042,9.1357,9.00042,9.1357,555329.42707696
2017-02-13,9.1357,9.22527,9.1092,9.1357,610056.48535131
2017-02-14,9.1357,9.24081,9.07629,9.21064,529470.23013616
2017-02-15,9.24081,9.31576,9.1357,9.28559,579942.48992926
2017-02-16,9.31576,9.31576,9.21064,9.28559,561249.38454212
2017-02-17,9.2984,9.37335,9.24081,9.35963,583329.69900561
2017-02-21,9.3898,9.46205,9.28559,9.31576,871154.94571339
2017-02-22,9.25453,9.43367,9.25453,9.3898,755932.94600883
2017-02-23,9.46205,9.50862,9.40442,9.46205,836308.0476866
2017-02-24,9.44919,9.46205,9.25453,9.43367,526409.05087401
2017-02-27,9.33039,9.46205,9.24081,9.43367,620173.25612942
2017-02-28,9.43367,9.473,9.35963,9.44919,756165.98074179
2017-03-01,9.49313,9.58448,9.41173,9.53875,829238.23339351
2017-03-02,9.53875,9.56899,9.43367,9.52412,737995.83592911
2017-03-03,9.5534,9.62831,9.50682,9.59818,995520.00299259
2017-03-06,9.5534,9.76273,9.49313,9.71794,1067651.3642342
2017-03-07,9.71794,9.82302,9.58448,9.61376,857296.49049046
2017-03-08,9.61376,9.76273,9.61376,9.6439,677150.79536955
2017-03-09,9.67404,9.71794,9.42728,9.44919,987351.7526812
2017-03-10,9.44919,9.58448,9.44919,9.52412,671632.35784335
2017-03-13,9.59091,9.632,9.53875,9.53875,684896.73860618
2017-03-14,9.58448,9.61376,9.47933,9.47933,628599.70454871
2017-03-15,9.47933,9.7097,9.44919,9.6439,617677.7057731
2017-03-16,9.70331,9.71794,9.5534,9.6439,1226151.086624
2017-03-17,9.70515,9.73539,9.59543,9.68868,819687.09152123
2017-03-20,9.73539,9.76544,9.61376,9.67498,581490.58451681
2017-03-21,9.68868,9.68868,9.44464,9.49038,824135.53858339
2017-03-22,9.55245,9.55793,9.35324,9.41356,782947.47007645
2017-03-23,9.44464,9.55245,9.3834,9.39894,596652.06493674
2017-03-24,9.46016,9.52874,9.41356,9.44464,351229.29309082
2017-03-27,9.41356,9.4748,9.32307,9.42911,478336.06417666
2017-03-28,9.42911,9.59543,9.42911,9.53601,669046.00052537
2017-03-29,9.5671,9.73539,9.53601,9.72066,707887.31080596
2017-03-30,9.78008,9.9346,9.70515,9.88981,1198163.9434127
2017-03-31,9.87149,10.0424,9.83495,10.025,1084304.0481332
2017-04-03,10.0113,10.0853,9.94923,10.025,776280.26978209
2017-04-04,9.99305,10.0552,9.94923,10.025,498007.25900639
2017-04-05,10.0552,10.0726,9.88981,9.9346,513447.72467001
2017-04-06,9.94923,10.1932,9.9346,10.1786,1045933.1835576
2017-04-07,10.1321,10.1622,10.0186,10.0853,709963.83626685
2017-04-10,10.0853,10.1484,10.0424,10.0853,573719.47790527
2017-04-11,10.1321,10.2097,10.0424,10.2097,818023.02659708
2017-04-12,10.2097,10.2243,10.1018,10.1484,451348.89160352
2017-04-13,10.0853,10.1484,10.025,10.0853,672428.8333626
2017-04-17,10.0853,10.1174,10.025,10.0552,657392.07575749
2017-04-18,10.0726,10.1484,10.0113,10.0853,402889.70180411
2017-04-19,10.0726,10.1174,10.025,10.0424,295472.72456426
2017-04-20,10.0552,10.185,10.0424,10.1622,640522.76802225
2017-04-21,10.239,10.239,10.0853,10.1174,418325.79122862
2017-04-24,10.1622,10.2691,10.1622,10.2097,356101.14128753
2017-04-25,10.2691,10.3011,10.217,10.239,349813.57973656
2017-04-26,10.2691,10.3924,10.2097,10.239,684688.86724813
2017-04-27,10.3011,10.3468,10.217,10.3303,469643.75923105
2017-04-28,10.3303,10.3924,10.2691,10.377,528340.06638427
2017-05-01,10.3924,10.4144,10.3176,10.3924,459304.89431775
2017-05-02,10.3924,10.4144,10.3303,10.3596,464511.52480689
2017-05-03,10.3596,10.3596,10.0424,10.1018,651699.6827264
2017-05-04,10.1018,10.239,9.98113,10.0726,753168.25694684
2017-05-05,10.0853,10.1321,9.98113,10.1174,608626.54921992
2017-05-08,10.1484,10.2243,10.0113,10.0853,459160.4784269
2017-05-09,10.0853,10.1174,9.78008,9.8587,1127268.8697215
2017-05-10,9.8587,10.0186,9.75265,9.84231,957029.88590111
2017-05-11,9.82768,9.87149,9.72066,9.84231,538997.3026933
2017-05-12,9.84231,9.90251,9.75265,9.84861,805948.98287401
2017-05-15,9.8587,9.91812,9.82768,9.88981,380692.32294426
2017-05-16,9.91812,9.9346,9.8112,9.91812,451235.10938648
2017-05-17,9.87149,9.9346,9.68868,9.73539,591308.67697521
2017-05-18,9.73539,9.75265,9.44464,9.62746,890493.54637025
2017-05-19,9.49038,9.68868,9.46016,9.5671,1325711.6205895
2017-05-22,9.61376,9.67498,9.50493,9.6439,644374.95250476
2017-05-23,9.6439,9.79656,9.53601,9.75265,545315.49791808
2017-05-24,9.78008,9.84231,9.73539,9.82768,434163.4005921
2017-05-25,9.8587,9.88981,9.75265,9.75265,476084.4891511
2017-05-26,9.79656,9.8112,9.70515,9.79656,413116.97261993
2017-05-30,9.79656,9.79743,9.65854,9.68868,436749.75791008
2017-05-31,9.59543,9.72066,9.55245,9.59543,771303.39184659
2017-06-01,9.61376,9.79656,9.61376,9.79656,534502.90512041
2017-06-02,9.79656,9.89437,9.75362,9.79656,320843.97084354
2017-06-05,9.78008,9.82031,9.73539,9.75265,333089.78195195
2017-06-06,9.76544,9.76544,9.68868,9.72066,277632.98580489
2017-06-07,9.75265,9.8112,9.70515,9.73539,347077.33622882
2017-06-08,9.76544,9.87149,9.76544,9.79656,485745.03700128
2017-06-09,9.79656,9.88981,9.75265,9.8112,378887.1243086
2017-06-12,9.82768,9.90251,9.72066,9.73539,433478.51917033
2017-06-13,9.78008,9.81023,9.72066,9.79656,376224.18280606
2017-06-14,9.75265,9.84861,9.62746,9.79656,545564.94354773
2017-06-15,9.70515,9.79656,9.6439,9.73539,533173.6224887
2017-06-16,9.73539,9.89437,9.70515,9.87149,725648.27726124
2017-06-19,9.9821,10.014,9.85782,9.93547,571809.24953082
2017-06-20,9.88981,9.9821,9.85782,9.91996,462596.92019331
2017-06-21,9.93547,9.9821,9.90348,9.93547,391355.02955218
2017-06-22,9.91996,9.91996,9.77097,9.81023,527351.03634388
2017-06-23,9.79288,9.91996,9.79288,9.90348,356819.93856245
2017-06-26,9.91996,10.0279,9.88981,9.99673,447369.79618663
2017-06-27,9.99673,10.014,9.88981,9.90348,429392.20589508
2017-06-28,9.93547,9.96649,9.8806,9.90348,323441.26875932
2017-06-29,9.90348,9.96649,9.81023,9.91996,429035.54240707
2017-06-30,9.95195,10.0762,9.88981,10.014,584471.89741509
2017-07-03,10.0279,10.069,9.9821,10.0589,223242.89794253
2017-07-05,10.0279,10.0762,9.95195,10.047,419955.94029961
2017-07-06,10.0279,10.1301,9.88981,10.0762,781675.07855325
2017-07-07,10.047,10.047,9.84134,9.96649,494815.88663052
2017-07-10,9.93547,10.1228,9.91996,10.0762,414761.34446805
2017-07-11,10.0762,10.1072,9.96649,10.0589,325529.82887778
2017-07-12,10.0762,10.0762,9.99673,10.047,264186.99111871
2017-07-13,10.047,10.0589,9.96649,9.96649,236531.34802049
2017-07-14,9.9821,10.047,9.89437,9.91996,609875.96548774
2017-07-17,9.91996,10.014,9.90348,9.96649,346513.89544254
2017-07-18,9.95195,10.0223,9.88981,9.96649,379146.41647626
2017-07-19,9.96649,9.9821,9.90348,9.93547,320625.1588877
2017-07-20,9.96649,9.99673,9.91996,9.93547,263592.91665861
2017-07-21,9.95195,10.0279,9.93547,9.93547,300939.74128085
2017-07-24,9.96649,10.0369,9.93547,9.96649,315845.21171245
2017-07-25,9.99673,10.047,9.93547,9.9821,346494.20236652
2017-07-26,9.96649,10.0279,9.95195,9.9821,268632.15600154
2017-07-27,9.99673,10.0369,9.93547,9.95195,394083.61464147
2017-07-28,9.95195,10.014,9.92723,9.99673,280759.8086538
2017-07-31,9.99673,10.0279,9.95195,9.99673,330995.7515346
2017-08-01,9.99673,10.0223,9.96649,10.014,331683.9151357
2017-08-02,10.0279,10.0279,9.92539,9.9821,258166.38015387
2017-08-03,9.96649,9.99673,9.93547,9.93547,242159.19152462
2017-08-04,10.0269,10.047,9.93547,9.95195,320144.86664465
2017-08-07,9.95195,10.0762,9.93547,10.047,329259.47866502
2017-08-08,9.99673,10.0589,9.93547,9.96649,484340.26424481
2017-08-09,9.91996,9.96649,9.87149,9.91996,749490.02796921
2017-08-10,9.88981,9.93547,9.81023,9.81023,465960.05995453
2017-08-11,9.77824,9.8806,9.74712,9.84134,660335.0965635
2017-08-14,9.87149,9.96649,9.8395,9.88981,420179.12849456
2017-08-15,9.84134,9.93547,9.78648,9.90348,477179.64299005
2017-08-16,9.88981,9.95195,9.82574,9.84134,259184.94980827
2017-08-17,9.82574,9.88981,9.63748,9.6832,576801.44430323
2017-08-18,9.65486,9.67677,9.5123,9.54423,863576.39362297
2017-08-21,9.52695,9.66033,9.5123,9.62198,326838.3243737
2017-08-22,9.62198,9.6832,9.52695,9.63748,340622.38353163
2017-08-23,9.60829,9.6832,9.54423,9.63748,347092.65306573
2017-08-24,9.63748,9.66855,9.52137,9.52695,643819.17013693
2017-08-25,9.59091,9.6832,9.5123,9.52695,551373.30691542
2017-08-28,9.49766,9.55888,9.40351,9.46478,736352.55814077
2017-08-29,9.41905,9.59818,8.90079,9.48122,852478.25122293
2017-08-30,9.48122,9.48122,9.3898,9.43367,442765.99263582
2017-08-31,9.46478,9.49766,8.94924,9.22985,1951255.6161749
2017-09-01,9.24538,9.49766,9.18415,9.451,897922.21227091
2017-09-05,9.451,9.46478,9.30845,9.40351,626693.85241336
2017-09-06,9.35689,9.35689,9.15398,9.3249,1179610.8776773
2017-09-07,9.30845,9.3898,9.27736,9.35689,553640.1987779
2017-09-08,9.33953,9.3898,9.29474,9.29474,432743.31099872
2017-09-11,9.30845,9.41905,9.30845,9.3898,493924.22791047
2017-09-12,9.40351,9.41082,9.32857,9.3898,392694.1587219
2017-09-13,9.3898,9.41905,9.35689,9.40351,453806.14986757
2017-09-14,9.3898,9.43367,9.37152,9.40351,418970.19243857
2017-09-15,9.40351,9.451,9.3898,9.451,742310.8076982
2017-09-18,9.41905,9.49766,9.37152,9.40351,658480.66523778
2017-09-19,9.46478,9.49766,9.41905,9.46478,436689.58462223
2017-09-20,9.52874,9.5927,9.48208,9.57805,625829.5451878
2017-09-21,9.56077,9.56077,9.46478,9.54612,611560.81754768
2017-09-22,9.48208,9.5141,9.45014,9.45014,468554.07569098
2017-09-25,9.41813,9.5141,9.38614,9.48208,476598.69724731
2017-09-26,9.5141,9.52874,9.45014,9.49766,442736.45302178
2017-09-27,9.49766,9.56077,9.38614,9.52874,652402.06910463
2017-09-28,9.5141,9.67592,9.4986,9.64295,616042.08640322
2017-09-29,9.64295,9.80208,9.64295,9.80208,698399.62440087
2017-10-02,9.77097,9.85055,9.66582,9.85055,612117.69397529
2017-10-03,9.83398,9.88341,9.80208,9.81944,489526.10759815
2017-10-04,9.83398,9.89805,9.78648,9.85055,457153.97279187
2017-10-05,9.89805,9.9473,9.81944,9.9154,828367.36180927
2017-10-06,9.88341,9.88341,9.70699,9.70699,573059.75985842
2017-10-09,9.70699,9.77097,9.70699,9.70699,380667.15956934
2017-10-10,9.75449,9.78648,9.70699,9.75449,328784.65672086
2017-10-11,9.70699,9.75449,9.70699,9.70699,333325.00480448
2017-10-12,9.69047,9.73811,9.63389,9.64295,341400.26003464
2017-10-13,9.64295,9.69962,9.62652,9.67592,349267.64390675
2017-10-16,9.64295,9.70699,9.62652,9.65854,420252.43049977
2017-10-17,9.67592,9.70699,9.61651,9.65854,370876.41860541
2017-10-18,9.64295,9.69047,9.62652,9.65854,352975.4124984
2017-10-19,9.5927,9.70699,9.5379,9.67592,527563.28394106
2017-10-20,9.69047,9.78648,9.64295,9.64295,345268.85541383
2017-10-23,9.64295,9.81944,9.61102,9.80208,544135.00741635
2017-10-24,9.80208,9.80208,9.63389,9.65854,741096.40134331
2017-10-25,9.64295,9.69047,9.52874,9.56077,698606.40169914
2017-10-26,9.56077,9.64295,9.48208,9.5141,645876.00252181
2017-10-27,9.54612,9.61102,9.50493,9.56077,440382.03637698
2017-10-30,9.56077,9.67592,9.50493,9.5141,612723.80309296
2017-10-31,9.56077,9.62652,9.48208,9.49766,633113.79519761
2017-11-01,9.49766,9.56077,9.46478,9.48208,353984.1356148
2017-11-02,9.46478,9.54612,9.38614,9.41813,845897.48165114
2017-11-03,9.46478,9.85055,9.3377,9.77097,994405.1560776
2017-11-06,9.78648,9.78648,9.64295,9.73811,595668.50519527
2017-11-07,9.83398,9.86509,9.81944,9.85055,613155.95670574
2017-11-08,9.83398,9.89805,9.81944,9.89805,462885.75197502
2017-11-09,9.83398,9.9154,9.78648,9.80208,434037.58371749
2017-11-10,9.80208,9.82768,9.70699,9.7225,454571.991713
2017-11-13,9.7225,9.75449,9.64295,9.75449,457137.56189519
2017-11-14,9.73811,9.77097,9.67592,9.73811,252727.80899153
2017-11-15,9.70699,9.7225,9.5927,9.67592,407961.76294041
2017-11-16,9.70699,9.81944,9.68225,9.78648,467098.97618466
2017-11-17,9.75449,9.81944,9.65854,9.73811,362109.71759481
2017-11-20,9.7225,9.80208,9.65854,9.69047,525847.7982073
2017-11-21,9.7225,9.75449,9.67592,9.70699,370375.33922654
2017-11-22,9.69047,9.75449,9.67592,9.73811,290021.02468458
2017-11-24,9.78648,9.78648,9.69047,9.73811,252268.30388428
2017-11-27,9.75449,9.77097,9.70699,9.7225,285095.56755871
2017-11-28,9.70699,9.73811,9.62652,9.70699,442932.28972225
2017-11-29,9.70699,9.77097,9.69047,9.69047,566136.54957574
2017-11-30,9.70699,9.7225,9.61102,9.64295,772944.48151536
2017-12-01,9.64295,9.67592,9.46478,9.48208,780477.08309505
2017-12-04,9.54612,9.61102,9.49766,9.54612,704722.19586478
2017-12-05,9.5927,9.5927,9.49766,9.54612,645287.3983606
2017-12-06,9.5141,9.5141,9.40169,9.41813,610336.56465478
2017-12-07,9.43276,9.49766,9.41813,9.41813,480253.95096956
2017-12-08,9.45014,9.46478,9.38614,9.41813,773129.37761804
2017-12-11,9.43276,9.54612,9.41813,9.52874,848397.40824658
2017-12-12,9.54612,9.57805,9.48208,9.48208,476286.89021025
2017-12-13,9.5141,9.5379,9.41813,9.46478,519014.30082649
2017-12-14,9.48208,9.49766,9.43276,9.49766,520679.45981041
2017-12-15,9.49766,9.57805,9.3697,9.38614,2968474.106768
2017-12-18,9.43276,9.61102,9.43276,9.5141,833850.78942255
2017-12-19,9.54612,9.5927,9.46478,9.48208,732663.38856536
2017-12-20,9.48208,9.56436,9.4163,9.5159,962309.81839545
2017-12-21,9.52969,9.56436,9.48208,9.5159,532312.59744249
2017-12-22,9.48208,9.5159,9.36604,9.4163,835573.93357475
2017-12-26,9.38248,9.43093,9.31759,9.31759,725440.40590319
2017-12-27,9.33404,9.35049,9.21887,9.30022,1492766.8904525
2017-12-28,9.28468,9.44919,9.26823,9.38248,1088019.4751433
2017-12-29,9.38248,9.44919,9.31759,9.31759,796465.67270805
2018-01-02,9.44919,9.44919,9.44919,9.44919,678590.57803896
2018-01-03,9.44919,9.50588,9.35049,9.38248,707099.58776495
2018-01-04,9.43093,9.4986,9.39894,9.4163,571511.66527088
2018-01-05,9.46384,9.48208,9.4163,9.44919,725932.73280382
2018-01-08,9.43093,9.4986,9.43093,9.46384,810944.45982576
2018-01-09,9.46384,9.5159,9.39894,9.4163,495732.70872546
2018-01-10,9.38248,9.4163,9.31759,9.33404,580699.57929647
2018-01-11,9.36604,9.5159,9.31759,9.48208,506346.18264332
2018-01-12,9.4986,9.56436,9.46384,9.54792,417942.87030591
2018-01-16,9.61376,9.63021,9.4163,9.46384,487706.68618536
2018-01-17,9.46384,9.52326,9.43093,9.4986,457853.07699077
2018-01-18,9.4986,9.5159,9.39894,9.44919,395210.49621402
2018-01-19,9.44919,9.53875,9.4163,9.5159,421123.302084
2018-01-22,9.5159,9.54792,9.4986,9.5159,481467.26326468
2018-01-23,9.54792,9.58174,9.52969,9.54792,321061.6887396
2018-01-24,9.54792,9.59543,9.52969,9.56436,334218.85164407
2018-01-25,9.58174,9.58174,9.4986,9.54792,537715.06463209
2018-01-26,9.56436,9.56436,9.4986,9.54792,397138.22954495
2018-01-29,9.54792,9.56436,9.46384,9.4986,436576.89646497
2018-01-30,9.39894,9.5159,9.38248,9.39894,675963.74050914
2018-01-31,9.4163,9.54792,9.38248,9.46384,799669.07974149
2018-02-01,9.46384,9.58174,9.43093,9.58174,416069.83996395
2018-02-02,9.4986,9.54792,9.35049,9.35049,593282.36081686
2018-02-05,9.30022,9.33404,8.80573,8.90537,1187082.2119092
2018-02-06,8.80573,9.03698,8.75729,8.95564,885297.8564789
2018-02-07,9.13661,9.20151,8.89074,8.92182,729677.69942797
2018-02-08,9.26823,9.28468,9.02236,9.02236,1105831.8624082
2018-02-09,9.08726,9.15306,8.7253,8.7253,1316318.0233253
2018-02-12,8.82401,8.95564,8.75729,8.87337,866403.4440924
2018-02-13,8.87337,9.03698,8.87337,9.02236,333767.00495526
2018-02-14,9.03698,9.06989,8.90537,8.97118,532128.79539959
2018-02-15,9.00316,9.02236,8.85693,8.90537,553234.30259983
2018-02-16,8.90537,9.05434,8.90537,9.05434,430191.96359366
2018-02-20,8.90537,9.02236,8.90537,8.90537,356048.62641812
2018-02-21,8.90537,8.95564,8.83955,8.85693,324829.63061911
2018-02-22,8.85693,8.92182,8.83955,8.85693,282333.06661626
2018-02-23,8.89074,8.90537,8.82401,8.85693,354550.85858042
2018-02-26,8.82401,8.89074,8.82401,8.83955,386421.91400784
2018-02-27,8.85693,8.90537,8.74084,8.75729,400642.50301768
2018-02-28,8.79111,8.87337,8.62604,8.62604,485450.73492069
2018-03-01,8.64212,8.78289,8.62604,8.74084,503830.93921098
2018-03-02,8.7253,8.79111,8.65903,8.79111,391711.69304019
2018-03-05,8.77375,8.90537,8.7061,8.89074,586630.47735942
2018-03-06,8.87337,8.91359,8.79111,8.90537,360324.21203518
2018-03-07,8.87337,8.90537,8.79111,8.80573,335412.47086316
2018-03-08,8.87337,8.92182,8.80573,8.82401,434341.73233611
2018-03-09,8.85693,8.89623,8.78289,8.87337,577542.12277374
2018-03-12,8.92182,9.03698,8.89074,9.03698,781786.67265072
2018-03-13,9.05434,9.06989,9.00316,9.05434,532557.66683302
2018-03-14,9.10188,9.15306,9.05434,9.13661,467495.02582472
2018-03-15,9.15306,9.15306,8.89074,8.92182,663062.58759301
2018-03-16,8.97118,9.10188,8.90537,9.02236,844072.58993946
2018-03-19,9.03698,9.06989,8.98854,9.02236,560939.76562462
2018-03-20,9.03698,9.05434,8.93736,8.93736,411047.01151772
2018-03-21,8.93736,9.00316,8.92182,8.95564,315702.98394115
2018-03-22,8.97118,9.36604,8.97118,9.23533,1530346.7498076
2018-03-23,9.26823,9.28468,8.96295,9.03698,910906.51373025
2018-03-26,9.13844,9.19054,9.02144,9.08908,594554.75234006
2018-03-27,9.08908,9.11467,8.88525,8.94375,1038990.2801989
2018-03-28,8.93461,8.93461,8.7838,8.80025,812095.41071347
2018-03-29,8.85143,8.93461,8.80025,8.83316,1019193.2684946
2018-04-02,8.86606,8.96844,8.76735,8.9529,884216.92541706
2018-04-03,8.9529,9.00316,8.88525,8.93461,476522.11306277
2018-04-04,8.90079,9.00316,8.86606,8.96844,414613.64639786
2018-04-05,9.06989,9.1814,9.00316,9.17226,545350.50783101
2018-04-06,9.12198,9.20699,9.00316,9.06989,489916.68693932
2018-04-09,9.08908,9.22345,9.03698,9.15673,487223.11176297
2018-04-10,9.20699,9.27281,9.13844,9.20699,504558.48896414
2018-04-11,9.15673,9.25818,9.13844,9.15673,374863.17244076
2018-04-12,9.22345,9.27281,9.14027,9.17226,639520.60926453
2018-04-13,9.17226,9.25818,9.15673,9.15673,608522.61354089
2018-04-16,9.20699,9.25818,9.15673,9.25818,266274.45717739
2018-04-17,9.22345,9.27281,9.19054,9.24722,290796.71306803
2018-04-18,9.27281,9.30753,9.25818,9.29199,228425.45911652
2018-04-19,9.27281,9.30753,9.19054,9.21522,235805.98638689
2018-04-20,9.24173,9.24173,9.13021,9.17226,211097.7403338
2018-04-23,9.20699,9.20699,9.08908,9.12198,216693.85610433
2018-04-24,9.12198,9.12198,9.02144,9.03698,310984.30411353
2018-04-25,9.03698,9.06989,9.00316,9.03698,183035.10699773
2018-04-26,9.02144,9.05434,9.00316,9.03698,229077.51874491
2018-04-27,9.03698,9.12198,9.00316,9.08908,209882.23991912
2018-04-30,9.12198,9.20699,9.05434,9.08908,417879.41483873
2018-05-01,9.06989,9.11467,9.03698,9.06989,221024.14471034
2018-05-02,9.08908,9.1037,9.03698,9.03698,201480.95487477
2018-05-03,9.02144,9.08269,9.02144,9.03698,192679.24395123
2018-05-04,9.03698,9.15673,9.00316,9.12198,540152.62982012
2018-05-07,9.13844,9.17226,9.10462,9.13844,296145.57132846
2018-05-08,9.13844,9.21887,9.12198,9.17226,269579.61177031
2018-05-09,9.19054,9.22345,9.14667,9.19054,227903.59260184
2018-05-10,9.20699,9.27281,9.19328,9.27281,317602.27171782
2018-05-11,9.25818,9.27281,9.19054,9.27281,409730.85760336
2018-05-14,9.27281,9.46016,9.24173,9.46016,540342.9962217
2018-05-15,9.47754,9.47754,9.40899,9.44373,272743.63265171
2018-05-16,9.42728,9.47754,9.40899,9.46016,249375.60982812
2018-05-17,9.46016,9.54518,9.45289,9.54518,325248.65551454
2018-05-18,9.54518,9.69788,9.40899,9.56077,911386.80597332
2018-05-21,9.47754,9.51136,9.37425,9.39346,1089009.5992435
2018-05-22,9.35963,9.68141,9.35963,9.61376,756703.16409337
2018-05-23,9.579,9.71329,9.51136,9.69788,549649.06870344
2018-05-24,9.68141,9.69788,9.54518,9.66214,518207.97876924
2018-05-25,9.62926,9.73074,9.56077,9.69788,435824.18333689
2018-05-29,9.68141,9.75633,9.61376,9.74906,484797.58123252
2018-05-30,9.76457,9.76457,9.69788,9.71329,373974.79590006
2018-05-31,9.71329,9.72618,9.61376,9.62926,445098.52808504
2018-06-01,9.6457,9.73074,9.61376,9.71329,448082.02910288
2018-06-04,9.73074,9.76457,9.68141,9.76457,369961.78463001
2018-06-05,9.73074,9.76457,9.68141,9.71329,297260.41824345
2018-06-06,9.69788,9.76457,9.69419,9.75633,243432.67710759
2018-06-07,9.73074,9.81575,9.73074,9.7984,239445.92327224
2018-06-08,9.76457,9.90077,9.76457,9.81575,286400.78087526
2018-06-11,9.7984,9.7984,9.66214,9.71329,569812.5904338
2018-06-12,9.71329,9.73898,9.69788,9.73074,280310.15008455
2018-06-13,9.73074,9.73898,9.66214,9.66214,206434.85755492
2018-06-14,9.68141,9.71329,9.68141,9.71329,264155.26338511
2018-06-15,9.68141,9.71329,9.66214,9.68141,336672.82772877
2018-06-18,9.71329,9.79191,9.68141,9.73074,398049.58134101
2018-06-19,9.76457,9.81575,9.68141,9.69788,678833.45930994
2018-06-20,9.73171,9.85414,9.73171,9.7508,321625.12952587
2018-06-21,9.76631,9.80208,9.6457,9.6457,353166.87295976
2018-06-22,9.69788,9.78464,9.6457,9.66128,601157.40310742
2018-06-25,9.6457,9.73171,9.57532,9.59175,552757.2925361
2018-06-26,9.61102,9.6457,9.55793,9.61102,384576.23516035
2018-06-27,9.61102,9.68046,9.59175,9.59175,420263.37109756
2018-06-28,9.61102,9.66128,9.55793,9.57532,385598.08699411
2018-06-29,9.62746,9.73171,9.57532,9.68046,396213.74903154
2018-07-02,9.69788,9.72434,9.62746,9.68046,224077.66555404
2018-07-03,9.71426,9.89068,9.70699,9.83495,212350.43878097
2018-07-05,9.85414,9.85414,9.73171,9.82031,256470.58749613
2018-07-06,9.76631,9.89611,9.73171,9.80208,475396.32554999
2018-07-09,9.85414,10.0113,9.85414,9.92267,531362.95355416
2018-07-10,9.90532,9.94003,9.77552,9.85414,332242.97968286
2018-07-11,9.83495,9.91812,9.82031,9.89068,257504.47398746
2018-07-12,9.90532,9.92267,9.83495,9.86965,333914.70302546
2018-07-13,9.85414,9.95011,9.85414,9.86965,343669.34001666
2018-07-16,9.86965,9.94003,9.83495,9.94003,315372.57788784
2018-07-17,9.94003,10.1155,9.90251,10.0799,568234.95623221
2018-07-18,10.0973,10.3569,10.0799,10.3569,726112.15860761
2018-07-19,10.3569,10.3924,10.1493,10.1667,347093.74712551
2018-07-20,10.2005,10.3221,10.1667,10.2005,325843.82403441
2018-07-23,10.2535,10.3221,10.1311,10.1667,340653.01720545
2018-07-24,10.2535,10.2535,10.0799,10.1841,380777.65960703
2018-07-25,10.2363,10.2755,10.1375,10.2535,289104.20258963
2018-07-26,10.2535,10.3569,10.2106,10.3221,363251.91600428
2018-07-27,10.3047,10.4108,10.2582,10.3404,519504.43960757
2018-07-30,10.3404,10.3751,10.2535,10.3569,321537.60474354
2018-07-31,10.4272,10.4272,10.2535,10.3404,405480.43536122
2018-08-01,10.3404,10.3404,10.2188,10.2883,286758.53842306
2018-08-02,10.3047,10.3221,10.2363,10.2535,286654.60274403
2018-08-03,10.2709,10.3047,10.2005,10.2709,235657.19425692
2018-08-06,10.2883,10.2883,10.2188,10.2709,251808.79877702
2018-08-07,10.2709,10.2883,10.2188,10.2188,155952.7512238
2018-08-08,10.2188,10.3221,10.2005,10.3047,258058.06823572
2018-08-09,10.3221,10.3221,9.92267,10.0259,662769.37957218
2018-08-10,9.95825,10.0717,9.9409,10.0259,408633.51564483
2018-08-13,10.0625,10.0726,9.95825,9.9757,343043.53782296
2018-08-14,9.92267,9.9757,9.85414,9.86965,514277.02198264
2018-08-15,9.86965,9.90532,9.80208,9.82031,447703.48441928
2018-08-16,9.86965,9.99208,9.86965,9.90532,486528.38380319
2018-08-17,9.89068,9.94003,9.85414,9.89068,380035.88707674
2018-08-20,9.86965,9.92364,9.76631,9.80208,547269.48868371
2018-08-21,9.83495,9.94003,9.82031,9.92267,362953.23768456
2018-08-22,9.92267,9.99208,9.85414,9.99208,330444.34540589
2018-08-23,9.92267,9.95825,9.76631,9.82031,578420.65277642
2018-08-24,9.82031,9.85414,9.7508,9.7508,563388.27141042
2018-08-27,9.82031,9.94003,9.82031,9.92267,719257.87409103
2018-08-28,9.95825,9.95825,9.59175,9.6457,1020299.3629313
2018-08-29,9.62746,9.7508,9.61102,9.68046,583895.32791146
2018-08-30,9.66128,9.68046,9.60186,9.61102,450469.26754105
2018-08-31,9.61102,9.63662,9.5671,9.62746,433439.13301828
2018-09-04,9.61102,9.68046,9.57532,9.57532,241733.60227052
2018-09-05,9.57532,9.71426,9.48028,9.71426,834964.54227776
2018-09-06,9.71426,9.71426,9.52412,9.59175,581056.24278447
2018-09-07,9.59175,9.60554,9.45562,9.50493,619242.21125735
2018-09-10,9.5415,9.57532,9.49313,9.52412,278347.4068407
2018-09-11,9.55793,9.55793,9.48944,9.5415,354076.03663626
2018-09-12,9.55793,9.6457,9.48944,9.62746,360870.14786499
2018-09-13,9.66128,9.71155,9.49766,9.50493,431007.03812915
2018-09-14,9.52412,9.54972,9.41996,9.45562,396673.25413879
2018-09-17,9.45562,9.58542,9.41996,9.57532,619715.93914173
2018-09-18,9.55793,9.6457,9.52412,9.57532,575687.69144802
2018-09-19,9.61102,9.69788,9.57532,9.68046,494725.07966883
2018-09-20,9.73171,9.80208,9.6457,9.7508,651128.58352166
2018-09-21,9.76728,9.87421,9.73171,9.82215,497880.34807201
2018-09-24,9.83863,9.89156,9.73171,9.80286,445232.00337811
2018-09-25,9.7856,9.85782,9.7508,9.76728,422718.44124205
2018-09-26,9.7856,9.80286,9.72347,9.73171,390508.22728309
2018-09-27,9.7508,9.80286,9.69594,9.80286,600471.42762587
2018-09-28,9.76728,9.80286,9.69594,9.71251,532577.35990905
2018-10-01,9.7856,9.80286,9.65854,9.7508,427355.06658624
2018-10-02,9.76728,9.82215,9.73171,9.7856,407419.10928993
2018-10-03,9.7856,9.83863,9.7508,9.7856,393019.09447632
2018-10-04,9.7508,9.7856,9.67772,9.71251,274008.36575644
2018-10-05,9.73171,9.76728,9.67772,9.73171,465514.77762439
2018-10-08,9.71251,9.7856,9.57172,9.62472,446874.18710665
2018-10-09,9.65854,9.8112,9.58996,9.80286,607995.27672732
2018-10-10,9.7856,9.82215,9.64295,9.65854,616079.28443572
2018-10-11,9.51863,9.73171,9.49946,9.51863,639084.07941262
2018-10-12,9.58996,9.76728,9.39253,9.4611,551729.97040345
2018-10-15,9.4611,9.5534,9.42819,9.48208,338814.99677642
2018-10-16,9.48208,9.5534,9.42819,9.51863,285767.32026312
2018-10-17,9.53517,9.5534,9.4611,9.49946,375999.90055132
2018-10-18,9.49946,9.57172,9.39253,9.39253,318846.21768674
2018-10-19,9.39253,9.44647,9.3377,9.35781,406425.70301044
2018-10-22,9.30205,9.37335,9.23076,9.23076,381553.34799047
2018-10-23,9.19511,9.19511,9.01871,9.01871,621241.05847391
2018-10-24,9.06989,9.12474,8.96386,8.96386,479839.30231326
2018-10-25,8.9995,9.10644,8.96386,8.98214,433747.65787601
2018-10-26,8.9995,9.02602,8.8752,8.92821,511272.733829
2018-10-29,8.98214,9.05344,8.89256,8.90993,368354.61081439
2018-10-30,8.90993,8.98214,8.8295,8.8752,456354.21509328
2018-10-31,9.12474,9.4611,9.06989,9.23076,1069655.6817497
2018-11-01,9.19511,9.40991,8.9465,9.39253,1011436.3846602
2018-11-02,9.40991,9.51863,9.32125,9.35781,809866.81094327
2018-11-05,9.37335,9.57172,9.37335,9.53517,512586.6996238
2018-11-06,9.5534,9.67772,9.54423,9.65854,367321.81838284
2018-11-07,9.60829,9.69594,9.57172,9.62472,551246.39598105
2018-11-08,9.60829,9.79288,9.51863,9.57172,507059.50961936
2018-11-09,9.49946,9.62472,9.49946,9.62472,306561.02042629
2018-11-12,9.62472,9.64295,9.48208,9.49946,396817.67002964
2018-11-13,9.51863,9.60829,9.4611,9.49946,325664.39823064
2018-11-14,9.49946,9.5534,9.36512,9.4611,483256.05100365
2018-11-15,9.4611,9.51863,9.35781,9.35781,576872.55818887
2018-11-16,9.35781,9.35781,9.26823,9.32125,563996.56864766
2018-11-19,9.28559,9.34775,9.26823,9.3377,443782.37417069
2018-11-20,9.3377,9.3377,9.1421,9.2143,677227.3795541
2018-11-21,9.28559,9.39253,9.2143,9.28559,423254.53053385
2018-11-23,9.23076,9.35781,9.23076,9.3377,125334.39424355
2018-11-26,9.37335,9.44647,9.3377,9.3377,650003.89006866
2018-11-27,9.3377,9.37335,9.30205,9.32125,257556.98885686
2018-11-28,9.32125,9.51863,9.32125,9.49946,396323.15500946
2018-11-29,9.49946,9.64295,9.39253,9.4611,425765.39772708
2018-11-30,9.4611,9.4611,9.3377,9.37335,276421.86162933
2018-12-03,9.45289,9.86597,9.40442,9.82215,1179615.2539163
2018-12-04,9.73811,9.77097,9.2143,9.21979,1131476.6236322
2018-12-06,9.04795,9.1485,8.87977,9.08269,1017164.881664
2018-12-07,9.01871,9.1485,8.95747,8.95747,687482.00186439
2018-12-10,8.9995,9.02419,8.72713,8.86697,954858.17723943
2018-12-11,8.92821,9.03425,8.72164,8.73627,772546.24375573
2018-12-12,8.80939,8.91359,8.72164,8.75089,1358959.0032191
2018-12-13,8.77375,8.80939,8.59761,8.59935,784239.55467566
2018-12-14,8.54688,8.63052,8.46325,8.47659,593247.35090393
2018-12-17,8.43382,8.47659,8.04106,8.05358,1231862.0786714
2018-12-18,7.96455,8.22716,7.93988,8.18401,1855650.1083111
2018-12-19,8.29972,8.29972,8.07286,8.09142,1008469.294539
2018-12-20,8.03585,8.06794,7.59986,7.72791,1920893.269183
2018-12-21,7.71667,7.98668,7.61814,7.6302,1559692.7152647
2018-12-24,7.61814,7.75268,7.41414,7.61814,1029647.0096847
2018-12-26,7.66156,7.77197,7.4879,7.77197,1810749.8949734
2018-12-27,7.72791,7.83979,7.53761,7.75991,1584111.0354763
2018-12-28,7.80194,7.96282,7.77197,7.82746,819284.47752249
2018-12-31,7.80935,7.84546,7.57966,7.6302,1937260.4034797
2019-01-02,7.59986,7.95551,7.54465,7.82746,792771.03283374
2019-01-03,7.81512,8.04262,7.77764,7.90048,823173.86003749
2019-01-04,7.9694,8.28337,7.9694,8.20165,1032897.4612886
2019-01-07,8.25833,8.66342,8.20165,8.54158,1186178.5185316
2019-01-08,8.5967,8.77466,8.57184,8.76277,620525.54337832
2019-01-09,8.77466,8.83589,8.52823,8.72073,706747.30051605
2019-01-10,8.67585,8.87337,8.61543,8.76277,549640.31622521
2019-01-11,8.70518,8.81853,8.68874,8.76735,440146.81352445
2019-01-14,8.72073,8.78106,8.67859,8.68874,334587.54978966
2019-01-15,8.67585,8.79385,8.67411,8.75181,258418.01390307
2019-01-16,8.79842,8.95015,8.77466,8.90354,414332.4730346
2019-01-17,8.90993,8.96568,8.83042,8.94009,352171.2785607
2019-01-18,8.97757,8.99312,8.90354,8.94009,283327.56695554
2019-01-22,8.98489,8.98489,8.79842,8.81122,463172.39563716
2019-01-23,8.84961,8.90993,8.73627,8.83042,487161.84441533
2019-01-24,8.8423,8.9666,8.83589,8.88617,659110.8436706
2019-01-25,8.92273,9.02236,8.84961,9.00773,810363.51408302
2019-01-28,8.97757,9.11559,8.91633,9.08999,715244.86282097
2019-01-29,9.11467,9.13752,9.02236,9.02693,470870.20024351
2019-01-30,9.04613,9.26823,9.01504,9.26183,873666.90696639
2019-01-31,9.26823,9.42179,9.26823,9.41447,809169.89486393
2019-02-01,9.40716,9.43276,9.22892,9.37152,1197320.4233228
2019-02-04,9.35963,9.4766,9.33953,9.43276,731557.29412861
2019-02-05,9.42179,9.53053,9.41173,9.50135,381527.09055577
2019-02-06,9.50682,9.56162,9.44555,9.52506,557699.16055867
2019-02-07,9.35324,9.4766,9.19877,9.33953,1373625.9686189
2019-02-08,9.30936,9.44464,9.24264,9.42179,584140.397302
2019-02-11,9.42728,9.60734,9.39529,9.45289,483829.33832794
2019-02-12,9.51315,9.53148,9.42179,9.45289,691783.84491614
2019-02-13,9.4766,9.5379,9.43276,9.43824,365222.31766658
2019-02-14,9.43276,9.49398,9.42179,9.42179,579697.42053873
2019-02-15,9.43824,9.52506,9.41447,9.42728,429139.47808608
2019-02-19,9.41447,9.47027,9.40534,9.43276,565133.29675823
2019-02-20,9.42179,9.51315,9.42179,9.4766,654656.92630953
2019-02-21,9.47027,9.57805,9.4611,9.55066,526874.02628017
2019-02-22,9.56162,9.7161,9.55066,9.69865,567994.26308081
2019-02-25,9.73539,9.75536,9.50682,9.61282,606604.72674799
2019-02-26,9.60734,9.63021,9.52052,9.55066,424209.64472108
2019-02-27,9.57447,9.68414,9.4766,9.4766,588674.18102693
2019-02-28,9.50135,9.58174,9.42728,9.42728,418672.60817862
2019-03-01,9.45836,9.53053,9.32307,9.32307,1030758.5744203
2019-03-04,9.35324,9.51315,9.35324,9.48944,677599.35987903
2019-03-05,9.47027,9.52506,9.38431,9.4766,775216.84367672
2019-03-06,9.51315,9.51315,9.4355,9.44555,666233.17283308
2019-03-07,9.42179,9.4611,9.37152,9.42179,680868.41049922
2019-03-08,9.41447,9.50682,9.38431,9.4766,454899.11558697
2019-03-11,9.4766,9.58722,9.45836,9.57447,361592.22731925
2019-03-12,9.56899,9.61651,9.52052,9.58722,455800.62084502
2019-03-13,9.59175,9.63021,9.55614,9.61651,429501.61187299
2019-03-14,9.61282,9.70515,9.61282,9.65939,831947.12540676
2019-03-15,9.66676,9.69142,9.64759,9.67404,770187.45087182
2019-03-18,9.66676,9.78376,9.66308,9.77737,724185.51933647
2019-03-19,9.80751,9.8331,9.72347,9.75362,1328107.6115059
2019-03-20,9.78464,9.79191,9.63294,9.65854,859920.04584094
2019-03-21,9.65212,9.70786,9.65212,9.70331,815845.8476365
2019-03-22,9.69594,9.70786,9.56256,9.58353,1358363.8346993
2019-03-25,9.57532,9.67677,9.55709,9.58353,579753.21758746
2019-03-26,9.5927,9.70786,9.57994,9.67677,495427.46604707
2019-03-27,9.70331,9.70331,9.62652,9.63294,270663.82501148
2019-03-28,9.6457,9.67677,9.61924,9.66308,347833.33153623
2019-03-29,9.69594,9.7225,9.57532,9.58902,540839.69936145
2019-04-01,9.65212,9.69594,9.63294,9.65212,397881.09613501
2019-04-02,9.65212,9.69594,9.57532,9.63937,330251.79088474
2019-04-03,9.67677,9.71426,9.62652,9.63937,353822.21476749
2019-04-04,9.6457,9.6713,9.62652,9.63937,424459.09035073
2019-04-05,9.65854,9.68141,9.63294,9.65212,562334.69184308
2019-04-08,9.6457,9.77271,9.6457,9.69594,1028434.7914493
2019-04-09,9.68963,9.68963,9.60913,9.63294,366752.90729767
2019-04-10,9.63294,9.68499,9.62652,9.6457,259442.05385639
2019-04-11,9.6713,9.72802,9.65212,9.67677,210534.29954752
2019-04-12,9.68225,9.71426,9.61376,9.68963,374436.48912687
2019-04-15,9.69594,9.70786,9.63294,9.6713,332519.77680699
2019-04-16,9.68963,9.75807,9.67677,9.73442,395373.51112113
2019-04-17,9.73898,9.75807,9.67952,9.71426,320851.629262
2019-04-18,9.7225,9.7225,9.64295,9.68225,239530.16587524
2019-04-22,9.66308,9.73898,9.65854,9.7225,343565.40433764
2019-04-23,9.7225,9.80383,9.69594,9.79191,231728.42558987
2019-04-24,9.80383,9.92452,9.77824,9.86509,707467.19185075
2019-04-25,9.87973,9.89805,9.76903,9.82942,315675.63244668
2019-04-26,9.84231,9.91812,9.80383,9.90435,299689.23095324
2019-04-29,9.86509,9.97201,9.86509,9.92452,322717.00118551
2019-04-30,9.86509,9.92452,9.80383,9.89805,333638.9999611
2019-05-01,9.89805,9.95011,9.85501,9.86151,300369.73613588
2019-05-02,9.83398,9.93731,9.81672,9.92452,233930.76792537
2019-05-03,9.92452,10.025,9.89156,10.0067,391350.65331306
2019-05-06,9.89156,10.0762,9.84774,10.0562,404749.60342873
2019-05-07,10.0388,10.0562,9.95747,10.0205,327629.32959405
2019-05-08,9.99305,10.0634,9.90164,10.0205,299938.67658289
2019-05-09,9.98113,9.98762,9.86509,9.98113,388019.24128544
2019-05-10,9.96019,10.0205,9.92452,9.99305,381714.17477801
2019-05-13,9.92452,9.92452,9.72802,9.75362,625614.0154113
2019-05-14,9.76544,9.93731,9.75807,9.86509,376663.99483729
2019-05-15,9.82942,9.94652,9.82302,9.93731,298481.38895701
2019-05-16,9.88787,10.0067,9.84774,9.96019,350103.50557804
2019-05-17,9.92452,10.1009,9.87973,10.0498,768678.74243631
2019-05-20,10.0205,10.1211,9.97386,10.0205,531902.32502529
2019-05-21,10.0296,10.1256,10.0067,10.089,501920.71083653
2019-05-22,10.1155,10.1328,10.0461,10.1211,417674.82566002
2019-05-23,10.1009,10.1328,10.0388,10.1328,487841.25553821
2019-05-24,10.1328,10.1576,10.0498,10.152,470250.96240849
2019-05-28,10.1328,10.2097,10.1128,10.1713,411496.67008696
2019-05-29,10.1211,10.152,10.0634,10.0826,492270.00952435
2019-05-30,10.1072,10.1466,10.0634,10.1009,316719.36547602
2019-05-31,10.0634,10.0707,9.82942,9.83398,989207.27806669
2019-06-03,9.83398,10.0003,9.83398,9.94361,961550.54090869
2019-06-04,9.99305,10.1256,9.94361,10.0826,516496.8692746
2019-06-05,10.0762,10.1393,10.0762,10.1328,502832.06263258
2019-06-06,10.1072,10.1841,10.1072,10.1576,420432.95036334
2019-06-07,10.1649,10.2178,10.1393,10.2024,405337.11353016
2019-06-10,10.2097,10.2535,10.1776,10.2097,619994.92438541
2019-06-11,10.2024,10.2728,10.1841,10.2343,512691.7293626
2019-06-12,10.228,10.2599,10.1649,10.2599,434082.44016843
2019-06-13,10.2599,10.4136,10.2599,10.3668,680565.35594039
2019-06-14,10.3668,10.387,10.2855,10.3184,468233.51617567
2019-06-17,10.3486,10.3742,10.2654,10.3221,592937.73198641
2019-06-18,10.355,10.4611,10.3432,10.4136,920852.61118282
2019-06-19,10.4583,10.493,10.386,10.4308,873758.80798785
2019-06-20,10.4703,10.4894,10.2619,10.3011,606809.3159267
2019-06-21,10.2755,10.4245,10.2718,10.3724,448972.59376313
2019-06-24,10.4181,10.4703,10.2937,10.3011,419635.38078432
2019-06-25,10.3011,10.3322,10.2032,10.2032,410827.1055021
2019-06-26,10.1905,10.2353,10.0927,10.0982,588019.93327899
2019-06-27,10.1247,10.2224,10.0799,10.164,537750.07454503
2019-06-28,10.1841,10.3212,10.1841,10.2892,421802.71320688
2019-07-01,10.333,10.398,10.2892,10.3066,342523.85942786
2019-07-02,10.3257,10.4591,10.3257,10.3724,523645.45587179
2019-07-03,10.4308,10.5589,10.4308,10.5406,386210.76047046
2019-07-05,10.5406,10.567,10.4693,10.4848,543068.29913164
2019-07-08,10.4848,10.6155,10.4775,10.5881,658284.82853731
2019-07-09,10.5881,10.653,10.5497,10.6256,786356.56034838
2019-07-10,10.6804,10.7306,10.653,10.7197,472197.29475566
2019-07-11,10.706,10.7197,10.6402,10.6648,538792.71351459
2019-07-12,10.6648,10.6924,10.589,10.6466,532643.0034958
2019-07-15,10.6466,10.706,10.6374,10.6968,307988.76843813
2019-07-16,10.6968,10.7746,10.653,10.6594,415085.18616269
2019-07-17,10.6712,10.7014,10.568,10.5936,300026.20136523
2019-07-18,10.5881,10.6329,10.5497,10.62,441515.48230822
2019-07-19,10.653,10.6968,10.6155,10.6402,247026.66348221
2019-07-22,10.6402,10.6411,10.5862,10.62,198931.79558927
2019-07-23,10.62,10.7234,10.6081,10.7115,291563.64897323
2019-07-24,10.8029,10.8093,10.6868,10.8029,313753.36941464
2019-07-25,10.8157,10.8285,10.7535,10.7618,344888.12261067
2019-07-26,10.7508,10.8222,10.7508,10.7572,582269.55507959
2019-07-29,10.7709,10.8065,10.6804,10.6924,365656.65939892
2019-07-30,10.6804,10.8376,10.6301,10.8222,497906.60550671
2019-07-31,10.8222,10.8285,10.6037,10.6466,531831.21113965
2019-08-01,10.653,10.6786,10.5086,10.5497,645717.36385383
2019-08-02,10.5497,10.5533,10.4703,10.536,572202.01699154
2019-08-05,10.4848,10.5168,10.2818,10.3212,812093.2225939
2019-08-06,10.398,10.504,10.3797,10.4703,579420.6234146
2019-08-07,10.2224,10.504,10.164,10.4894,1022774.1261518
2019-08-08,10.4894,10.6402,10.386,10.6329,955136.06842334
2019-08-09,10.6329,10.6566,10.536,10.536,408543.80274294
2019-08-12,10.504,10.536,10.398,10.4136,532435.13213775
2019-08-13,10.4372,10.6081,10.4372,10.5497,424522.54581793
2019-08-14,10.4628,10.4894,10.333,10.3532,587076.85374933
2019-08-15,10.398,10.4775,10.2937,10.3066,611336.53529295
2019-08-16,10.3532,10.504,10.3532,10.4519,529135.44784374
2019-08-19,10.5158,10.6466,10.4894,10.62,594180.58389557
2019-08-20,10.6155,10.6804,10.5744,10.5881,425834.32349316
2019-08-21,10.6466,10.7197,10.62,10.6648,374873.01897877
2019-08-22,10.6924,10.7197,10.5826,10.62,300363.17177722
2019-08-23,10.6329,10.6374,10.4894,10.5406,449347.8562674
2019-08-26,10.5936,10.6329,10.568,10.6155,299301.93379141
2019-08-27,10.62,10.6466,10.5232,10.5606,404118.33093614
2019-08-28,10.5497,10.5936,10.4703,10.5826,291119.46070288
2019-08-29,10.6256,10.6868,10.6081,10.6804,227902.49854207
2019-08-30,10.7197,10.7197,10.5881,10.6466,317184.34088217
2019-09-03,10.6155,10.6402,10.5606,10.6256,403383.12276454
2019-09-04,10.6968,10.7234,10.6402,10.6594,372231.95867182
2019-09-05,10.7115,10.7306,10.6648,10.6804,324909.49698299
2019-09-06,10.6804,10.6868,10.6329,10.6466,217401.71278145
2019-09-09,10.6868,10.8285,10.6804,10.8285,399993.72556862
2019-09-10,10.8285,10.9318,10.7956,10.9199,425992.96216115
2019-09-11,10.9007,10.9527,10.8093,10.9527,355550.8292186
2019-09-12,10.9455,10.9802,10.8925,10.9264,350315.75317521
2019-09-13,10.9527,11.0698,10.9527,11.0561,580575.95054141
2019-09-16,11.0113,11.0698,10.8815,10.9455,595968.27757476
2019-09-17,10.9592,11.036,10.855,11.0286,674790.90842586
2019-09-18,10.9975,11.0561,10.9793,11.0186,616966.56691663
2019-09-19,11.0634,11.1419,10.9373,10.9692,620918.31083906
2019-09-20,10.9838,11.1082,10.9692,11.0853,605883.74135351
2019-09-23,11.0369,11.0853,10.9921,11.003,453979.01131268
2019-09-24,11.0853,11.1246,10.8906,10.9035,571497.44249375
2019-09-25,10.9172,10.9519,10.8367,10.9172,301513.02860514
2019-09-26,10.9172,10.9739,10.9035,10.9373,324070.35313236
2019-09-27,10.9254,10.9838,10.8175,10.8331,312477.69571212
2019-09-30,10.876,10.9373,10.7562,10.7618,355104.4528287
2019-10-01,10.7618,10.8229,10.6165,10.6365,481234.22853172
2019-10-02,10.5762,10.5944,10.1548,10.3166,1054702.0726878
2019-10-03,10.302,10.4611,10.2224,10.2499,662595.42406729
2019-10-04,10.2499,10.3422,10.2499,10.3422,528351.00698206
2019-10-07,10.3751,10.4537,10.2937,10.4501,591751.77118578
2019-10-08,10.4218,10.4611,10.3074,10.3074,516712.3990511
2019-10-09,10.3486,10.4683,10.3486,10.4153,491091.70714217
2019-10-10,10.4345,10.5232,10.4153,10.4153,424457.99629096
2019-10-11,10.5031,10.5506,10.4153,10.4218,603678.11683867
2019-10-14,10.4016,10.4455,10.3486,10.3486,296944.23496726
2019-10-15,10.355,10.4949,10.355,10.4153,382144.14027123
2019-10-16,10.4291,10.4757,10.4153,10.4218,491538.08353206
2019-10-17,10.4683,10.5506,10.4291,10.5232,361219.15293455
2019-10-18,10.5232,10.6292,10.5232,10.589,368653.28913411
2019-10-21,10.6165,10.8697,10.6165,10.7434,1007555.7546234
2019-10-22,10.7618,10.8229,10.7197,10.7362,375557.90040054
2019-10-23,10.7434,10.7791,10.6841,10.6941,456562.08645134
2019-10-24,10.7289,10.7498,10.6228,10.7096,459917.5677941
2019-10-25,10.7225,10.7362,10.6018,10.6292,466438.16407803
2019-10-28,10.7033,10.8229,10.6631,10.6941,443269.26013424
2019-10-29,10.6841,10.6941,10.6018,10.6503,408318.42642843
2019-10-30,10.6566,10.6566,10.5944,10.6192,348595.89120233
2019-10-31,10.6228,10.6503,10.568,10.6018,328170.88918474
2019-11-01,10.6228,10.6566,10.611,10.6365,1051049.0070851
2019-11-04,10.6904,10.7434,10.6503,10.6767,801263.12483976
2019-11-05,10.7562,10.9373,10.6365,10.6631,548086.75133877
2019-11-06,10.8504,11.184,10.7225,11.1448,2498740.6346352
2019-11-07,11.163,11.163,10.8925,10.9254,946594.74372725
2019-11-08,10.8906,11.0579,10.8906,10.9436,530271.08189453
2019-11-11,10.9436,11.0451,10.8906,10.9299,659025.50700781
2019-11-12,10.9299,10.9921,10.897,10.9838,618702.8397862
2019-11-13,10.9629,11.0515,10.876,10.9254,621720.2566572
2019-11-14,10.9692,11.0269,10.9299,10.9838,663456.44911351
2019-11-15,11.0369,11.0716,10.9692,10.9774,610145.10419343
2019-11-18,10.9975,11.0515,10.9629,10.9975,430848.39946118
2019-11-19,11.0369,11.0716,11.003,11.0113,557254.97228832
2019-11-20,11.0186,11.1045,11.0113,11.0917,755855.26776451
2019-11-21,11.0853,11.1045,10.8842,11.003,757105.77809211
2019-11-22,11.003,11.0333,10.876,10.9436,596502.17874699
2019-11-25,10.9629,11.0917,10.9629,11.0781,552807.61928595
2019-11-26,11.0716,11.1109,11.0569,11.0917,464972.12397392
2019-11-27,11.1045,11.2517,11.0634,11.2517,699174.21872453
2019-11-29,11.259,11.3056,11.2325,11.2909,382064.27390735
2019-12-02,11.3385,11.3385,11.2251,11.2517,612921.82791299
2019-12-03,11.2051,11.2636,11.1246,11.2517,631742.9382943
2019-12-04,11.2517,11.3988,11.2517,11.3659,634685.9591003
2019-12-05,11.3705,11.3988,11.2855,11.3257,682239.26740255
2019-12-06,11.3924,11.472,11.3659,11.4528,1052744.7997428
2019-12-09,11.4984,11.5204,11.4793,11.493,911895.54377064
2019-12-10,11.4793,11.5268,11.4655,11.4857,1141377.8646339
2019-12-11,11.5049,11.5122,11.4044,11.4793,593048.23202412
2019-12-12,11.5314,11.6529,11.5122,11.5926,662310.9685247
2019-12-13,11.6391,11.747,11.6063,11.7334,656337.40213036
2019-12-16,11.7854,12.0413,11.7727,11.9783,1554881.0403558
2019-12-17,11.981,12.2608,11.981,12.1611,1920261.9966905
2019-12-18,12.1812,12.215,12.0889,12.1081,1362216.0191817
2019-12-19,12.0606,12.1867,11.9975,12.0881,1213082.5425615
2019-12-20,12.1008,12.1356,12.0058,12.045,1764964.5872743
2019-12-23,12.045,12.0752,11.9975,12.0606,604614.63200964
2019-12-24,12.066,12.0935,12.0396,12.0881,300690.2956512
2019-12-26,12.0881,12.0935,11.9838,12.066,526188.05079861
2019-12-27,12.0524,12.0752,11.9975,12.0149,522212.23756106
2019-12-30,12.0186,12.0524,11.9363,12.0058,774200.46214186
2019-12-31,11.9838,12.0323,11.961,11.9783,626029.7581274
2020-01-02,11.9911,12.1283,11.9701,12.0935,643587.22946375
2020-01-03,12.1283,12.1666,12.0122,12.066,744904.82343466
2020-01-06,12.0752,12.0881,12.0122,12.0396,747357.70545958
2020-01-07,12.0396,12.1283,12.0396,12.0396,697967.47078809
2020-01-08,12.045,12.0788,11.9783,11.9975,750696.77590566
2020-01-09,12.0058,12.0606,11.9427,11.9975,771844.95143729
2020-01-10,12.0122,12.0524,11.9701,11.9701,472110.8640331
2020-01-13,11.9701,12.1008,11.9701,12.045,813659.9161977
2020-01-14,12.0788,12.142,12.0524,12.0788,934763.58127515
2020-01-15,12.045,12.1108,12.045,12.0881,714859.7537787
2020-01-16,12.1008,12.1145,12.0258,12.0569,791936.26522221
2020-01-17,12.0752,12.1008,12.0122,12.0396,662611.83496398
2020-01-21,12.0396,12.045,11.9838,11.9938,846930.27408269
2020-01-22,12.0058,12.1356,12.0058,12.0881,667019.80181431
2020-01-23,12.0881,12.142,12.0396,12.1081,367890.72946802
2020-01-24,12.1283,12.1283,12.0058,12.0524,389721.59830186
2020-01-27,12.0122,12.1081,11.8943,11.9025,632319.50779794
2020-01-28,11.9637,12.0881,11.9226,12.0396,464356.16831824
2020-01-29,12.0396,12.0917,12.0359,12.045,502949.12702896
2020-01-30,12.0396,12.1008,12.0058,12.0396,807548.49827118
2020-01-31,12.0186,12.0606,11.8403,11.8468,719023.74529827
2020-02-03,11.8266,11.9573,11.4921,11.9299,1062667.92194
2020-02-04,11.9975,12.0323,11.8741,11.9427,628831.64522188
2020-02-05,12.066,12.1283,11.8129,11.8943,1084579.7511975
2020-02-06,11.8202,11.8266,11.6063,11.7453,1296860.1701526
2020-02-07,11.7032,11.7717,11.6264,11.6894,1140096.7206324
2020-02-10,11.6822,11.6958,11.6347,11.6894,622817.59861572
2020-02-11,11.6894,11.7306,11.6612,11.7032,611089.27778286
2020-02-12,11.7507,11.7654,11.6612,11.6612,578037.7318537
2020-02-13,11.6758,11.8266,11.6547,11.8266,695467.54419266
2020-02-14,11.833,11.8458,11.7105,11.7717,624818.63395184
2020-02-18,11.7507,11.8577,11.737,11.8403,663545.06795562
2020-02-19,11.833,11.8403,11.5936,11.6264,1457441.8883021
2020-02-20,11.6612,11.8741,11.6547,11.8129,777593.14151711
2020-02-21,11.7928,11.8504,11.7105,11.7845,509110.87170533
2020-02-24,11.5936,11.737,11.5533,11.6347,1036136.9722948
2020-02-25,11.6612,11.7306,11.0525,11.1758,1575579.5573181
2020-02-26,11.1539,11.4354,11.0798,11.2498,938449.46867122
2020-02-27,10.961,11.1831,10.7352,10.7352,1797168.2368747
2020-02-28,10.5287,10.6256,10.3102,10.4547,2803804.9812834
2020-03-02,10.4335,10.8458,10.3797,10.8385,1759715.2884539
2020-03-03,10.9217,11.0579,10.6402,10.7618,1721496.4981875
2020-03-04,10.949,11.0716,10.7279,10.961,958742.08945554
2020-03-05,10.7709,10.9144,10.6914,10.7498,790203.274532
2020-03-06,10.5972,10.6192,10.3057,10.5232,2128102.7210615
2020-03-09,9.96746,9.98849,8.96568,8.96568,3400765.571078
2020-03-10,9.27463,9.46016,8.91815,9.27463,1234407.9557775
2020-03-11,9.00042,9.07538,8.47568,8.63674,2594194.0681896
2020-03-12,7.81429,7.81429,7.21652,7.40856,3408300.3607772
2020-03-13,7.93659,8.12926,7.25791,7.67581,2786133.7277301
2020-03-16,6.83245,7.32638,6.35231,6.8669,2287847.48348
2020-03-17,6.93545,7.26853,6.70209,6.93545,3150782.7580724
2020-03-18,6.58556,6.71581,6.01622,6.22873,2714439.9904001
2020-03-19,6.10606,6.2216,3.75308,5.61532,3558793.7537029
2020-03-20,5.65864,6.24344,5.49275,5.59366,1631320.8090078
2020-03-23,5.52867,5.53955,4.34528,4.48943,1816058.2730221
2020-03-24,4.64819,5.25063,4.64819,4.69143,1836008.4530954
2020-03-25,4.80696,6.40203,4.79974,5.51423,2496224.297143
2020-03-26,5.56478,6.71234,5.56478,6.27936,2229981.5676992
2020-03-27,6.01951,6.05314,5.60088,5.6081,1862320.5907849
2020-03-30,5.6081,5.62977,5.18527,5.21105,1304876.3461547
2020-03-31,5.16069,5.23281,4.71299,4.87204,1847757.5610641
2020-04-01,4.74207,4.7491,4.33047,4.33788,1359535.5727227
2020-04-02,4.31604,4.56511,4.04548,4.35936,1491683.771271
2020-04-03,4.33047,4.35442,3.78919,3.91917,1462715.2564378
2020-04-06,4.27289,4.67699,4.20068,4.32343,1824540.51849
2020-04-07,4.64088,5.0308,4.52544,4.63375,2106334.2136352
2020-04-08,4.77808,5.46003,4.66264,5.30501,1824867.642364
2020-04-09,5.57921,7.14147,5.57921,6.91443,4834600.9315247
2020-04-13,6.88555,7.05153,5.81733,6.3226,3312759.4024404
2020-04-14,6.45266,6.4959,6.07079,6.24344,1301152.1666664
2020-04-15,5.99054,6.00516,5.65864,5.83908,1410819.624872
2020-04-16,5.76696,5.82016,5.39878,5.55034,1373383.0873478
2020-04-17,5.89676,5.95453,5.572,5.68744,1141517.9042857
2020-04-20,5.54311,5.71651,5.29761,5.44577,994048.49258958
2020-04-21,5.2689,5.47091,5.1966,5.32667,578690.88554188
2020-04-22,5.44942,5.51423,5.16069,5.27613,716619.00190362
2020-04-23,5.34102,5.47822,5.23281,5.40602,678958.18212477
2020-04-24,5.39878,5.8463,5.34102,5.81723,643753.52655018
2020-04-27,5.91842,6.35139,5.91119,6.28668,1174062.9005369
2020-04-28,6.42369,6.64735,6.01228,6.02672,1363667.8365088
2020-04-29,6.15661,6.63291,6.14939,6.58254,924074.61723251
2020-04-30,6.52469,6.52469,6.18549,6.35861,606957.01399689
2020-05-01,6.22873,6.23604,6.03386,6.17114,495889.15927389
2020-05-04,6.1206,6.1206,5.62263,5.84274,1001458.559474
2020-05-05,5.91842,6.1206,5.66578,5.74521,977004.13528967
2020-05-06,5.72354,6.05552,5.68013,5.99054,706186.04784933
2020-05-07,6.09162,6.3226,6.03038,6.16383,825018.4448252
2020-05-08,6.30816,6.40203,6.2216,6.33714,452306.19391031
2020-05-11,6.31537,6.35139,6.10606,6.22873,394691.91187869
2020-05-12,6.2216,6.28668,5.94721,5.97627,422989.76806729
2020-05-13,5.96174,6.10606,5.57127,5.78122,760224.94252257
2020-05-14,5.62263,5.93285,5.37713,5.8824,625121.68851068
2020-05-15,5.86796,6.04839,5.76696,5.91842,412684.81900715
2020-05-18,6.20715,6.48859,5.97627,6.38046,2044160.9845037
2020-05-19,6.45979,6.48859,6.22873,6.3226,715319.25888596
2020-05-20,6.38046,6.62569,6.38046,6.597,910827.74142617
2020-05-21,7.03718,7.60762,7.03718,7.18891,2682119.2764035
2020-05-22,6.95776,7.13827,6.68354,6.835,1904708.8428695
2020-05-26,7.10226,7.26853,7.02996,7.16706,1427683.4623084
2020-05-27,7.47711,7.49722,7.1986,7.44127,1211170.1260676
2020-05-28,7.57884,7.57884,7.24677,7.27529,1609613.5689291
2020-05-29,7.21743,7.33315,7.02996,7.28954,957679.75740995
2020-06-01,7.33315,7.57098,7.3294,7.49182,648909.83028948
2020-06-02,7.62938,7.63651,7.36998,7.51358,896154.21166774
2020-06-03,7.57884,7.85286,7.57884,7.79199,1153805.2896655
2020-06-04,7.81758,7.98184,7.69336,7.90295,926211.31598127
2020-06-05,8.29972,8.61809,8.15714,8.22807,1252293.6450476
2020-06-08,8.55227,8.61809,8.43729,8.58161,1147696.0598586
2020-06-09,8.57357,8.57357,8.18492,8.44415,872899.97106119
2020-06-10,8.40877,8.43729,7.85286,8.07625,1113994.6424207
2020-06-11,7.86026,7.86776,7.25344,7.3548,1670659.916488
2020-06-12,7.80194,7.98184,7.5431,7.81758,1036454.2496308
2020-06-15,7.66539,8.16966,7.48478,8.01154,1202490.9498393
2020-06-16,8.4882,8.55667,8.07205,8.22807,1626988.3322823
2020-06-17,8.12259,8.26179,7.76228,7.87434,1128227.2660881
2020-06-18,7.65745,7.97936,7.59666,7.71759,947937.15507631
2020-06-19,7.82992,7.82992,7.44677,7.58971,1619431.6613875
2020-06-22,7.46934,7.46934,7.22876,7.35646,788963.70480217
2020-06-23,7.46934,7.47628,7.31139,7.34138,519747.32087856
2020-06-24,7.24376,7.28124,6.77778,7.13105,1000153.3461574
2020-06-25,7.01077,7.3039,6.98828,7.2061,625738.73822614
2020-06-26,7.16112,7.2071,6.86799,6.97321,445816.23130018
2020-06-29,7.07831,7.22127,6.94323,7.09714,500234.76471681
2020-06-30,7.02576,7.26624,7.02576,7.19119,496109.06528951
2020-07-01,7.16112,7.31212,7.01835,7.08599,543492.79432597
2020-07-02,7.2061,7.45453,7.13846,7.15354,573391.25997151
2020-07-06,7.36404,7.44677,7.15354,7.24376,586335.08121904
2020-07-07,7.16862,7.2061,6.85302,6.91316,688940.38355005
2020-07-08,7.05592,7.07831,6.89798,7.04083,541888.90268968
2020-07-09,6.99578,7.0445,6.78537,6.78537,837049.82021687
2020-07-10,6.82294,6.92064,6.77038,6.91316,584711.49650673
2020-07-13,7.01077,7.05592,6.84944,6.91316,572956.91823918
2020-07-14,6.8606,7.02576,6.84459,6.99578,458370.56726633
2020-07-15,7.06342,7.21359,7.06342,7.2061,406432.26736912
2020-07-16,7.19119,7.35646,7.14595,7.24376,650573.89521362
2020-07-17,7.22876,7.28872,7.12347,7.17602,339774.48720276
2020-07-20,7.10847,7.14595,6.97321,7.04083,379085.14912863
2020-07-21,7.06342,7.1986,7.03335,7.17602,377693.50508951
2020-07-22,7.10847,7.27373,7.10098,7.25875,802124.14988599
2020-07-23,7.22876,7.34138,7.1986,7.30016,348972.24776637
2020-07-24,7.32638,7.37136,7.15354,7.18361,423148.40673527
2020-07-27,7.17602,7.18361,6.99962,7.07831,402417.06797951
2020-07-28,7.07091,7.26624,7.04075,7.16862,541299.20446871
2020-07-29,7.18361,7.34512,7.10098,7.29631,615788.26453445
2020-07-30,7.13846,7.14595,6.95063,7.10847,845388.74385382
2020-07-31,7.0934,7.24376,6.99578,7.11598,524249.37686989
2020-08-03,7.10847,7.24376,7.04083,7.13846,608663.74725242
2020-08-04,7.16862,7.29256,7.08599,7.23626,532764.44413128
2020-08-05,7.38606,7.42428,7.28872,7.42035,551294.53461134
2020-08-06,7.37903,7.46148,7.29631,7.32638,433405.21716513
2020-08-07,7.10847,7.24376,6.65759,7.22876,1707643.5132635
2020-08-10,7.25124,7.52208,7.18361,7.45453,857273.5152351
2020-08-11,7.55946,7.81512,7.39402,7.41641,667197.03949855
2020-08-12,7.51431,7.56869,7.3039,7.36404,422610.12932391
2020-08-13,7.32638,7.46541,7.27373,7.28872,336076.56514912
2020-08-14,7.22876,7.42428,7.1986,7.34878,307966.88724254
2020-08-17,7.32638,7.32638,7.10098,7.21359,581154.7081646
2020-08-18,7.24376,7.24376,6.99194,7.01077,680836.68276563
2020-08-19,6.98828,7.05592,6.91316,6.92805,425359.501549
2020-08-20,6.8754,6.95063,6.84542,6.89798,406863.32692211
2020-08-21,6.86799,6.89798,6.74022,6.77778,785287.66394412
2020-08-24,6.80045,7.07091,6.77403,7.06342,758169.20419748
2020-08-25,7.08599,7.10098,6.89057,6.96571,426455.74944775
2020-08-26,6.94323,6.96571,6.72514,6.77778,633142.24075187
2020-08-27,6.74022,6.90191,6.74022,6.82294,617610.96812658
2020-08-28,6.88309,6.91316,6.77038,6.89798,616143.83396269
2020-08-31,6.85302,6.90557,6.77778,6.80785,301625.7167624
2020-09-01,6.78537,6.80045,6.72514,6.80045,602581.86893992
2020-09-02,6.80785,6.8606,6.66527,6.82294,621909.52899898
2020-09-03,6.82294,6.95811,6.68766,6.70266,464024.66820515
2020-09-04,6.71773,6.82294,6.55238,6.66527,574332.15138161
2020-09-08,6.61253,6.70266,6.48474,6.64251,579053.01932879
2020-09-09,6.68766,6.73281,6.62751,6.68016,465300.34190767
2020-09-10,6.72514,6.81325,6.69525,6.74022,402328.4491374
2020-09-11,6.80045,6.89057,6.77778,6.86799,339734.00699094
2020-09-14,6.84542,7.02576,6.84542,6.95811,517345.85966325
2020-09-15,7.02576,7.0934,6.98828,7.04083,604085.10707652
2020-09-16,7.06342,7.29631,7.05062,7.07831,862910.11121746
2020-09-17,7.10098,7.12347,7.02576,7.05592,687549.83357071
2020-09-18,7.05592,7.07137,6.87732,6.90831,1272208.815208
2020-09-21,6.76827,6.81489,6.69854,6.77623,701364.52640247
2020-09-22,6.77623,6.85392,6.63621,6.69854,643303.86798093
2020-09-23,6.67514,6.75283,6.4108,6.42643,661033.10670261
2020-09-24,6.40322,6.44196,6.20112,6.22444,861432.03645578
2020-09-25,6.20112,6.39142,6.17781,6.36419,614953.49692293
2020-09-28,6.47305,6.73336,6.44196,6.64407,781248.39523937
2020-09-29,6.61298,6.62067,6.4108,6.42643,507384.44537378
2020-09-30,6.46536,6.55074,6.41876,6.42643,518393.96893171
2020-10-01,6.45742,6.52734,6.38758,6.50403,410393.85782954
2020-10-02,6.37982,6.72175,6.37982,6.69854,456885.92814597
2020-10-05,6.72175,6.90831,6.69167,6.82275,483065.68460207
2020-10-06,6.85392,6.89276,6.6596,6.69068,361082.39546216
2020-10-07,6.80731,6.86159,6.61298,6.6596,583273.90195688
2020-10-08,6.66737,6.78391,6.66344,6.78391,537536.73288809
2020-10-09,6.79945,6.79945,6.54297,6.5585,429248.88406401
2020-10-12,6.5585,6.56637,6.44196,6.46536,447009.85051928
2020-10-13,6.45742,6.47305,6.32535,6.37205,327592.13156155
2020-10-14,6.34874,6.54297,6.33329,6.39526,249963.11992954
2020-10-15,6.33329,6.48859,6.30989,6.47305,225237.36891997
2020-10-16,6.44983,6.50403,6.37213,6.47305,343100.42893149
2020-10-19,6.46536,6.46536,6.30989,6.31766,293795.53092278
2020-10-20,6.31766,6.4342,6.31766,6.3566,237230.45221939
2020-10-21,6.32535,6.4108,6.25542,6.34097,365052.73840081
2020-10-22,6.30989,6.4108,6.27104,6.37205,234800.54544982
2020-10-23,6.44196,6.48859,6.38292,6.46536,315163.61247001
2020-10-26,6.40322,6.52358,6.23211,6.29417,460649.49378636
2020-10-27,6.30212,6.33329,6.20112,6.20889,445909.22638142
2020-10-28,6.14664,6.1961,5.86687,5.86687,717854.19539432
2020-10-29,5.85142,6.0068,5.75033,5.9058,456533.64089707
2020-10-30,5.84365,5.9058,5.69603,5.88249,606775.40007353
2020-11-02,5.93679,6.10004,5.92189,5.99903,461827.79616855
2020-11-03,6.06119,6.1079,5.95242,6.06119,774120.59577799
2020-11-04,5.89803,6.19335,5.85142,6.17781,542193.0513083
2020-11-05,6.20889,6.46536,6.16218,6.40322,679425.34565049
2020-11-06,6.52734,6.76068,6.45742,6.6596,843662.31752227
2020-11-09,6.98591,7.19568,6.72961,7.10253,1403652.4392585
2020-11-10,7.1646,7.45992,7.15684,7.44438,1191302.0004775
2020-11-11,7.52208,7.61577,7.43662,7.54548,675278.85908737
2020-11-12,7.49876,7.63102,7.39,7.47546,434973.00482869
2020-11-13,7.49876,7.77033,7.49876,7.73989,786855.45160769
2020-11-16,7.77033,8.09736,7.76722,8.06611,851965.13718649
2020-11-17,7.89555,8.11245,7.7632,8.01154,618590.15162895
2020-11-18,8.01154,8.36554,8.00313,8.08136,594783.4108339
2020-11-19,8.19078,8.40009,8.15869,8.36115,590687.25102064
2020-11-20,8.40009,8.40009,8.08886,8.22203,578925.01433463
2020-11-23,8.22972,8.57897,8.22972,8.43894,529296.27463127
2020-11-24,8.46947,8.74632,8.40009,8.64915,703394.00729285
2020-11-25,8.57897,8.66433,8.51663,8.61809,333655.41085778
2020-11-27,8.63234,8.74176,8.55574,8.63234,295624.79887356
2020-11-30,8.62604,8.63234,8.39223,8.43126,518270.34017666
2020-12-01,8.57897,8.73353,8.52558,8.5478,526486.72911832
2020-12-02,8.5478,8.71068,8.43894,8.65721,520409.22704496
2020-12-03,8.68874,8.86514,8.63234,8.75729,608968.9899308
2020-12-04,8.77283,9.00591,8.74176,8.98396,754116.80677538
2020-12-07,8.96751,9.01413,8.71068,8.90537,579781.66314173
2020-12-08,8.85875,8.9529,8.77283,8.82858,441912.62600806
2020-12-09,8.85143,8.89074,8.58692,8.73353,605044.59750287
2020-12-10,8.65721,8.73353,8.51663,8.71982,470177.66040328
2020-12-11,8.71982,8.7646,8.56379,8.75729,301993.32084821
2020-12-14,8.85143,8.99127,8.72713,8.73353,618244.42873872
2020-12-15,8.81213,8.96021,8.73353,8.86514,518820.65224559
2020-12-16,8.93552,9.09092,8.93552,9.02236,636106.04869368
2020-12-17,9.02967,9.30845,8.93552,9.30845,1179952.2243282
2020-12-18,9.25544,9.35781,8.73993,8.78929,1683698.9209363
2020-12-21,8.62073,8.78929,8.5478,8.67585,1164709.7834847
2020-12-22,8.64386,8.70794,8.44415,8.49972,615038.83358572
2020-12-23,8.62073,8.81304,8.60383,8.65721,728928.26847922
2020-12-24,8.63581,8.6924,8.49972,8.61187,276254.47048312
2020-12-28,8.64386,8.7646,8.45256,8.49259,872505.01548089
2020-12-29,8.48464,8.54596,8.33182,8.52468,628773.6600536
2020-12-30,8.53262,8.63581,8.43555,8.48464,680775.41541799
2020-12-31,8.44415,8.53262,8.38016,8.51224,653097.8911242
2021-01-04,8.52468,8.60383,8.33182,8.4606,509085.70833041
2021-01-05,8.48464,8.82127,8.48464,8.62073,1050114.6800336
2021-01-06,8.72439,8.93278,8.5647,8.73993,938894.75100134
2021-01-07,8.88525,9.06075,8.77192,8.92455,1019456.9369013
2021-01-08,9.06075,9.4227,8.96113,9.37243,1098591.3747895
2021-01-11,9.29382,9.35781,9.11742,9.20517,1021755.5564974
2021-01-12,9.30845,9.46753,9.18963,9.45468,644077.36824483
2021-01-13,9.47754,9.52695,9.4227,9.50957,579211.65799676
2021-01-14,9.53328,9.70699,9.49219,9.6457,832495.24935613
2021-01-15,9.57447,9.81391,9.55066,9.74169,554321.79802033
2021-01-19,9.92539,9.92539,9.5415,9.67677,715175.93705489
2021-01-20,9.67677,9.7984,9.62198,9.67044,427336.46756998
2021-01-21,9.79113,9.92539,9.73442,9.85501,412943.01711504
2021-01-22,9.73442,9.8934,9.66582,9.86151,451099.44597387
2021-01-25,9.81391,9.92539,9.71794,9.85501,435396.40596323
2021-01-26,9.91899,10.015,9.85501,9.93363,440855.76426136
2021-01-27,9.85501,9.99761,9.7984,9.85501,331164.23674058
2021-01-28,9.91075,9.96562,9.67677,9.78192,702118.33359032
2021-01-29,9.73811,9.97473,9.50957,9.69788,824728.51898371
2021-02-01,9.74993,9.85501,9.58996,9.82302,372288.84978034
2021-02-02,9.95098,10.3522,9.83766,10.1749,809328.53353191
2021-02-03,10.2069,10.3587,9.95098,10.2298,435974.06952664
2021-02-04,10.2554,10.6073,10.2069,10.4226,542452.34347597
2021-02-05,10.4153,11.1037,10.4153,10.856,1224947.6208668
2021-02-08,11.0167,11.0369,10.6483,10.759,633176.15660503
2021-02-09,10.6804,10.7672,10.6073,10.6941,474037.50330423
2021-02-10,10.8157,11.1037,10.7526,10.9436,501116.57689882
2021-02-11,10.856,11.2087,10.856,10.9601,528344.44262339
2021-02-12,10.9601,11.184,10.9601,11.12,284253.14152873
2021-02-16,11.1767,11.4126,10.9931,11.2087,602247.08664749
2021-02-17,11.2161,11.3248,11.0944,11.1923,288804.43021014
2021-02-18,11.1767,11.2242,10.9995,11.0306,408415.79774878
2021-02-19,11.0569,11.3202,11.0569,11.2965,467358.26835232
2021-02-22,11.2965,11.3604,11.089,11.1273,452651.91680053
2021-02-23,11.0488,11.0944,10.7352,11.0167,622621.76191524
2021-02-24,11.0167,11.2407,10.9931,11.1594,322387.68919197
2021-02-25,11.2636,11.2882,10.9436,10.9931,339934.21993053
2021-02-26,10.8952,11.2087,10.8952,11.0808,335927.77301915
2021-03-01,11.1448,11.4647,11.1448,11.2727,528557.78428033
2021-03-02,11.2965,11.5039,11.2636,11.3997,360691.81612098
2021-03-03,11.4647,11.6566,11.4491,11.4573,363544.02996533
2021-03-04,11.4573,11.5716,10.9995,11.2161,452390.4365133
2021-03-05,11.1356,11.2882,10.8394,11.2161,499108.97720403
2021-03-08,11.3285,11.4399,11.1456,11.4253,428991.78001589
2021-03-09,11.4253,11.6328,11.2965,11.3997,425915.28391683
2021-03-10,11.472,11.5597,11.3604,11.4647,357259.75059369
2021-03-11,11.4399,11.5232,11.3604,11.5039,446800.88510145
2021-03-12,11.6164,11.801,11.5213,11.5926,469728.00183404
2021-03-15,11.6164,11.9692,11.5844,11.9125,566621.21805792
2021-03-16,11.9692,11.9692,11.5451,11.8256,599138.86281482
2021-03-17,11.8256,11.961,11.7526,11.9289,1057444.8805542
2021-03-18,11.7324,11.9289,11.3815,11.4116,1079334.8286162
2021-03-19,11.5103,11.6172,11.2928,11.3549,1506461.2367085
2021-03-22,11.3303,11.4611,11.1575,11.2974,613847.40248618
2021-03-23,11.2151,11.2974,11.0094,11.0661,562534.90478267
2021-03-24,11.1831,11.3128,10.8779,10.9199,424948.13507203
2021-03-25,10.8697,11.2562,10.8458,11.1831,550763.91561843
2021-03-26,11.1977,11.3221,11.1246,11.2234,291155.56467559
2021-03-29,11.2398,11.4445,11.1064,11.1904,300765.78577596
2021-03-30,11.1977,11.3805,11.1977,11.3128,256988.07777168
2021-03-31,11.3788,11.4611,11.2636,11.2636,358979.61256656
2021-04-01,11.3128,11.4207,11.2727,11.3879,448067.80632575
2021-04-05,11.4024,11.6584,11.4024,11.5844,484317.28898945
2021-04-06,11.6172,11.6831,11.5432,11.6502,373073.29064201
2021-04-07,11.6831,11.8724,11.6091,11.7571,330949.80102386
2021-04-08,11.7571,11.7571,11.6128,11.6995,272135.33541449
2021-04-09,11.6995,11.8137,11.6584,11.7983,262853.33224788
2021-04-12,11.8468,11.896,11.7398,11.8385,257759.389916
2021-04-13,11.7983,11.8385,11.6255,11.642,289498.06411014
2021-04-14,11.642,11.7654,11.5387,11.6337,256686.11727262
2021-04-15,11.642,11.6913,11.5597,11.642,190446.26794192
2021-04-16,11.6913,11.8137,11.6913,11.7654,272789.58316244
2021-04-19,11.7983,11.8632,11.6913,11.6995,195936.25991386
2021-04-20,11.7068,11.8056,11.5058,11.5342,214108.59284611
2021-04-21,11.5342,11.8302,11.5012,11.8302,357316.6417022
2021-04-22,11.8385,11.8468,11.6172,11.642,239880.26500459
2021-04-23,11.7068,11.7809,11.6584,11.7324,207113.17461801
2021-04-26,11.7324,11.8468,11.7324,11.7727,158260.1232981
2021-04-27,11.7809,12.0112,11.7809,11.8888,237246.86311608
2021-04-28,11.9125,12.0112,11.8632,11.9372,144461.84136303
2021-04-29,12.0194,12.1263,11.9701,12.109,242088.07763897
2021-04-30,12.0606,12.0881,11.8796,11.9289,272389.15728326
2021-05-03,12.0277,12.0441,11.8724,11.9043,299029.51290639
2021-05-04,11.9043,11.9783,11.7571,11.8302,181256.16579677
2021-05-05,11.8632,12.0112,11.7654,11.9783,284243.29499072
2021-05-06,12.0194,12.109,11.9335,12.0852,363534.18342731
2021-05-07,12.1263,12.4646,12.0852,12.3732,613858.34308398
2021-05-10,12.4134,12.5369,12.1593,12.184,490475.75148648
2021-05-11,12.0852,12.184,11.7983,12.0524,480527.46591436
2021-05-12,12.184,12.184,11.3788,11.4536,945798.26820801
2021-05-13,11.4024,11.7901,11.4024,11.6913,354213.88816843
2021-05-14,11.7727,11.9985,11.7068,11.9619,316938.17743186
2021-05-17,11.8632,12.0112,11.7727,12.0029,202055.33625884
2021-05-18,12.0441,12.0606,11.9043,11.9125,248704.95118348
2021-05-19,11.8385,11.9866,11.7279,11.9783,266462.63545941
2021-05-20,11.9783,12.0277,11.896,12.0029,327471.78498584
2021-05-21,12.0689,12.0689,11.3961,11.5524,1173868.1578963
2021-05-24,11.5432,11.6502,11.0094,11.5103,1225025.2991111
2021-05-25,11.5597,11.6913,11.2471,11.2562,873366.04052712
2021-05-26,11.2636,11.5761,11.2234,11.4939,402526.47395742
2021-05-27,11.5597,11.6246,11.4536,11.5524,432462.13763547
2021-05-28,11.5432,11.7324,11.4536,11.6913,283504.80463977
2021-06-01,11.7242,11.8888,11.716,11.8468,323055.06565727
2021-06-02,11.8632,11.9125,11.7901,11.8888,252310.97221567
2021-06-03,11.8724,12.0689,11.8385,11.9701,283766.28492699
2021-06-04,11.9701,12.0277,11.9216,11.9948,235983.22407112
2021-06-07,12.0112,12.2251,12.0112,12.0852,340188.04179929
2021-06-08,12.2086,12.2534,12.1017,12.1995,242674.4936806
2021-06-09,12.2086,12.2891,12.1512,12.1995,304832.40597519
2021-06-10,12.2817,12.3073,12.142,12.1758,407435.52018663
2021-06-11,12.2415,12.4061,12.2325,12.3888,579554.09870765
2021-06-14,12.4216,12.4628,12.2169,12.4134,745067.83834176
2021-06-15,12.4381,12.4628,12.109,12.1593,655364.78298667
2021-06-16,12.1081,12.227,11.8814,12.1512,803924.97228252
2021-06-17,12.0249,12.1255,11.726,11.7973,574594.72572861
2021-06-18,11.6958,11.8394,11.3852,11.3934,1135166.8872674
2021-06-21,11.717,11.7187,11.5113,11.6958,395299.11505614
2021-06-22,11.6958,11.6958,11.4867,11.5872,345383.73169064
2021-06-23,11.6374,11.7891,11.6209,11.6209,326847.07685192
2021-06-24,11.7133,11.8229,11.662,11.7553,216597.57884377
2021-06-25,11.8137,11.8137,11.6282,11.6456,303172.71729016
2021-06-28,11.7133,11.7297,11.5241,11.6712,194314.86332112
2021-06-29,11.6374,11.7443,11.4345,11.4528,414810.57715811
2021-06-30,11.4436,11.6036,11.376,11.4867,265824.79860815
2021-07-01,11.5113,11.631,11.4601,11.5204,276311.36159162
2021-07-02,11.5697,11.8302,11.4939,11.7717,356777.27023107
2021-07-06,11.78,11.864,11.6209,11.662,312028.03714287
2021-07-07,11.6876,11.715,11.4016,11.5697,368990.2595461
2021-07-08,11.3934,11.5451,11.2096,11.4272,388139.58786116
2021-07-09,11.5268,11.662,11.419,11.6209,246301.30184861
2021-07-12,11.5533,11.8056,11.5268,11.7973,350285.11950139
2021-07-13,11.7297,11.747,11.5697,11.7133,256354.61715953
2021-07-14,11.7133,11.8056,11.6128,11.6456,221744.03604505
2021-07-15,11.5533,11.6584,11.419,11.5204,238716.18539952
2021-07-16,11.5204,11.5697,11.4016,11.4272,204372.55487115
2021-07-19,11.2672,11.4573,11.0825,11.3266,896379.58798225
2021-07-20,11.3513,11.5872,11.301,11.5268,380140.91681555
2021-07-21,11.5789,11.7717,11.5697,11.6795,235404.46644794
2021-07-22,11.6795,11.6795,11.5451,11.5789,141387.53338352
2021-07-23,11.7379,11.7379,11.4867,11.5533,197583.91394132
2021-07-26,11.5451,11.7379,11.5451,11.6539,127271.9741125
2021-07-27,11.6128,11.6456,11.4939,11.6209,120757.94218723
2021-07-28,11.6282,11.6795,11.4939,11.6209,204094.66368724
2021-07-29,11.662,11.7051,11.5359,11.5533,197218.49797507
2021-07-30,11.5451,11.6282,11.5021,11.5697,187809.58387408
2021-08-02,11.6539,11.7297,11.5066,11.5451,189007.5793323
2021-08-03,11.5789,11.5789,11.376,11.5451,354073.8485167
2021-08-04,11.6036,11.6876,11.4272,11.4345,261742.86157201
2021-08-05,11.4774,11.6209,11.4345,11.6209,237123.23436103
2021-08-06,11.6282,11.662,11.4774,11.5945,328499.1071185
2021-08-09,11.5872,11.6036,11.4528,11.5021,331013.25649105
2021-08-10,11.4867,11.6282,11.4436,11.5872,302526.12796066
2021-08-11,11.5789,11.6795,11.5021,11.5697,244140.53378471
2021-08-12,11.5451,11.6128,11.4016,11.5606,293883.05570511
2021-08-13,11.5945,11.6712,11.5872,11.6374,151539.31407457
2021-08-16,11.6128,11.662,11.5268,11.5451,205374.71362889
2021-08-17,11.5113,11.5606,11.3596,11.4528,208870.23462338
2021-08-18,11.4345,11.5021,11.4016,11.419,218483.73790307
2021-08-19,11.3596,11.4016,10.9564,11.1164,732034.30419233
2021-08-20,11.1164,11.5204,11.1164,11.4867,372144.43388948
2021-08-23,11.5606,11.5945,11.3513,11.4939,507325.3661457
2021-08-24,11.5113,11.5697,11.4345,11.4867,250593.29836235
2021-08-25,11.4774,11.6876,11.4354,11.6128,243876.86537793
2021-08-26,11.6374,11.6958,11.4601,11.5606,313612.23570313
2021-08-27,11.5268,11.78,11.5268,11.7133,187066.71728402
2021-08-30,11.78,11.78,11.4683,11.4774,301759.19205545
2021-08-31,11.5113,11.6128,11.5066,11.5697,225529.48288102
2021-09-01,11.5697,11.6539,11.4867,11.5697,179297.79879203
2021-09-02,11.5697,11.6539,11.4939,11.6209,228329.18185595
2021-09-03,11.6456,11.6795,11.5789,11.6795,144090.95509789
2021-09-07,11.6958,11.6958,11.4774,11.4867,441981.55177414
2021-09-08,11.4774,11.7379,11.4601,11.4683,227824.82029775
2021-09-09,11.4683,11.6539,11.4683,11.5204,276711.78747081
2021-09-10,11.5533,11.6374,11.4939,11.5021,204835.34215774
2021-09-13,11.5872,11.5872,11.376,11.4683,365697.13961076
2021-09-14,11.5268,11.5597,11.3934,11.4345,241709.53295536
2021-09-15,11.4016,11.5606,11.4016,11.5359,317975.34610252
2021-09-16,11.5268,11.5533,11.3852,11.4345,394266.32262458
2021-09-17,11.4528,11.4683,11.2837,11.2928,808621.77091456
2021-09-20,11.1803,11.2059,10.6786,11.0067,1308136.6442967
2021-09-21,11.0671,11.2955,11.0671,11.1539,502940.37455073
2021-09-22,11.1803,11.3357,11.1713,11.2315,354248.89808137
2021-09-23,11.1886,11.3532,11.1886,11.2234,503209.5132564
2021-09-24,11.1886,11.3093,11.1713,11.1803,227491.13206509
2021-09-27,11.1803,11.4044,11.1803,11.2928,397654.62576073
2021-09-28,11.2755,11.3924,11.1968,11.2407,317589.14300047
2021-09-29,11.249,11.4647,11.2407,11.3266,416354.29550654
2021-09-30,11.3879,11.4482,11.2059,11.2151,309926.34830707
2021-10-01,11.2837,11.3879,11.2407,11.3357,280058.51633534
2021-10-04,11.301,11.439,11.2928,11.344,304848.81687188
2021-10-05,11.3879,11.4738,11.3266,11.4044,268988.81948955
2021-10-06,11.3879,11.4994,11.3613,11.4573,341636.57694694
2021-10-07,11.5342,11.6292,11.4135,11.4226,249083.49586707
2021-10-08,11.483,11.6292,11.4728,11.5342,375686.99945448
2021-10-11,11.6576,11.6576,11.4921,11.5259,295995.68513872
2021-10-12,11.5259,11.6466,11.483,11.5259,314095.81012553
2021-10-13,11.5086,11.673,11.4994,11.5862,356565.0226339
2021-10-14,11.6466,11.673,11.5259,11.5862,182653.28013479
2021-10-15,11.673,11.7334,11.5597,11.578,295222.18487483
2021-10-18,11.5862,11.6556,11.5259,11.5432,221477.08545892
2021-10-19,11.6164,11.6164,11.5342,11.5945,167419.59176943
2021-10-20,11.578,11.6337,11.5606,11.5945,228355.43929065
2021-10-21,11.5945,11.673,11.5862,11.6466,249643.65447402
2021-10-22,11.6556,11.7334,11.5862,11.5945,200053.20686293
2021-10-25,11.6292,11.6603,11.5909,11.6036,184050.39447281
2021-10-26,11.6036,11.6556,11.5342,11.5862,280153.69953612
2021-10-27,11.5688,11.6474,11.4994,11.5177,317237.94981135
2021-10-28,11.5432,11.6556,11.4921,11.6466,284094.50286075
2021-10-29,11.5945,11.664,11.578,11.6128,214570.28607293
2021-11-01,11.6466,11.6466,11.4738,11.4921,355625.22528358
2021-11-02,11.5342,11.5396,11.3879,11.4573,281240.10089685
2021-11-03,11.4738,11.5597,11.439,11.5177,208325.39285334
2021-11-04,11.578,11.5945,11.4226,11.4921,217760.56438904
2021-11-05,11.4738,11.6556,11.4573,11.6384,231612.45525328
2021-11-08,11.5945,11.6466,11.4226,11.4573,356917.3098828
2021-11-09,11.4135,11.4482,11.2837,11.4135,419958.12841918
2021-11-10,11.4226,11.4738,11.2581,11.2581,581964.31240121
2021-11-11,11.301,11.3696,11.2663,11.3532,424012.71396083
2021-11-12,11.3357,11.4345,11.3357,11.3961,443251.75517778
2021-11-15,11.4135,11.4573,11.2928,11.301,528830.20516534
2021-11-16,11.3696,11.3924,11.2837,11.301,501327.73043621
2021-11-17,11.2837,11.301,11.2059,11.249,523329.27259561
2021-11-18,11.2407,11.3613,11.2407,11.3613,574746.80003792
2021-11-19,11.3093,11.3357,11.2059,11.3093,380302.83766287
2021-11-22,11.3266,11.3961,11.2315,11.249,501469.95820751
2021-11-23,11.2837,11.301,11.2234,11.2407,444651.05763535
2021-11-24,11.2407,11.344,11.2151,11.3184,255083.31969612
2021-11-26,11.2059,11.2407,10.9811,11.1713,504501.59785562
2021-11-29,11.2315,11.3678,11.2151,11.3532,521413.57392226
2021-11-30,11.2755,11.3788,11.2151,11.3532,437910.55533581
2021-12-01,11.439,11.439,11.1611,11.1621,310943.8239017
2021-12-02,11.2151,11.4135,11.2151,11.3788,330111.75123301
2021-12-03,11.4135,11.439,11.2059,11.2663,470413.97731559
2021-12-06,11.3532,11.418,11.3093,11.3613,360586.78638219
2021-12-07,11.4299,11.483,11.3732,11.3879,289190.63331218
2021-12-08,11.439,11.5086,11.4226,11.4921,229674.87538434
2021-12-09,11.483,11.5249,11.3961,11.4573,330291.1770368
2021-12-10,11.5342,11.5597,11.4299,11.5177,426061.88792724
2021-12-13,11.5561,11.5561,11.2837,11.3184,507227.99482535
2021-12-14,11.3093,11.4044,11.2837,11.2928,421170.3466545
2021-12-15,11.2928,11.3659,11.1713,11.3184,539062.94628005
2021-12-16,11.3184,11.344,11.0249,11.0761,1499786.3779957
2021-12-17,10.9692,11.0588,10.7737,10.898,2226118.4426189
2021-12-20,10.7471,10.8093,10.4537,10.7115,1518119.5377154
2021-12-21,10.8001,11.1648,10.8001,11.0406,954541.99396324
2021-12-22,11.1603,11.2608,11.0049,11.2271,513582.29402285
2021-12-23,11.2544,11.6547,11.2544,11.5926,679277.64758028
2021-12-27,11.5926,11.6282,11.45,11.5213,405579.99480112
2021-12-28,11.546,11.7433,11.503,11.5387,539124.21362768
2021-12-29,11.5652,11.7608,11.503,11.5926,442858.98771705
2021-12-30,11.5743,11.6986,11.45,11.4591,429864.83971968
2021-12-31,11.4143,11.4939,11.3604,11.3788,303186.94006729
2022-01-03,11.4409,11.6904,11.4317,11.61,419787.45509361
2022-01-04,11.6722,11.8677,11.6456,11.6547,515479.39367996
2022-01-05,11.7343,11.7526,11.483,11.5295,275673.52474036
2022-01-06,11.6008,11.7526,11.5652,11.6547,438535.26346972
2022-01-07,11.6904,11.8321,11.6859,11.726,282110.97248109
2022-01-10,11.7078,11.7791,11.6502,11.7608,269654.0078353
2022-01-11,11.8056,11.9838,11.7433,11.9655,397578.04157618
2022-01-12,11.9838,12.0808,11.9216,12.0103,275078.35622049
2022-01-13,12.0633,12.0679,11.8906,11.9216,236250.17465725
2022-01-14,11.9034,11.9034,11.7343,11.7791,430128.50812647
2022-01-18,11.7608,12.0724,11.7433,11.9838,421953.6934564
2022-01-19,11.9838,12.0633,11.7699,11.8595,369014.32886125
2022-01-20,11.8768,11.9125,11.7526,11.7526,347681.25722693
2022-01-21,11.7433,11.7881,11.4244,11.4939,450388.3071174
2022-01-24,11.3431,11.3879,10.9336,11.3696,716342.20477948
2022-01-25,11.3879,11.6456,11.2626,11.5652,344542.39972046
2022-01-26,11.6722,11.7078,11.4052,11.4857,264921.10523054
2022-01-27,11.61,11.6364,11.4674,11.5387,322417.22880601
2022-01-28,11.4939,11.5387,11.3788,11.5122,316620.90009589
2022-01-31,11.4674,11.6722,11.4317,11.663,313003.93846591
2022-02-01,11.6008,11.7791,11.6008,11.7608,289423.66804515
2022-02-02,11.8595,11.8595,11.6931,11.8413,266381.67503576
2022-02-03,11.7699,11.8495,11.6547,11.6722,301267.95921461
2022-02-04,11.6456,12.0103,11.5652,11.9746,497877.06589266
2022-02-07,12.1794,12.4463,12.099,12.1173,543004.84366446
2022-02-08,12.1611,12.1794,12.046,12.1346,358062.7904716
2022-02-09,12.1703,12.2315,12.0194,12.0277,186333.69723196
2022-02-10,12.0277,12.1885,11.9573,12.0103,302457.20219458
2022-02-11,12.0368,12.1748,11.9746,12.0194,245738.95512212
2022-02-14,11.993,12.0935,11.9299,11.9838,254714.62155054
2022-02-15,12.099,12.1794,12.0277,12.1081,322539.76350127
2022-02-16,12.099,12.1931,12.0724,12.1794,303049.08853511
2022-02-17,12.1611,12.1611,12.0368,12.1611,231229.53433057
2022-02-18,12.1794,12.215,12.0551,12.0551,248525.52537969
2022-02-22,12.0551,12.1127,11.8943,11.9838,540698.56564993
2022-02-23,12.0368,12.1081,11.8677,11.886,281840.73971563
2022-02-24,11.5652,11.8504,11.503,11.8413,602463.71048377
2022-02-25,11.8943,12.099,11.8943,12.0633,284474.14160412
2022-02-28,12.0103,12.0103,11.8056,11.9573,553857.91667396
2022-03-01,11.9482,11.9838,11.61,11.7433,757475.57029748
2022-03-02,11.7608,12.1173,11.7608,12.0012,437905.08503691
2022-03-03,12.0103,12.0194,11.9299,11.9838,168164.64647906
2022-03-04,11.9034,11.9271,11.8147,11.8943,323163.37757541
2022-03-07,11.8595,11.8595,11.5652,11.5835,541978.61559158
2022-03-08,11.7078,11.8677,11.5926,11.7791,727337.50556029
2022-03-09,11.993,12.046,11.8056,11.8413,275601.31679494
2022-03-10,11.7526,11.8595,11.6411,11.6904,491679.21724359
2022-03-11,11.7078,11.7608,11.5926,11.6274,420091.60371223
2022-03-14,11.6904,11.8943,11.6722,11.7699,447927.76667401
2022-03-15,11.7526,11.9034,11.6675,11.6722,480176.27272525
2022-03-16,11.7964,11.8239,11.6456,11.7881,383710.83387502
2022-03-17,11.8321,12.0413,11.7078,12.0103,650565.14273538
2022-03-18,11.9829,12.1291,11.8458,11.9281,1618037.8292288
2022-03-21,11.9554,12.0377,11.8458,11.9189,606681.31093253
2022-03-22,11.9829,12.0743,11.9281,12.0286,459544.49340939
2022-03-23,12.0286,12.0286,11.9281,11.9281,278804.72382839
2022-03-24,11.9463,12.0542,11.9143,11.9463,315345.22639336
2022-03-25,11.9738,12.184,11.9554,12.12,267412.27934775
2022-03-28,12.1383,12.2114,12.0377,12.1566,317542.09842996
2022-03-29,12.2479,12.2753,12.1383,12.1657,393919.50567459
2022-03-30,12.1748,12.2114,12.0835,12.1566,202095.81647068
2022-03-31,12.1931,12.2742,12.0835,12.0835,226817.19124112
2022-04-01,12.1291,12.2388,12.0835,12.2297,186334.79129174
2022-04-04,12.1931,12.2388,12.1291,12.1383,239990.76504228
2022-04-05,12.12,12.2297,12.0652,12.0835,288928.05896517
2022-04-06,12.0652,12.1017,11.9098,11.9738,276300.42099384
2022-04-07,12.056,12.1748,11.9281,12.0514,498297.18484787
2022-04-08,12.056,12.184,12.0103,12.1017,246752.05447763
2022-04-11,12.0652,12.1017,11.9783,12.0652,237003.9818451
2022-04-12,12.0286,12.1475,11.992,12.0194,242269.69156232
2022-04-13,12.0012,12.1703,12.0012,12.1566,221493.49635561
2022-04-14,12.1383,12.2297,12.0658,12.1566,366979.37767195
2022-04-18,12.1017,12.2891,12.1017,12.2022,294357.87764927
2022-04-19,12.2022,12.2845,12.1383,12.2663,288542.94992291
2022-04-20,12.2479,12.4216,12.2479,12.4216,495091.58969487
2022-04-21,12.4216,12.5495,12.2434,12.2663,318601.14829621
2022-04-22,12.3029,12.3029,11.9829,12.0012,272111.26609935
2022-04-25,11.9554,12.0377,11.7737,12.0286,411746.11571661
2022-04-26,11.992,12.0286,11.6356,11.6539,503213.88949553
2022-04-27,11.7178,11.8814,11.6904,11.7361,375969.26687751
2022-04-28,11.8549,11.8549,11.6173,11.7727,255081.13157656
2022-04-29,11.7727,11.8275,11.5899,11.599,384775.35404016
2022-05-02,11.6081,11.6904,11.1642,11.3522,442946.51249938
2022-05-03,11.3613,11.6607,11.3476,11.6447,333700.26730873
2022-05-04,11.7087,11.8569,11.5807,11.8458,281468.7593907
2022-05-05,11.8184,11.8184,11.4163,11.5533,221485.83793716
2022-05-06,11.5441,11.6511,11.4528,11.5716,258524.13770166
2022-05-09,11.4528,11.4847,10.7581,10.8222,811388.64809611
2022-05-10,10.9135,11.2151,10.8222,11.0231,304534.82171525
2022-05-11,11.0231,11.2517,10.9955,11.0597,271390.28070486
2022-05-12,11.0689,11.0871,10.7562,10.9044,469511.37799776
2022-05-13,10.9409,11.2242,10.9135,11.1419,400292.40388834
2022-05-16,11.1328,11.343,11.1328,11.2882,303319.32130057
2022-05-17,11.4253,11.4711,11.2699,11.4345,256310.85476836
2022-05-18,11.3796,11.3796,11.1054,11.1512,304896.95550215
2022-05-19,11.0871,11.2334,10.8587,10.886,411457.28393491
2022-05-20,11.3157,11.3796,10.6941,10.8129,710925.51481275
2022-05-23,11.014,11.1968,10.8587,11.1419,314880.25098721
2022-05-24,11.1146,11.2151,10.8404,10.9227,239351.83413123
2022-05-25,10.9044,11.1786,10.8677,11.0963,281740.08621595
2022-05-26,11.1328,11.3202,11.1206,11.2699,169400.93402953
2022-05-27,11.2882,11.4618,11.2699,11.4436,342766.74069883
2022-05-31,11.4345,11.5259,11.2882,11.334,268619.02728419
2022-06-01,11.4253,11.4894,11.248,11.3522,514130.41797222
2022-06-02,11.4071,11.4071,11.2882,11.3522,187646.56896698
2022-06-03,11.3522,11.3522,11.1146,11.1328,463189.90059363
2022-06-06,11.1877,11.2517,11.1328,11.2151,207050.8132106
2022-06-07,11.1694,11.2699,11.1512,11.1968,175899.64911789
2022-06-08,11.1877,11.1877,11.0552,11.1146,341906.8097124
2022-06-09,11.0597,11.1328,10.9409,10.9683,388594.7167293
2022-06-10,10.8769,10.9409,10.7215,10.9227,469822.09097505
2022-06-13,10.7033,10.7123,10.1503,10.2097,872670.21850756
2022-06-14,10.3102,10.3742,10.0634,10.1365,717842.16073676
2022-06-15,10.2216,10.3066,9.92868,10.0988,626912.55090116
2022-06-16,9.87207,9.90038,9.45638,9.51306,884685.13759784
2022-06-17,9.51306,9.85792,9.48472,9.74925,1418180.0545506
2022-06-21,9.85317,10.0279,9.73035,9.84367,356352.74345801
2022-06-22,9.73975,9.96562,9.73975,9.91928,238342.9975575
2022-06-23,9.90988,9.99489,9.84367,9.89098,291936.06040293
2022-06-24,9.97599,10.2121,9.97599,10.146,224389.26048135
2022-06-27,10.2216,10.3728,10.1743,10.3066,233449.34511455
2022-06-28,10.3917,10.5239,10.2263,10.231,235348.37442077
2022-06-29,10.2782,10.2782,10.1224,10.1271,170011.81596597
2022-06-30,10.0138,10.2499,10.0138,10.1743,217977.65484714
2022-07-01,10.1838,10.4294,10.1177,10.4294,154259.61133615
2022-07-05,10.2688,10.4578,10.1649,10.4389,226637.60955963
2022-07-06,10.4389,10.4861,10.3113,10.4106,251267.82912326
2022-07-07,10.5239,10.6193,10.4483,10.5995,396943.70096992
2022-07-08,10.6863,10.7223,10.505,10.675,213733.94888915
2022-07-11,10.675,10.7128,10.4956,10.5239,210292.6198621
2022-07-12,10.4389,10.6987,10.4389,10.59,164426.93379227
2022-07-13,10.4767,10.5702,10.4317,10.5522,139777.66042288
2022-07-14,10.42,10.453,10.3556,10.4011,175453.79459656
2022-07-15,10.5617,10.59,10.4719,10.505,186025.48115243
2022-07-18,10.5995,10.7506,10.5522,10.6278,220229.1795597
2022-07-19,10.675,10.76,10.6278,10.7034,197252.40691709
2022-07-20,10.6561,10.8801,10.6561,10.7128,249742.46611865
2022-07-21,10.5617,10.7034,10.5239,10.6372,215481.60629415
2022-07-22,10.675,10.7506,10.6448,10.6656,135719.19979855
2022-07-25,10.6561,10.6561,10.5051,10.5428,179255.0288433
2022-07-26,10.505,10.6278,10.4956,10.5806,160669.09988085
2022-07-27,10.6467,10.6845,10.5522,10.6656,179325.95134247
2022-07-28,10.7128,10.8356,10.6089,10.8073,190805.86930567
2022-07-29,10.8545,10.8923,10.76,10.8639,187744.55784881
2022-08-01,10.9773,10.9887,10.7978,10.9395,192411.68171232
2022-08-02,11.0529,11.752,10.9678,11.667,724573.89080752
2022-08-03,11.9598,12.4133,11.8276,12.2527,691104.82246632
2022-08-04,12.5077,12.5361,12.1865,12.4794,599668.78431575
2022-08-05,12.4511,12.5549,12.1109,12.3377,462634.87192059
2022-08-08,12.4416,12.7061,12.3944,12.5928,512119.72253778
2022-08-09,12.5928,12.5928,12.4038,12.5361,184682.18784719
2022-08-10,12.5928,12.8006,12.5361,12.7722,339907.19200792
2022-08-11,12.8383,12.8478,12.7155,12.8194,219288.1332647
2022-08-12,12.8289,12.9329,12.8107,12.8951,238830.98669361
2022-08-15,12.7817,12.9046,12.5077,12.6211,314281.94036633
2022-08-16,12.555,12.7959,12.47,12.6872,356834.38132553
2022-08-17,12.6589,12.6589,12.4983,12.5739,298792.25483793
2022-08-18,12.6116,12.7722,12.5403,12.6683,227073.73000231
2022-08-19,12.5361,12.6494,12.4227,12.4983,200715.96538418
2022-08-22,12.47,12.4983,12.333,12.4227,292601.88505935
2022-08-23,12.4038,12.5739,12.4038,12.5455,177328.47737322
2022-08-24,12.4889,12.7533,12.4889,12.6872,245504.05288447
2022-08-25,12.6589,12.7155,12.5455,12.6872,252820.71429172
2022-08-26,12.5833,12.6778,12.4889,12.5172,256801.9011483
2022-08-29,12.4322,12.4983,12.3755,12.47,253624.14976743
2022-08-30,12.1865,12.4322,12.1771,12.2999,412368.81526773
2022-08-31,12.4038,12.555,12.2999,12.4416,212910.40106293
2022-09-01,12.385,12.4227,12.1129,12.1959,240723.66473125
2022-09-02,12.2338,12.3188,12.1487,12.1959,160705.09040281
2022-09-06,12.1487,12.1846,11.9031,12.0448,221572.47286493
2022-09-07,12.0165,12.1865,11.9976,12.1393,180539.04364176
2022-09-08,12.0732,12.2527,11.9976,12.2243,224505.70040537
2022-09-09,12.2433,12.3944,12.2054,12.2905,211911.13480591
2022-09-12,12.3377,12.3377,12.1109,12.2527,374327.89209176
2022-09-13,12.1582,12.2811,11.8465,11.9126,334894.98255142
2022-09-14,11.9126,11.9881,11.8465,11.8748,181088.42837417
2022-09-15,11.8748,12.0637,11.837,11.9409,237919.57965199
2022-09-16,11.922,11.9598,11.7239,11.8748,874912.65233863
2022-09-19,11.9136,11.9136,11.6421,11.7875,374611.01280792
2022-09-20,11.7488,11.7488,11.6518,11.6615,165992.19812054
2022-09-21,11.6325,11.7536,11.5646,11.6034,180425.270708
2022-09-22,11.6325,11.6325,11.0605,11.0702,305863.33048542
2022-09-23,11.0024,11.0024,10.6534,10.7794,417552.26643711
2022-09-26,10.7019,10.7599,10.1784,10.2656,451135.90435327
2022-09-27,10.3238,10.5952,10.319,10.4401,369698.54824774
2022-09-28,10.4692,10.6049,10.4062,10.4983,173175.20751418
2022-09-29,10.4304,10.4304,9.81973,9.94575,301067.43637784
2022-09-30,9.93605,10.2172,9.87789,9.90697,290708.14004996
2022-10-03,10.0233,10.1542,9.75187,9.99421,324570.30913607
2022-10-04,10.1881,10.634,10.0039,10.634,317597.74551526
2022-10-05,10.4401,10.4886,10.1396,10.382,260851.66182635
2022-10-06,10.411,10.4789,10.2367,10.2463,155746.37745448
2022-10-07,10.2463,10.3723,10.0912,10.159,244441.01793232
2022-10-10,10.1978,10.2482,9.91666,9.95544,257021.34244123
2022-10-11,10.1008,10.2802,9.82942,10.1639,406612.18104006
2022-10-12,10.159,10.3723,10.0949,10.1687,232268.17420906
2022-10-13,10.1299,10.3238,9.89728,10.3238,207239.56959772
2022-10-14,10.3238,10.4498,10.2269,10.3238,126235.48420098
2022-10-17,10.5177,10.5952,10.3529,10.4353,131336.73099857
2022-10-18,10.5564,10.634,10.4983,10.5564,133814.6268141
2022-10-19,10.4886,10.5468,10.2367,10.3141,193099.47053715
2022-10-20,10.3917,10.5564,10.2075,10.2947,145116.80273207
2022-10-21,10.2463,10.285,10.0912,10.1978,208378.4526037
2022-10-24,10.3044,10.382,10.2075,10.382,227264.92911941
2022-10-25,10.4207,10.8182,10.2366,10.7115,335010.07002415
2022-10-26,10.7212,10.7988,10.5758,10.5758,180316.95303081
2022-10-27,10.7019,10.7697,10.5371,10.6049,214891.95559257
2022-10-28,10.7309,10.8521,10.634,10.8279,255971.17677087
2022-10-31,10.8279,10.8346,10.6243,10.6243,145127.11870133
2022-11-01,10.7115,10.9442,10.634,10.8182,216864.36891451
2022-11-02,10.7697,10.9538,10.6437,10.6728,178140.28351758
2022-11-03,10.5564,10.76,10.411,10.7212,283486.96157006
2022-11-04,10.9054,11.7391,10.9054,11.4967,426800.53287601
2022-11-07,11.5452,11.7488,11.4483,11.7488,350829.60887976
2022-11-08,11.6421,11.8166,11.584,11.6906,274450.17250093
2022-11-09,11.6325,11.8457,11.5459,11.5646,162311.46028964
2022-11-10,11.6325,11.9911,11.6325,11.8942,265906.48676228
2022-11-11,12.0008,12.0202,11.8554,11.8942,138612.58411553
2022-11-14,11.8748,11.933,11.6712,11.836,153844.11272349
2022-11-15,11.933,12.0687,11.8263,11.8942,128091.32707032
2022-11-16,11.8651,11.9039,11.7391,11.8069,151372.40648952
2022-11-17,11.7585,11.8554,11.6228,11.8457,196365.50640392
2022-11-18,11.8845,12.0202,11.8409,11.9039,136399.80870991
2022-11-21,11.8554,12.0202,11.7197,11.9717,185884.48163881
2022-11-22,11.933,12.0493,11.9039,12.0008,155004.6592649
2022-11-23,11.9426,12.1365,11.9426,12.0687,228370.80102376
2022-11-25,12.0396,12.1515,12.0202,12.1171,47896.013663325
2022-11-28,12.0977,12.1171,11.7779,11.8263,214258.55508019
2022-11-29,11.8166,11.933,11.8166,11.9136,114099.77796705
2022-11-30,11.8263,12.0299,11.8069,12.0105,161380.95986266
2022-12-01,12.0008,12.088,11.8651,11.8845,296076.57045131
2022-12-02,11.8263,11.9814,11.7779,11.933,137832.6968397
2022-12-05,11.8554,11.9332,11.8166,11.8263,207300.43381634
2022-12-06,11.7779,11.8748,11.6615,11.6809,233632.97694176
2022-12-07,11.6421,11.7342,11.6228,11.6421,136816.57386789
2022-12-08,11.6325,11.8748,11.6325,11.7585,211182.33304775
2022-12-09,11.7294,11.8748,11.6809,11.7294,232181.5200673
2022-12-12,11.7294,11.8651,11.7003,11.7779,167702.58582335
2022-12-13,12.0202,12.0202,11.836,11.8845,231118.97523383
2022-12-14,11.8845,11.8942,11.7003,11.7779,253120.87446516
2022-12-15,11.7197,11.7972,11.584,11.71,519815.50127868
2022-12-16,11.57,11.6775,11.21,11.33,575121.0
2022-12-19,11.27,11.32,11.02,11.11,309025.0
2022-12-20,11.02,11.235,11.02,11.15,215337.0
2022-12-21,11.27,11.44,11.24,11.27,171676.0
2022-12-22,11.2,11.32,11.02,11.315,215801.0
2022-12-23,11.32,11.63,11.3,11.6,248683.0
2022-12-27,11.6,11.725,11.54,11.59,278331.0
2022-12-28,11.56,11.65,11.35,11.36,244690.0
2022-12-29,11.36,11.68,11.36,11.56,228868.0
2022-12-30,11.49,11.64,11.31,11.4,215268.0
2023-01-03,11.52,11.75,11.52,11.63,225059.0
2023-01-04,11.64,11.86,11.64,11.78,172345.0
2023-01-05,11.85,11.87,11.67,11.75,359947.0
2023-01-06,11.8,12.03,11.7763,11.87,208843.0
2023-01-09,11.9,12.02,11.9,11.97,144591.0
2023-01-10,12.05,12.05,11.96,11.99,98720.0
2023-01-11,12.09,12.22,11.99,12.19,149433.0
2023-01-12,12.25,12.48,12.18,12.48,219682.0
2023-01-13,12.29,12.43,12.28,12.37,104843.0
2023-01-17,12.45,12.62,12.41,12.52,195123.0
2023-01-18,12.52,12.575,12.27,12.3,126021.0
2023-01-19,12.19,12.32,12.08,12.21,148572.0
2023-01-20,12.25,12.315,12.16,12.28,110360.0
2023-01-23,12.26,12.46,12.24,12.43,129027.0
2023-01-24,12.44,12.48,12.32,12.42,86943.0
2023-01-25,12.4,12.4,12.27,12.35,100766.0
2023-01-26,12.35,12.45,12.3,12.33,128429.0
2023-01-27,12.31,12.4554,12.27,12.39,123069.0
2023-01-30,12.37,12.47,12.26,12.26,109968.0
2023-01-31,12.34,12.46,12.31,12.42,139057.0
2023-02-01,12.46,12.635,12.4032,12.58,164503.0
2023-02-02,12.68,12.74,12.53,12.58,155539.0
2023-02-03,12.52,12.665,12.49,12.59,123146.0
2023-02-06,12.57,12.57,12.33,12.43,166204.0
2023-02-07,12.47,12.6,12.39,12.59,144791.0
2023-02-08,12.5,12.58,12.28,12.31,135792.0
2023-02-09,12.36,12.37,12.05,12.06,176341.0
2023-02-10,12.15,12.42,12.03,12.21,88389.0
2023-02-13,12.23,12.43,12.2,12.36,140631.0
2023-02-14,12.37,12.459,12.27,12.3,109265.0
2023-02-15,12.19,12.31,12.15,12.27,89732.0
2023-02-16,12.2,12.38,12.16,12.27,100645.0
2023-02-17,12.13,12.4,12.13,12.37,195832.0
2023-02-21,12.17,12.3574,12.0,12.09,193408.0
2023-02-22,12.38,12.77,12.26,12.49,308899.0
2023-02-23,12.62,12.67,12.47,12.59,216178.0
2023-02-24,12.55,12.6977,12.5,12.57,148439.0
2023-02-27,12.69,12.84,12.66,12.67,221164.0
2023-02-28,12.76,12.77,12.58,12.64,156475.0
2023-03-01,12.69,12.76,12.58,12.61,99831.0
2023-03-02,12.61,12.74,12.58,12.73,191992.0
2023-03-03,12.8,12.83,12.7301,12.8,152750.0
2023-03-06,12.82,12.82,12.63,12.64,216568.0
2023-03-07,12.66,12.71,12.33,12.46,197209.0
2023-03-08,12.46,12.57,12.345,12.4,147579.0
2023-03-09,12.48,12.48,12.05,12.075,266715.0
2023-03-10,11.99,12.12,11.31,11.34,795062.0
2023-03-13,10.86,10.8981,10.39,10.75,700344.0
2023-03-14,10.98,11.24,10.88,10.96,312129.0
2023-03-15,10.8,10.9,10.62,10.9,298005.0
2023-03-16,10.88,11.17,10.66,11.1,254596.0
2023-03-17,10.99,10.99,10.7582,10.82,535481.0
2023-03-20,10.85,11.01,10.46,10.62,563616.0
2023-03-21,10.73,10.98,10.71,10.9,255890.0
2023-03-22,10.92,10.9993,10.72,10.72,192280.0
2023-03-23,10.7,10.95,10.6,10.67,164270.0
2023-03-24,10.55,10.83,10.48,10.83,137317.0
2023-03-27,10.95,11.06,10.87,10.91,311926.0
2023-03-28,10.79,11.12,10.79,10.97,208779.0
2023-03-29,11.08,11.12,10.98,11.11,272616.0
2023-03-30,11.23,11.335,11.1799,11.27,417229.0
2023-03-31,11.39,11.69,11.3,11.4,257146.0
2023-04-03,11.34,11.49,11.26,11.33,170751.0
2023-04-04,11.32,11.38,11.16,11.24,120240.0
2023-04-05,11.26,11.28,11.1732,11.23,170617.0
2023-04-06,11.28,11.35,11.185,11.32,134832.0
2023-04-10,11.25,11.32,10.95,11.06,198512.0
2023-04-11,11.11,11.18,11.06,11.115,124849.0
2023-04-12,11.18,11.27,11.111,11.23,150058.0
2023-04-13,11.225,11.45,11.22,11.41,185608.0
2023-04-14,11.43,11.53,11.31,11.36,152977.0
2023-04-17,11.35,11.515,11.285,11.49,112555.0
2023-04-18,11.51,11.61,11.23,11.27,147024.0
2023-04-19,11.23,11.4,11.22,11.39,192090.0
2023-04-20,11.36,11.4599,11.21,11.25,86275.0
2023-04-21,11.26,11.35,11.2052,11.35,201675.0
2023-04-24,11.21,11.38,11.19,11.31,128254.0
2023-04-25,11.3,11.3522,11.17,11.17,102196.0
2023-04-26,11.15,11.38,10.9,10.99,538617.0
2023-04-27,11.05,11.19,11.02,11.13,140938.0
2023-04-28,11.1,11.39,11.1,11.32,126058.0
2023-05-01,11.29,11.3799,11.14,11.17,167966.0
2023-05-02,11.1,11.16,10.78,11.16,260573.0
2023-05-03,11.5,11.58,11.21,11.27,243702.0
2023-05-04,11.24,11.26,11.03,11.22,172463.0
2023-05-05,11.34,11.4493,11.25,11.25,180945.0
2023-05-08,11.23,11.41,11.1964,11.33,106882.0
2023-05-09,11.27,11.38,11.215,11.26,86456.0
2023-05-10,11.37,11.425,11.2901,11.34,101700.0
2023-05-11,11.32,11.36,11.21,11.34,159174.0
2023-05-12,11.38,11.43,11.27,11.38,121355.0
2023-05-15,11.38,11.5,11.38,11.42,110446.0
2023-05-16,11.5,11.5,11.34,11.36,80078.0
2023-05-17,11.38,11.51,11.3415,11.48,158286.0
2023-05-18,11.53,11.59,11.46,11.55,107957.0
2023-05-19,11.57,11.69,11.5452,11.62,119147.0
2023-05-22,11.61,11.7,11.582,11.64,145217.0
2023-05-23,11.68,11.7492,11.57,11.58,161304.0
2023-05-24,11.55,11.6,11.43,11.46,100506.0
2023-05-25,11.43,11.485,11.38,11.45,88100.0
2023-05-26,11.54,11.6812,11.4801,11.64,122687.0
2023-05-30,11.68,11.7438,11.64,11.68,143298.0
2023-05-31,11.65,11.69,11.5594,11.64,136459.0
2023-06-01,11.65,11.91,11.64,11.88,253478.0
2023-06-02,11.98,12.12,11.79,12.05,183845.0
2023-06-05,12.1,12.22,11.98,12.1,165593.0
2023-06-06,12.13,12.34,12.1,12.295,163032.0
2023-06-07,12.21,12.63,12.21,12.55,235792.0
2023-06-08,12.51,12.57,12.35,12.51,272363.0
2023-06-09,12.5,12.5,12.27,12.39,274562.0
2023-06-12,12.01,12.415,11.9883,12.26,401735.0
2023-06-13,12.22,12.38,12.17,12.37,228844.0
2023-06-14,12.36,12.46,12.2418,12.31,205113.0
2023-06-15,12.29,12.525,12.28,12.5,196266.0
2023-06-16,12.5,12.5,12.19,12.22,756675.0
2023-06-20,12.22,12.3,12.15,12.21,204580.0
2023-06-21,12.21,12.28,12.16,12.17,177672.0
2023-06-22,12.18,12.18,12.02,12.055,144208.0
2023-06-23,12.03,12.03,11.93,11.96,224945.0
2023-06-26,12.065,12.11,12.02,12.08,157393.0
2023-06-27,12.11,12.31,12.06,12.3,209715.0
2023-06-28,12.31,12.44,12.245,12.44,180849.0
2023-06-29,12.49,12.655,12.446,12.61,354124.0
2023-06-30,12.65,12.77,12.535,12.56,340823.0
2023-07-03,12.58,12.687,12.5583,12.66,108553.0
2023-07-05,12.52,12.61,12.49,12.53,283154.0
2023-07-06,12.51,12.51,12.35,12.47,171882.0
2023-07-07,12.48,12.66,12.48,12.56,128828.0
2023-07-10,12.56,12.685,12.53,12.65,255920.0
2023-07-11,12.73,12.84,12.68,12.78,197226.0
2023-07-12,12.85,12.95,12.835,12.89,159484.0
2023-07-13,12.89,13.01,12.88,12.96,212424.0
2023-07-14,12.98,13.08,12.88,13.01,202637.0
2023-07-17,13.08,13.18,12.972,13.1,196171.0
2023-07-18,13.16,13.53,13.1596,13.34,271104.0
2023-07-19,13.34,13.435,13.29,13.3,160523.0
2023-07-20,13.34,13.3799,13.16,13.22,120174.0
2023-07-21,13.33,13.34,13.2,13.2,101081.0
2023-07-24,13.23,13.48,13.23,13.42,189293.0
2023-07-25,13.42,13.51,13.33,13.34,246213.0
2023-07-26,13.38,13.58,13.37,13.51,161565.0
2023-07-27,13.53,13.7,13.47,13.505,274268.0
2023-07-28,13.51,13.67,13.47,13.66,221378.0
2023-07-31,13.7,13.74,13.57,13.6,172303.0
2023-08-01,13.6,13.655,13.56,13.63,118675.0
2023-08-02,13.63,13.7,13.55,13.62,158294.0
2023-08-03,13.63,13.93,13.585,13.66,313455.0
2023-08-04,13.68,13.87,13.68,13.73,151599.0
2023-08-07,13.92,14.03,13.87,13.96,291171.0
2023-08-08,13.93,13.9643,13.755,13.92,211116.0
2023-08-09,13.9,14.0,13.8,13.85,256854.0
2023-08-10,13.85,13.96,13.74,13.84,168514.0
2023-08-11,13.84,13.84,13.625,13.63,256693.0
2023-08-14,13.7,13.77,13.585,13.74,174276.0
2023-08-15,13.69,13.75,13.64,13.7,170677.0
2023-08-16,13.67,13.775,13.46,13.49,369486.0
2023-08-17,13.47,13.56,13.17,13.2,355342.0
2023-08-18,13.16,13.42,13.1,13.28,228823.0
2023-08-21,13.25,13.343,13.1117,13.22,135524.0
2023-08-22,13.22,13.25,13.04,13.06,210032.0
2023-08-23,13.17,13.26,13.17,13.2,203203.0
2023-08-24,13.22,13.355,13.165,13.2,118432.0
2023-08-25,13.23,13.28,13.121,13.24,113887.0
2023-08-28,13.22,13.375,13.22,13.36,110377.0
2023-08-29,13.4,13.46,13.32,13.455,148467.0
2023-08-30,13.5,13.65,13.44,13.59,166436.0
2023-08-31,13.67,13.68,13.54,13.55,151237.0
2023-09-01,13.65,13.68,13.57,13.64,137441.0
2023-09-05,13.66,13.695,13.51,13.53,156828.0
2023-09-06,13.57,13.575,13.39,13.41,153376.0
2023-09-07,13.42,13.535,13.405,13.5,177194.0
2023-09-08,13.59,13.73,13.51,13.62,320871.0
2023-09-11,13.25,13.3,13.13,13.22,276246.0
2023-09-12,13.23,13.29,13.2,13.2,198985.0
2023-09-13,13.18,13.29,13.18,13.25,199267.0
2023-09-14,13.31,13.4,13.31,13.34,180052.0
2023-09-15,13.35,13.46,13.33,13.4,269616.0
2023-09-18,13.46,13.6,13.435,13.55,210568.0
2023-09-19,13.58,13.67,13.5524,13.62,154946.0
2023-09-20,13.62,13.715,13.6077,13.69,211463.0
2023-09-21,13.65,13.66,13.51,13.51,171195.0
2023-09-22,13.5,13.65,13.5,13.59,105938.0
2023-09-25,13.54,13.655,13.53,13.59,168639.0
2023-09-26,13.56,13.72,13.5201,13.57,195111.0
2023-09-27,13.6,13.7185,13.57,13.64,193435.0
2023-09-28,13.7,13.925,13.6182,13.9,341748.0
2023-09-29,13.95,13.99,13.735,13.75,230861.0
2023-10-02,13.8,13.82,13.48,13.51,168403.0
2023-10-03,13.49,13.5,13.1802,13.25,194512.0
2023-10-04,13.29,13.3,13.05,13.13,435164.0
2023-10-05,13.13,13.24,13.11,13.17,104657.0
2023-10-06,13.14,13.345,13.09,13.28,118442.0
2023-10-09,13.27,13.4448,13.27,13.37,85256.0
2023-10-10,13.38,13.5299,13.38,13.41,83340.0
2023-10-11,13.36,13.47,13.255,13.31,151398.0
2023-10-12,13.36,13.37,13.06,13.18,177337.0
2023-10-13,13.19,13.28,13.041,13.11,190042.0
2023-10-16,13.21,13.47,13.21,13.41,148463.0
2023-10-17,13.41,13.43,13.26,13.36,135748.0
2023-10-18,13.32,13.395,13.22,13.22,152327.0
2023-10-19,13.23,13.25,13.0,13.01,147907.0
2023-10-20,13.04,13.07,12.82,12.88,133126.0
2023-10-23,12.85,12.87,12.68,12.72,238760.0
2023-10-24,12.76,12.88,12.71,12.82,133759.0
2023-10-25,12.75,12.83,12.57,12.675,141606.0
2023-10-26,12.64,12.825,12.605,12.73,114733.0
2023-10-27,12.73,12.755,12.51,12.55,99133.0
2023-10-30,12.6,12.78,12.5601,12.77,195002.0
2023-10-31,12.8,12.94,12.72,12.77,105826.0
2023-11-01,12.77,13.06,12.77,13.05,94064.0
2023-11-02,13.17,13.36,13.14,13.33,220005.0
2023-11-03,13.5,13.57,13.42,13.52,150270.0
2023-11-06,13.54,13.54,13.338,13.43,165019.0
2023-11-07,13.3,13.4318,13.3,13.34,147967.0
2023-11-08,13.35,13.35,12.8994,12.95,283069.0
2023-11-09,12.91,13.15,12.91,13.05,214711.0
2023-11-10,13.04,13.175,13.01,13.16,176767.0
2023-11-13,13.09,13.2119,13.05,13.17,149946.0
2023-11-14,13.34,13.39,13.2396,13.36,119271.0
2023-11-15,13.39,13.43,13.3385,13.38,122352.0
2023-11-16,13.35,13.42,13.22,13.22,118464.0
2023-11-17,13.25,13.34,13.22,13.23,128877.0
2023-11-20,13.26,13.31,13.18,13.27,158254.0
2023-11-21,13.27,13.365,13.2406,13.28,107328.0
2023-11-22,13.3,13.345,13.21,13.27,122200.0
2023-11-24,13.34,13.455,13.31,13.45,131177.0
2023-11-27,13.43,13.45,13.36,13.41,140306.0
2023-11-28,13.44,13.44,13.31,13.34,130369.0
2023-11-29,13.35,13.42,13.34,13.35,141780.0
2023-11-30,13.42,13.5181,13.37,13.47,154986.0
2023-12-01,13.47,13.57,13.41,13.57,150142.0
2023-12-04,13.57,13.65,13.475,13.63,272202.0
2023-12-05,13.58,13.69,13.535,13.58,216640.0
2023-12-06,13.61,13.69,13.57,13.6,177437.0
2023-12-07,13.6,13.82,13.57,13.74,253607.0
2023-12-08,13.76,13.88,13.75,13.85,264301.0
2023-12-11,13.45,13.55,13.325,13.37,383381.0
2023-12-12,13.33,13.47,13.33,13.42,219844.0
2023-12-13,13.43,13.69,13.35,13.69,241912.0
2023-12-14,13.75,13.83,13.65,13.71,258083.0
2023-12-15,13.77,13.77,13.57,13.63,380827.0
2023-12-18,13.68,13.68,13.5,13.53,272422.0
2023-12-19,13.6,13.71,13.51,13.71,205281.0
2023-12-20,13.68,13.76,13.58,13.58,210570.0
2023-12-21,13.7,13.7,13.555,13.65,188175.0
2023-12-22,13.59,13.72,13.59,13.63,183769.0
2023-12-26,13.63,13.755,13.5994,13.65,229316.0
2023-12-27,13.64,13.69,13.6,13.66,189300.0
2023-12-28,13.68,13.815,13.6,13.8,373856.0
2023-12-29,13.78,13.89,13.63,13.68,456044.0
2024-01-02,13.63,13.65,13.505,13.53,364312.0
2024-01-03,13.5,13.54,13.41,13.47,162652.0
2024-01-04,13.54,13.84,13.5,13.73,259682.0
2024-01-05,13.68,13.835,13.68,13.83,224787.0
2024-01-08,13.83,13.96,13.81,13.87,192573.0
2024-01-09,13.77,13.895,13.77,13.85,226715.0
2024-01-10,13.88,13.99,13.85,13.97,153007.0
2024-01-11,13.94,13.94,13.66,13.88,204593.0
2024-01-12,14.0,14.0,13.8652,13.91,188092.0
2024-01-16,13.85,13.85,13.69,13.7,172287.0
2024-01-17,13.6,13.7,13.585,13.62,145099.0
2024-01-18,13.69,13.72,13.6,13.7,137129.0
2024-01-19,13.76,13.805,13.66,13.79,142750.0
2024-01-22,13.81,13.98,13.81,13.95,188325.0
2024-01-23,14.0,14.025,13.89,13.96,171931.0
2024-01-24,14.0,14.0119,13.945,13.95,173217.0
2024-01-25,13.98,14.14,13.91,14.12,174005.0
2024-01-26,14.13,14.19,14.12,14.18,163218.0
2024-01-29,14.19,14.2,14.0703,14.15,130271.0
2024-01-30,14.03,14.22,14.03,14.16,189156.0
2024-01-31,14.21,14.21,13.86,13.87,242167.0
2024-02-01,13.88,13.9,13.525,13.71,264218.0
2024-02-02,13.75,13.8605,13.69,13.76,180093.0
2024-02-05,13.6,13.745,13.5199,13.7,163858.0
2024-02-06,13.65,13.75,13.61,13.74,154118.0
2024-02-07,13.78,13.79,13.57,13.66,202150.0
2024-02-08,13.66,13.72,13.57,13.68,95970.0
2024-02-09,13.72,13.75,13.634,13.75,111382.0
2024-02-12,13.75,13.93,13.72,13.92,145241.0
2024-02-13,13.78,13.78,13.68,13.69,159870.0
2024-02-14,13.75,13.865,13.75,13.85,93652.0
2024-02-15,13.85,14.2,13.835,14.19,235296.0
2024-02-16,14.17,14.27,14.02,14.22,268028.0
2024-02-20,14.15,14.215,14.0107,14.08,186942.0
2024-02-21,14.11,14.1799,14.055,14.11,165581.0
2024-02-22,14.1,14.35,14.09,14.23,326537.0
2024-02-23,14.27,14.34,14.23,14.27,145672.0
2024-02-26,14.13,14.2813,14.095,14.1,224230.0
2024-02-27,14.29,14.69,14.12,14.68,422401.0
2024-02-28,14.74,14.74,14.5,14.59,245997.0
2024-02-29,14.7,14.74,14.53,14.73,345383.0
2024-03-01,14.7,14.77,14.59,14.74,192267.0
2024-03-04,14.74,14.8,14.63,14.74,203565.0
2024-03-05,14.78,14.86,14.73,14.77,236616.0
2024-03-06,14.81,14.945,14.62,14.71,299049.0
2024-03-07,14.74,14.85,14.7199,14.82,232430.0
2024-03-08,14.89,15.03,14.8,14.81,359700.0
2024-03-11,14.43,14.49,14.33,14.45,260173.0
2024-03-12,14.53,14.63,14.47,14.63,174102.0
2024-03-13,14.6,14.7439,14.5909,14.64,339110.0
2024-03-14,14.56,14.585,14.2701,14.28,475145.0
2024-03-15,14.25,14.46,14.25,14.36,585307.0
2024-03-18,14.57,14.57,14.35,14.35,545251.0
2024-03-19,14.35,14.46,14.34,14.42,421300.0
2024-03-20,14.43,14.6,14.375,14.59,366452.0
2024-03-21,14.61,14.76,14.52,14.71,451336.0
2024-03-22,14.77,14.77,14.64,14.69,184292.0
2024-03-25,14.71,14.83,14.64,14.69,442639.0
2024-03-26,14.79,14.92,14.76,14.89,370528.0
2024-03-27,14.92,14.93,14.82,14.92,196169.0
2024-03-28,15.0,15.15,14.95,15.04,493125.0
2024-04-01,15.15,15.15,14.855,14.88,289283.0
2024-04-02,14.88,15.025,14.83,14.96,217369.0
2024-04-03,14.97,15.04,14.86,14.9,190353.0
2024-04-04,15.01,15.03,14.75,14.75,183886.0
2024-04-05,14.67,14.85,14.67,14.83,223772.0
2024-04-08,14.83,14.93,14.82,14.9,127870.0
2024-04-09,15.0,15.04,14.935,14.98,283738.0
2024-04-10,14.9,15.02,14.86,14.96,232260.0
2024-04-11,14.96,15.15,14.864,15.15,159803.0
2024-04-12,15.14,15.19,14.855,14.92,199135.0
2024-04-15,14.98,15.07,14.85,14.85,239455.0
2024-04-16,14.84,14.91,14.75,14.77,185981.0
2024-04-17,14.77,14.93,14.76,14.88,187770.0
2024-04-18,14.86,15.03,14.83,15.01,177456.0
2024-04-19,15.0,15.365,14.96,15.32,462221.0
2024-04-22,15.3,15.375,15.19,15.26,313080.0
2024-04-23,15.25,15.33,15.17,15.26,246767.0
2024-04-24,15.25,15.34,15.18,15.25,155906.0
2024-04-25,15.23,15.24,15.04,15.05,156005.0
2024-04-26,15.08,15.26,15.06,15.18,175385.0
2024-04-29,15.28,15.285,15.1911,15.26,134849.0
2024-04-30,15.25,15.28,15.145,15.2,163991.0
2024-05-01,15.24,15.36,15.2299,15.29,127939.0
2024-05-02,15.38,15.399,15.15,15.2,174458.0
2024-05-03,15.27,15.28,15.17,15.26,124961.0
2024-05-06,15.3,15.44,15.3,15.43,164878.0
2024-05-07,15.44,15.48,15.31,15.34,147090.0
2024-05-08,15.32,15.35,15.08,15.27,214058.0
2024-05-09,15.36,15.55,15.31,15.4,199454.0
2024-05-10,15.44,15.61,15.4003,15.57,210609.0
2024-05-13,15.57,15.625,15.535,15.59,166137.0
2024-05-14,15.59,15.79,15.59,15.75,164786.0
2024-05-15,15.79,15.88,15.7,15.71,203335.0
2024-05-16,15.75,15.75,15.5,15.52,214757.0
2024-05-17,15.6,15.6768,15.47,15.49,181896.0
2024-05-20,15.5,15.63,15.495,15.58,160804.0
2024-05-21,15.65,15.6999,15.6,15.64,142213.0
2024-05-22,15.64,15.6603,15.37,15.4,153362.0
2024-05-23,15.43,15.43,15.2426,15.29,265397.0
2024-05-24,15.25,15.47,15.24,15.47,149092.0
2024-05-28,15.42,15.525,15.4101,15.44,202471.0
2024-05-29,15.4,15.56,15.3701,15.53,152881.0
2024-05-30,15.6,15.72,15.555,15.7,317877.0
2024-05-31,15.71,16.14,15.7,16.11,618162.0
2024-06-03,16.14,16.15,16.001,16.11,241712.0
2024-06-04,16.2,16.2,15.881,15.93,277704.0
2024-06-05,16.02,16.15,15.83,15.96,143866.0
2024-06-06,15.98,16.19,15.98,16.16,242633.0
2024-06-07,16.15,16.365,16.08,16.23,248975.0
2024-06-10,16.08,16.1014,15.7875,15.865,492060.0
2024-06-11,15.44,15.47,15.2709,15.31,220211.0
2024-06-12,15.41,15.53,15.3,15.45,233435.0
2024-06-13,15.36,15.4,15.13,15.22,310047.0
2024-06-14,15.16,15.23,15.06,15.17,223943.0
2024-06-17,15.12,15.28,15.07,15.27,180572.0
2024-06-18,15.32,15.37,15.16,15.2,140930.0
2024-06-20,15.21,15.3125,15.085,15.1,261997.0
2024-06-21,15.1,15.125,14.95,15.03,336805.0
2024-06-24,15.1,15.2,15.06,15.11,219169.0
2024-06-25,15.08,15.09,14.9,14.9,204715.0
2024-06-26,14.91,15.215,14.91,15.21,241576.0
2024-06-27,15.27,15.355,15.17,15.22,333416.0
2024-06-28,15.33,15.4,15.09,15.14,209300.0
2024-07-01,15.25,15.29,15.08,15.17,180992.0
2024-07-02,15.15,15.29,15.035,15.28,252972.0
2024-07-03,15.24,15.47,15.24,15.35,74890.0
2024-07-05,15.42,15.53,15.35,15.5,251748.0
2024-07-08,15.57,15.6,15.48,15.52,134953.0
2024-07-09,15.58,15.59,15.43,15.46,108313.0
2024-07-10,15.5,15.5699,15.4621,15.56,131207.0
2024-07-11,15.64,15.64,15.52,15.62,87793.0
2024-07-12,15.65,15.7,15.6,15.63,107909.0
2024-07-15,15.63,15.64,15.525,15.57,125952.0
2024-07-16,15.62,15.64,15.48,15.48,135703.0
2024-07-17,15.46,15.64,15.45,15.63,185419.0
2024-07-18,15.63,15.665,15.45,15.45,168700.0
2024-07-19,15.42,15.5,15.33,15.34,139939.0
2024-07-22,15.34,15.59,15.34,15.57,96471.0
2024-07-23,15.57,15.57,15.3701,15.43,169063.0
2024-07-24,15.29,15.3,13.93,14.05,2940061.0
2024-07-25,14.32,14.46,14.2,14.27,870095.0
2024-07-26,14.32,14.44,14.25,14.42,558703.0
2024-07-29,14.36,14.69,14.36,14.52,643624.0
2024-07-30,14.6,14.67,14.28,14.34,777371.0
2024-07-31,14.4,14.48,13.822,14.2,2400060.0
2024-08-01,14.26,14.3,13.76,13.81,681483.0
2024-08-02,13.71,13.77,13.28,13.39,847034.0
2024-08-05,12.57,13.18,12.26,13.03,1016868.0
2024-08-06,13.08,13.26,12.96,13.13,654870.0
2024-08-07,13.23,13.2912,12.98,13.02,529672.0
2024-08-08,13.23,13.5,13.23,13.34,659676.0
2024-08-09,13.29,13.34,13.02,13.12,786087.0
2024-08-12,13.07,13.12,12.95,13.06,561854.0
2024-08-13,13.04,13.175,13.0,13.13,585682.0
2024-08-14,13.15,13.38,13.15,13.33,514873.0
2024-08-15,13.49,13.875,13.415,13.6,608584.0
2024-08-16,13.55,13.9,13.55,13.87,508403.0
2024-08-19,13.85,13.9489,13.76,13.8,438992.0
2024-08-20,13.8,13.81,13.675,13.71,385689.0
2024-08-21,13.77,13.8,13.62,13.71,296461.0
2024-08-22,13.72,13.769,13.64,13.69,264442.0
2024-08-23,13.75,13.85,13.72,13.81,402058.0
2024-08-26,13.84,13.89,13.774,13.81,373547.0
2024-08-27,13.8,14.0,13.78,13.88,454841.0
2024-08-28,13.9,14.0,13.78,13.81,338656.0
2024-08-29,13.8,13.915,13.775,13.86,248306.0
2024-08-30,13.85,13.975,13.845,13.93,294359.0
2024-09-03,13.83,13.98,13.83,13.88,262035.0
2024-09-04,13.9,13.96,13.855,13.89,219490.0
2024-09-05,13.96,13.9768,13.86,13.91,211055.0
2024-09-06,13.87,13.95,13.75,13.89,409476.0
2024-09-09,13.95,14.0,13.8501,13.87,494067.0
2024-09-10,13.45,13.5,13.31,13.45,704746.0
2024-09-11,13.48,13.505,13.33,13.41,470864.0
2024-09-12,13.45,13.78,13.445,13.66,649052.0
2024-09-13,13.7,13.79,13.64,13.76,299819.0
2024-09-16,13.76,13.8277,13.59,13.6,576207.0
2024-09-17,13.68,13.69,13.49,13.6,339918.0
2024-09-18,13.6,13.745,13.54,13.65,349266.0
2024-09-19,13.8,13.8,13.65,13.73,325500.0
2024-09-20,13.76,13.7708,13.65,13.72,613673.0
2024-09-23,13.64,13.7,13.58,13.59,418947.0
2024-09-24,13.59,13.635,13.56,13.57,523828.0
2024-09-25,13.55,13.575,13.29,13.32,650146.0
2024-09-26,13.41,13.8,13.31,13.34,773078.0
2024-09-27,13.33,13.53,13.33,13.4,343726.0
2024-09-30,13.4,13.48,13.345,13.39,427808.0
2024-10-01,13.41,13.42,13.23,13.24,392867.0
2024-10-02,13.15,13.34,13.15,13.17,345044.0
2024-10-03,13.18,13.28,13.16,13.22,433042.0
2024-10-04,13.26,13.43,13.25,13.39,454322.0
2024-10-07,13.37,13.43,13.29,13.31,226424.0
2024-10-08,13.3,13.31,13.21,13.28,363370.0
2024-10-09,13.3,13.37,13.24,13.34,358403.0
2024-10-10,13.33,13.55,13.305,13.52,437404.0
2024-10-11,13.59,13.59,13.36,13.41,373770.0
2024-10-14,13.36,13.42,13.315,13.32,385842.0
2024-10-15,13.36,13.43,13.3,13.32,334953.0
2024-10-16,13.33,13.44,13.31,13.39,296476.0
2024-10-17,13.42,13.4401,13.365,13.39,331161.0
2024-10-18,13.35,13.41,13.32,13.35,336315.0
2024-10-21,13.34,13.42,13.3,13.41,234277.0
2024-10-22,13.41,13.458,13.28,13.29,319569.0
2024-10-23,13.3,13.307,13.1512,13.25,360442.0
2024-10-24,13.26,13.48,13.236,13.47,300879.0
2024-10-25,13.5,13.56,13.37,13.49,442420.0
2024-10-28,13.49,13.565,13.42,13.54,256804.0
2024-10-29,13.56,13.56,13.36,13.37,278030.0
2024-10-30,13.36,13.47,13.36,13.42,162027.0
2024-10-31,13.43,13.49,13.335,13.37,208673.0
2024-11-01,13.43,13.44,13.25,13.28,311037.0
2024-11-04,13.25,13.336,13.07,13.14,342985.0
2024-11-05,13.14,13.22,13.1124,13.21,302905.0
2024-11-06,13.4,13.48,13.36,13.47,493543.0
2024-11-07,13.5,13.725,13.44,13.65,453440.0
2024-11-08,13.63,13.65,13.35,13.45,541201.0
2024-11-11,13.5,13.73,13.49,13.65,521835.0
2024-11-12,13.67,13.67,13.51,13.53,447946.0
2024-11-13,13.58,13.75,13.5543,13.72,485534.0
2024-11-14,13.73,13.7331,13.51,13.61,412359.0
2024-11-15,13.7,13.77,13.64,13.75,301096.0
2024-11-18,13.76,13.87,13.71,13.82,383315.0
2024-11-19,13.8,13.841,13.73,13.83,248907.0
2024-11-20,13.84,13.8599,13.74,13.77,272550.0
2024-11-21,13.84,13.94,13.78,13.82,378389.0
2024-11-22,13.91,14.0,13.86,13.99,259451.0
2024-11-25,14.02,14.14,14.01,14.04,382691.0
2024-11-26,14.09,14.09,13.94,14.02,266432.0
2024-11-27,14.02,14.09,14.02,14.05,248257.0
2024-11-29,14.12,14.2,14.12,14.17,151221.0
2024-12-02,14.2,14.22,14.0101,14.19,418941.0
2024-12-03,14.2,14.2,14.055,14.1,366915.0
2024-12-04,14.1,14.2099,14.045,14.19,337383.0
2024-12-05,14.14,14.1709,14.08,14.1,438954.0
2024-12-06,14.2,14.21,14.0954,14.18,366528.0
2024-12-09,14.22,14.275,13.98,14.0,751752.0
2024-12-10,13.5801,13.655,13.45,13.63,478459.0
2024-12-11,13.66,13.7472,13.575,13.68,481168.0
2024-12-12,13.68,13.75,13.64,13.67,298089.0
2024-12-13,13.72,13.75,13.5399,13.71,412888.0
2024-12-16,13.66,13.66,13.4701,13.52,573347.0
2024-12-17,13.46,13.5,13.37,13.45,424201.0
2024-12-18,13.43,13.6,13.1799,13.21,403003.0
2024-12-19,13.25,13.48,13.25,13.37,344625.0
2024-12-20,13.34,13.52,13.32,13.42,736639.0
2024-12-23,13.44,13.44,13.265,13.4,321984.0
2024-12-24,13.38,13.7,13.38,13.7,297563.0
2024-12-26,13.65,13.75,13.59,13.65,619462.0
2024-12-27,13.64,13.73,13.5,13.55,258791.0
2024-12-30,13.5,13.585,13.41,13.56,507796.0
2024-12-31,13.56,13.595,13.44,13.49,640942.0
2025-01-02,13.54,13.7,13.52,13.6,358154.0
2025-01-03,13.6,13.73,13.57,13.63,306985.0
2025-01-06,13.65,13.7,13.385,13.39,329578.0
2025-01-07,13.46,13.46,13.26,13.28,312028.0
2025-01-08,13.28,13.28,13.09,13.15,405562.0
2025-01-10,13.15,13.195,13.09,13.15,387239.0
2025-01-13,13.13,13.22,13.0401,13.22,266060.0
2025-01-14,13.2,13.4,13.2,13.39,289210.0
2025-01-15,13.47,13.505,13.38,13.41,203443.0
2025-01-16,13.4,13.53,13.39,13.43,352970.0
2025-01-17,13.43,13.535,13.4,13.49,272963.0
2025-01-21,13.56,13.75,13.51,13.75,403978.0
2025-01-22,13.75,13.75,13.6567,13.68,366483.0
2025-01-23,13.68,13.76,13.66,13.7,307090.0
2025-01-24,13.65,13.85,13.61,13.8,458153.0
2025-01-27,13.8,13.9,13.76,13.77,264941.0
2025-01-28,13.78,13.96,13.78,13.9,253036.0
2025-01-29,13.91,13.95,13.66,13.76,205901.0
2025-01-30,13.94,13.985,13.79,13.97,226754.0
2025-01-31,13.97,14.085,13.95,14.0,378443.0
2025-02-03,13.9,14.05,13.72,14.0,566381.0
2025-02-04,14.0,14.0,13.83,13.97,350460.0
2025-02-05,14.01,14.03,13.84,14.0,330570.0
2025-02-06,14.08,14.0999,14.005,14.06,289986.0
2025-02-07,14.06,14.0905,13.99,14.06,203704.0
2025-02-10,14.07,14.13,14.01,14.12,339132.0
2025-02-11,14.06,14.22,14.06,14.22,324857.0
2025-02-12,14.13,14.36,14.13,14.33,278703.0
2025-02-13,14.39,14.46,14.32,14.45,239546.0
2025-02-14,14.45,14.526,14.44,14.49,231254.0
2025-02-18,14.49,14.63,14.47,14.63,318992.0
2025-02-19,14.58,14.74,14.57,14.71,222534.0
2025-02-20,14.7,14.71,14.58,14.69,256429.0
2025-02-21,14.69,14.72,14.57,14.6,313277.0
2025-02-24,14.58,14.59,14.37,14.51,244380.0
2025-02-25,14.42,14.581,14.13,14.25,606276.0
2025-02-26,14.07,14.085,13.53,13.75,1450617.0
2025-02-27,13.72,13.775,13.51,13.71,537095.0
2025-02-28,13.71,13.83,13.66,13.78,636113.0
2025-03-03,13.84,13.93,13.57,13.67,439327.0
2025-03-04,13.57,13.595,13.39,13.47,646633.0
2025-03-05,13.46,13.48,13.19,13.33,749136.0
2025-03-06,13.3,13.3,13.135,13.17,630379.0
2025-03-07,13.18,13.405,13.18,13.36,591813.0
2025-03-10,13.29,13.37,13.01,13.08,1318745.0
2025-03-11,13.0,13.0499,12.345,12.42,1307880.0
2025-03-12,12.8,13.07,12.525,12.78,2165870.0
2025-03-13,12.8,12.94,12.65,12.66,868731.0
2025-03-14,12.7,12.99,12.7,12.96,635380.0
2025-03-17,12.99,13.06,12.88,12.89,410678.0
2025-03-18,12.86,12.97,12.85,12.97,353729.0
2025-03-19,12.95,12.98,12.82,12.9,262348.0
2025-03-20,12.9,12.99,12.83,12.98,276776.0
2025-03-21,12.95,13.065,12.93,12.98,760698.0
2025-03-24,13.07,13.08,12.95,13.04,274459.0
2025-03-25,13.07,13.12,13.0011,13.07,443005.0
2025-03-26,13.11,13.215,13.06,13.13,461261.0
2025-03-27,13.17,13.275,13.04,13.24,725861.0
2025-03-28,13.23,13.3,12.91,13.04,469724.0
2025-03-31,13.06,13.06,12.7,12.86,414811.0
2025-04-01,12.81,12.95,12.81,12.85,292855.0
2025-04-02,12.76,12.805,12.68,12.74,316549.0
2025-04-03,12.6,12.63,12.4328,12.49,359527.0
2025-04-04,12.32,12.32,11.435,11.5,1490845.0
2025-04-07,10.84,11.37,10.52,10.88,1751725.0
2025-04-08,11.245,11.445,10.405,10.47,958389.0
2025-04-09,10.31,11.81,10.18,11.7,1228078.0
2025-04-10,11.55,11.55,10.89,11.02,538470.0
2025-04-11,10.95,11.1,10.695,11.06,645658.0
2025-04-14,11.2,11.34,10.98,11.16,757357.0
2025-04-15,11.16,11.54,11.16,11.47,528457.0
2025-04-16,11.39,11.49,11.3001,11.34,479004.0
2025-04-17,11.4,11.785,11.37,11.76,414198.0
2025-04-21,11.65,11.73,11.365,11.48,386973.0
2025-04-22,11.55,11.665,11.42,11.63,226411.0
2025-04-23,11.8,11.96,11.752,11.84,272773.0
2025-04-24,11.86,12.0,11.86,11.95,244061.0
2025-04-25,11.97,12.0677,11.8801,12.04,278565.0
2025-04-28,12.04,12.205,12.04,12.12,267874.0
2025-04-29,12.1,12.1,11.88,12.05,245592.0
2025-04-30,11.9,11.95,11.71,11.86,264960.0
2025-05-01,11.85,11.95,11.73,11.74,326242.0
2025-05-02,11.86,12.085,11.8034,12.05,284153.0
2025-05-05,11.96,12.01,11.9,11.91,219046.0
2025-05-06,11.84,12.02,11.82,11.93,224343.0
2025-05-07,12.0,12.09,11.915,11.98,261574.0
2025-05-08,12.02,12.21,12.01,12.15,251600.0
2025-05-09,12.17,12.24,12.12,12.15,239751.0
2025-05-12,12.4,12.74,12.385,12.56,815828.0
2025-05-13,12.28,13.015,12.2,12.78,587118.0
2025-05-14,12.69,12.79,12.53,12.62,432618.0
2025-05-15,12.6,12.81,12.56,12.81,209366.0
2025-05-16,12.75,12.89,12.74,12.86,276706.0
2025-05-19,12.8,12.895,12.759,12.87,289354.0
2025-05-20,12.83,12.89,12.8,12.87,235332.0
2025-05-21,12.73,12.82,12.52,12.53,348866.0
2025-05-22,12.59,12.73,12.5,12.64,214637.0
2025-05-23,12.58,12.785,12.5316,12.73,263429.0
2025-05-27,12.8,12.98,12.73,12.96,412220.0
2025-05-28,12.96,13.05,12.92,13.01,304005.0
2025-05-29,13.01,13.17,12.925,13.08,737023.0
2025-05-30,13.05,13.16,12.95,13.125,361037.0
2025-06-02,13.11,13.12,12.905,12.92,365532.0
2025-06-03,12.91,13.07,12.8445,13.01,318284.0
2025-06-04,13.04,13.07,12.9,12.99,311154.0
2025-06-05,12.97,13.015,12.875,12.92,312349.0
2025-06-06,13.03,13.095,12.955,13.08,381607.0
2025-06-09,13.15,13.245,13.05,13.09,691193.0
2025-06-10,12.67,12.73,12.451,12.69,641847.0
2025-06-11,12.77,12.81,12.56,12.66,483929.0
2025-06-12,12.58,12.665,12.5,12.51,405707.0
2025-06-13,12.38,12.4,12.185,12.21,585963.0
2025-06-16,12.31,12.45,12.15,12.19,479362.0
2025-06-17,12.12,12.28,12.06,12.24,347961.0
2025-06-18,12.2,12.34,12.1677,12.28,306410.0
2025-06-20,12.31,12.4,12.24,12.31,394677.0
2025-06-23,12.24,12.3806,12.105,12.26,460902.0
2025-06-24,12.27,12.47,12.27,12.35,320965.0
2025-06-25,12.39,12.475,12.37,12.41,348892.0
2025-06-26,12.44,12.66,12.43,12.45,1457902.0
2025-06-27,12.5,12.62,12.44,12.5,375205.0
2025-06-30,12.52,12.668,12.45,12.62,326487.0
2025-07-01,12.55,12.61,12.435,12.46,327166.0
2025-07-02,12.46,12.68,12.46,12.67,297222.0
2025-07-03,12.62,12.8,12.62,12.71,174800.0
2025-07-07,12.71,12.795,12.625,12.69,425073.0
2025-07-08,12.69,12.89,12.6601,12.79,390519.0
2025-07-09,12.81,12.84,12.665,12.76,331814.0
2025-07-10,12.74,13.055,12.73,13.02,362075.0
2025-07-11,12.99,13.23,12.9508,13.16,291655.0
2025-07-14,13.14,13.23,13.1002,13.19,272494.0
2025-07-15,13.21,13.3499,13.18,13.23,377642.0
2025-07-16,13.27,13.375,13.14,13.36,230636.0
2025-07-17,13.38,13.485,13.35,13.45,340284.0
2025-07-18,13.49,13.5061,13.24,13.25,285051.0
2025-07-21,13.3,13.35,13.06,13.11,387446.0
2025-07-22,13.1,13.22,13.071,13.19,202477.0
2025-07-23,13.07,13.26,13.07,13.19,324006.0
2025-07-24,13.16,13.2,13.0,13.03,356697.0
2025-07-25,13.04,13.09,12.965,13.03,410112.0
2025-07-28,13.04,13.085,12.905,12.91,289146.0
2025-07-29,12.91,12.94,12.69,12.8,524479.0
2025-07-30,12.82,12.9,12.585,12.66,352280.0
2025-07-31,12.63,12.79,12.565,12.6,257494.0
2025-08-01,12.5,12.56,12.255,12.35,361823.0
2025-08-04,12.38,12.47,12.295,12.35,292263.0
2025-08-05,12.35,12.64,12.2,12.55,496307.0
2025-08-06,12.54,12.72,12.54,12.64,320748.0
2025-08-07,12.74,12.74,12.45,12.46,279062.0
2025-08-08,12.5,12.665,12.5,12.59,383737.0
2025-08-11,12.61,12.7,12.46,12.62,442845.0
2025-08-12,13.02,13.11,12.73,13.06,576418.0
2025-08-13,13.08,13.1999,12.935,13.15,413254.0
2025-08-14,13.06,13.15,13.03,13.03,268779.0
2025-08-15,13.01,13.08,12.87,12.87,372310.0
2025-08-18,12.85,13.0,12.85,12.99,304496.0
2025-08-19,13.02,13.1,12.98,13.0,370037.0
2025-08-20,13.02,13.04,12.885,12.96,346265.0
2025-08-21,12.91,12.9999,12.91,12.94,278740.0
2025-08-22,13.0,13.19,12.99,13.13,416879.0
2025-08-25,13.12,13.1614,13.01,13.03,273074.0
2025-08-26,13.0,13.12,12.99,13.12,212501.0
2025-08-27,13.07,13.34,13.07,13.31,322314.0
2025-08-28,13.32,13.33,13.15,13.21,291712.0
2025-08-29,13.23,13.27,13.155,13.22,236406.0
2025-09-02,13.18,13.2074,12.98,13.07,323400.0
2025-09-03,13.04,13.1045,12.922,12.96,387844.0
2025-09-04,13.0,13.08,12.87,13.08,366127.0
2025-09-05,13.1,13.19,12.93,13.03,493627.0
2025-09-08,13.11,13.11,12.83,12.96,981947.0
2025-09-09,12.59,12.6,12.405,12.47,581287.0
2025-09-10,12.47,12.55,12.4204,12.49,478231.0
2025-09-11,12.46,12.595,12.44,12.58,433828.0
2025-09-12,12.57,12.6283,12.46,12.47,369157.0
2025-09-15,12.49,12.5,12.18,12.24,496372.0
2025-09-16,12.24,12.29,12.055,12.13,496650.0
2025-09-17,12.13,12.31,12.09,12.1,349224.0
2025-09-18,12.13,12.295,12.095,12.29,297488.0
2025-09-19,12.3,12.425,12.25,12.37,769076.0
2025-09-22,12.37,12.37,12.165,12.19,445623.0
2025-09-23,12.17,12.29,12.08,12.08,377748.0
2025-09-24,12.09,12.22,11.92,12.06,705808.0
2025-09-25,12.04,12.26,12.02,12.14,1016446.0
2025-09-26,12.13,12.25,12.04,12.05,563357.0
2025-09-29,12.07,12.15,11.88,11.96,637067.0
2025-09-30,11.95,12.14,11.875,11.99,552947.0
2025-10-01,11.89,11.9,11.755,11.82,482097.0
2025-10-02,11.79,12.0,11.735,11.96,316787.0
2025-10-03,11.94,12.02,11.7755,11.81,437651.0
2025-10-06,11.81,11.92,11.675,11.71,597966.0
2025-10-07,11.88,11.88,11.6,11.72,728865.0
2025-10-08,11.69,11.82,11.6601,11.72,356714.0
2025-10-09,11.7,11.76,11.45,11.55,605091.0
2025-10-10,11.55,11.58,11.33,11.46,546828.0
2025-10-13,11.5,11.725,11.48,11.7,518194.0
2025-10-14,11.62,11.8656,11.62,11.85,348040.0
2025-10-15,11.9,11.97,11.71,11.8,511536.0
2025-10-16,11.78,11.905,11.49,11.53,502167.0
2025-10-17,11.57,11.725,11.52,11.68,747762.0
2025-10-20,11.75,11.77,11.6201,11.74,352693.0
2025-10-21,11.66,11.94,11.6101,11.9,289967.0
2025-10-22,11.93,11.98,11.84,11.93,378659.0
2025-10-23,11.93,12.09,11.9175,12.08,323220.0
2025-10-24,12.13,12.22,12.0837,12.2,301351.0
2025-10-27,12.21,12.4,12.2,12.4,541141.0
2025-10-28,12.38,12.465,12.38,12.4,418335.0
2025-10-29,12.21,12.5,12.21,12.25,507980.0
2025-10-30,12.25,12.2624,11.95,12.09,445244.0
2025-10-31,12.09,12.245,11.9759,12.14,344617.0
2025-11-03,12.12,12.2,12.0,12.19,284109.0
2025-11-04,12.13,12.2003,11.995,12.16,632037.0
2025-11-05,12.16,12.29,12.06,12.24,430740.0
2025-11-06,12.18,12.34,12.06,12.12,351014.0
2025-11-07,12.3,12.3178,11.855,12.03,605234.0
2025-11-10,11.77,11.99,11.77,11.89,986039.0
2025-11-11,11.9,12.11,11.9,12.04,698798.0
2025-11-12,12.06,12.13,11.875,12.02,542179.0
2025-11-13,12.02,12.14,11.885,11.91,527832.0
2025-11-14,11.85,11.99,11.8,11.97,558300.0
2025-11-17,11.92,11.95,11.46,11.46,822802.0
2025-11-18,11.42,11.58,11.39,11.53,768486.0
2025-11-19,11.56,11.7,11.495,11.52,660501.0
2025-11-20,11.6,11.73,11.5,11.54,498667.0
2025-11-21,11.85,11.8956,11.53,11.83,650331.0
2025-11-24,11.8,11.9421,11.77,11.88,420041.0
2025-11-25,11.87,12.02,11.835,12.01,368102.0
2025-11-26,12.01,12.18,12.01,12.11,328409.0
2025-11-28,12.17,12.23,12.15,12.2,205629.0
2025-12-01,12.15,12.24,12.115,12.12,363525.0
2025-12-02,12.12,12.198,12.06,12.1,308110.0
2025-12-03,12.14,12.23,12.1,12.21,432232.0
2025-12-04,12.24,12.29,12.17,12.24,696690.0
2025-12-05,12.22,12.335,12.21,12.26,794205.0
2025-12-08,12.3,12.3,12.15,12.16,1198706.0
2025-12-09,11.85,11.97,11.79,11.94,1092602.0
2025-12-10,11.93,12.02,11.82,11.93,674467.0
2025-12-11,11.97,11.97,11.8,11.8,596260.0
2025-12-12,11.84,11.97,11.802,11.92,866520.0
2025-12-15,11.94,11.95,11.71,11.81,829722.0
2025-12-16,11.79,11.89,11.78,11.8,626947.0
2025-12-17,11.77,11.88,11.68,11.68,1029444.0
2025-12-18,11.68,11.73,11.545,11.64,871007.0
2025-12-19,11.67,11.695,11.425,11.47,1596764.0
2025-12-22,11.46,11.5892,11.44,11.56,866802.0
2025-12-23,11.57,11.67,11.365,11.39,1273071.0
2025-12-24,11.37,11.46,11.34,11.43,496247.0
2025-12-26,11.42,11.53,11.42,11.48,581093.0
2025-12-29,11.44,11.57,11.425,11.44,948779.0
2025-12-30,11.44,11.515,11.415,11.46,1010532.0
2025-12-31,11.46,11.51,11.405,11.44,826905.0
2026-01-02,11.48,11.58,11.31,11.46,515277.0
2026-01-05,11.46,11.76,11.45,11.69,493420.0
2026-01-06,11.64,11.65,11.485,11.58,428076.0
2026-01-07,11.41,11.53,11.04,11.06,1031140.0
2026-01-08,11.05,11.51,11.05,11.43,1011398.0
2026-01-09,11.6,11.65,11.46,11.47,774486.0
2026-01-12,11.41,11.44,11.31,11.36,419424.0
2026-01-13,11.36,11.4,11.23,11.23,470122.0
2026-01-14,11.23,11.53,11.17,11.49,642383.0
2026-01-15,11.52,11.805,11.47,11.74,838067.0
2026-01-16,11.71,11.744,11.57,11.57,519530.0
2026-01-20,11.5,11.5,11.32,11.4,611736.0
2026-01-21,11.4,11.63,11.4,11.6,493634.0
2026-01-22,11.62,11.71,11.56,11.56,479301.0
2026-01-23,11.52,11.56,11.4,11.45,482158.0
2026-01-26,11.38,11.41,11.1,11.27,836330.0
2026-01-27,11.23,11.44,11.175,11.25,664041.0
2026-01-28,11.23,11.3645,11.125,11.14,474865
2026-01-29,11.16,11.2,11.06,11.18,453664
2026-01-30,11.21,11.25,11.04,11.19,393099
2026-02-02,11.19,11.19,10.9566,11.08,646456
2026-02-03,11.05,11.06,10.8,10.92,716863
2026-02-04,10.94,11.28,10.91,11.28,1279044
2026-02-05,11.22,11.325,11.0888,11.26,978912
2026-02-06,11.295,11.37,11.225,11.31,907216
2026-02-09,11.25,11.445,11.19,11.42,700288
2026-02-10,11.45,11.61,11.37,11.61,597638
2026-02-11,11.61,11.63,11.35,11.43,522217
2026-02-12,11.45,11.605,11.21,11.25,547726
2026-02-13,11.25,11.265,11.07,11.11,775842
2026-02-17,11.15,11.33,11.015,11.08,829175
2026-02-18,11.12,11.3,11.04,11.22,460958
2026-02-19,11.22,11.22,10.935,11.09,530346
2026-02-20,11.04,11.16,10.89,11.14,682637
2026-02-23,11.1,11.21,10.84,10.85,1044017
2026-02-24,10.82,10.96,10.72,10.745,1128531
2026-02-25,10.77,10.96,10.63,10.93,1197422
2026-02-26,10.95,10.95,10.48,10.53,1931123
2026-02-27,10.42,10.53,9.615,9.69,3733683
2026-03-02,9.57,10.265,9.48,10.13,1868266
2026-03-03,10.02,10.515,9.978,10.43,1513633
2026-03-04,10.45,10.75,10.34,10.66,1233733
2026-03-05,10.66,10.84,10.505,10.54,700
2026-03-06,10.42,10.5,10.34,10.395,1226011
